-- MySQL dump 10.13  Distrib 5.6.25, for Win32 (x86)
--
-- Host: localhost    Database: superprecios
-- ------------------------------------------------------
-- Server version	5.6.25

/*!40101 SET @OLD_CHARACTER_SET_CLIENT=@@CHARACTER_SET_CLIENT */;
/*!40101 SET @OLD_CHARACTER_SET_RESULTS=@@CHARACTER_SET_RESULTS */;
/*!40101 SET @OLD_COLLATION_CONNECTION=@@COLLATION_CONNECTION */;
/*!40101 SET NAMES utf8 */;
/*!40103 SET @OLD_TIME_ZONE=@@TIME_ZONE */;
/*!40103 SET TIME_ZONE='+00:00' */;
/*!40014 SET @OLD_UNIQUE_CHECKS=@@UNIQUE_CHECKS, UNIQUE_CHECKS=0 */;
/*!40014 SET @OLD_FOREIGN_KEY_CHECKS=@@FOREIGN_KEY_CHECKS, FOREIGN_KEY_CHECKS=0 */;
/*!40101 SET @OLD_SQL_MODE=@@SQL_MODE, SQL_MODE='NO_AUTO_VALUE_ON_ZERO' */;
/*!40111 SET @OLD_SQL_NOTES=@@SQL_NOTES, SQL_NOTES=0 */;

--
-- Table structure for table `categoria`
--

DROP TABLE IF EXISTS `categoria`;
/*!40101 SET @saved_cs_client     = @@character_set_client */;
/*!40101 SET character_set_client = utf8 */;
CREATE TABLE `categoria` (
  `idCategoria` int(11) NOT NULL AUTO_INCREMENT,
  `Nombre` varchar(45) CHARACTER SET latin1 DEFAULT NULL,
  `fec_reg` date DEFAULT NULL,
  `Estado` char(1) CHARACTER SET latin1 DEFAULT 'T',
  PRIMARY KEY (`idCategoria`),
  UNIQUE KEY `Nombre_UNIQUE` (`Nombre`)
) ENGINE=InnoDB AUTO_INCREMENT=113 DEFAULT CHARSET=utf8 COLLATE=utf8_unicode_ci;
/*!40101 SET character_set_client = @saved_cs_client */;

--
-- Dumping data for table `categoria`
--

LOCK TABLES `categoria` WRITE;
/*!40000 ALTER TABLE `categoria` DISABLE KEYS */;
INSERT INTO `categoria` VALUES (1,'PAÑALES DESECHABLES','2016-03-05','T'),(2,'PASTA DE FIDEOS','2016-03-05','T'),(3,'CEREALES','2016-03-05','T'),(4,'ACEITES','2016-03-05','T'),(5,'SOPAS','2016-03-05','T'),(6,'SALSA DE TOMATE','2016-03-05','T'),(7,'CHILES','2016-03-05','T'),(8,'MARGARINAS','2016-03-05','T'),(10,'SALSA PICANTE','2016-03-05','T'),(11,'VINAGRES','2016-03-05','T'),(12,'JUGOS DE VEGETAL','2016-03-05','T'),(13,'JUGOS DE FRUTA','2016-03-05','T'),(14,'AGUA PURA','2016-03-05','T'),(15,'GALLETAS','2016-03-05','T'),(16,'MALVAVISCOS','2016-03-05','T'),(17,'SOPA VASO','2016-03-05','T'),(18,'DETERGENTES POLVO','2016-03-05','T'),(19,'CLOROS','2016-03-05','T'),(20,'JABONES','2016-03-05','T'),(21,'LECHES LIQUIDAS','2016-03-05','T'),(22,'LECHE EN POLVO','2016-03-05','T'),(23,'PAPEL DE BAÑO','2016-03-05','T'),(24,'DESECHABLES','2016-03-05','T'),(25,'FRESCO','2016-03-05','T'),(26,'GASEOSA','2016-03-05','T'),(27,'SAL','2016-03-05','T'),(28,'AZUCAR','2016-03-05','T'),(29,'ARROZ','2016-03-05','T'),(30,'FRIJOL','2016-03-05','T'),(31,'PROTEMAS','2016-03-05','T'),(32,'CAFE','2016-03-05','T'),(33,'LECHE CONDENSADA','2016-03-05','T'),(34,'ENLATADOS','2016-03-06','T'),(35,'SOBRES','2016-03-06','T'),(36,'CREMAS','2016-03-06','T'),(37,'VINAGRE','2016-03-06','T'),(38,'SALSA INGLESA','2016-03-06','T'),(39,'SALSA SOYA','2016-03-06','T'),(40,'KETCHUP','2016-03-06','T'),(41,'ROSTIZADOR','2016-03-06','T'),(42,'SABORIN','2016-03-06','T'),(47,'CONSOME','2016-03-06','T'),(48,'DOS LIBRAS','2016-03-06','T'),(49,'LIBRA Y MEDIA','2016-03-06','T'),(50,'COMPOTAS','2016-03-06','T'),(51,'FOSFOROS','2016-03-06','T'),(52,'MERMELADAS','2016-03-06','T'),(53,'ATOLES','2016-03-06','T'),(55,'CHICLES','2016-03-06','T'),(56,'BOMBONES','2016-03-06','T'),(57,'DULCES','2016-03-06','T'),(58,'ACEITE PARA CABELLO','2016-03-07','T'),(59,'CREMA','2016-03-07','T'),(60,'GELATINA PARA CABELLO','2016-03-07','T'),(61,'CONDIMENTOS','2016-03-07','T'),(62,'TOALLAS HUMEDAS','2016-03-07','T'),(63,'SUAVITEL','2016-03-07','T'),(64,'DESINFECTANTE','2016-03-07','T'),(66,'CARNES','2016-03-07','T'),(67,'ESENCIAS','2016-03-07','T'),(68,'HORCHATA','2016-03-07','T'),(69,'PALOS','2016-03-07','T'),(70,'CHOCOLATES','2016-03-07','T'),(71,'GELATINAS','2016-03-07','T'),(72,'JOBY','2016-03-07','T'),(73,'ADEREZO','2016-03-07','T'),(74,'MAYONESA','2016-03-07','T'),(75,'SALSA DULCE','2016-03-07','T'),(76,'SHAMPOO','2016-03-07','T'),(77,'LUSTRADOR','2016-03-07','T'),(78,'AGUA OXIGENADA','2016-03-07','T'),(79,'ALCOHOL','2016-03-07','T'),(80,'CANELA','2016-03-07','T'),(81,'SASONADOR','2016-03-07','T'),(82,'QUITA ESMALTE','2016-03-07','T'),(83,'TOALLA FEMENINA','2016-03-07','T'),(84,'KIT CEPILLO','2016-03-07','T'),(85,'CEPILLO','2016-03-07','T'),(86,'PASTA DENTAL','2016-03-07','T'),(87,'CARBON','2016-03-07','T'),(88,'CAL','2016-03-07','T'),(92,'DESODORANTE','2016-03-07','T'),(93,'BATERIAS','2016-03-07','T'),(94,'BEBIDA','2016-03-07','T'),(95,'BOLSAS','2016-03-07','T'),(96,'CERA','2016-03-07','T'),(97,'CHICLE','2016-03-07','T'),(98,'MOLE','2016-03-07','T'),(99,'HUEVOS','2016-03-08','T'),(100,'AGUA','2016-03-08','T'),(101,'REFRESCOS','2016-03-08','T'),(102,'CERVEZA','2016-03-08','T'),(103,'BEBIDAS DE LECHE','2016-03-09','T'),(104,'BEBIDA ENERGIZANTE','2016-03-09','T'),(105,'GOLOSINAS','2016-03-09','T'),(106,'BOQUITAS','2016-03-09','T'),(107,'SERVILLETAS','2016-03-11','T'),(108,'ESPIRALES PARA ZANCUDO','2016-03-11','T'),(109,'EMBUTIDO','2016-03-11','T'),(110,'YOGURT','2016-03-12','T'),(111,'QUESO CREMA','2016-03-12','T'),(112,'QUESO','2016-03-12','T');
/*!40000 ALTER TABLE `categoria` ENABLE KEYS */;
UNLOCK TABLES;

--
-- Table structure for table `clientes`
--

DROP TABLE IF EXISTS `clientes`;
/*!40101 SET @saved_cs_client     = @@character_set_client */;
/*!40101 SET character_set_client = utf8 */;
CREATE TABLE `clientes` (
  `idClientes` int(11) NOT NULL AUTO_INCREMENT,
  `nombre` varchar(150) CHARACTER SET latin1 DEFAULT NULL,
  `direccion` varchar(200) CHARACTER SET latin1 DEFAULT NULL,
  `correo` varchar(80) CHARACTER SET latin1 DEFAULT NULL,
  `nit` varchar(16) CHARACTER SET latin1 DEFAULT NULL,
  `telefono` varchar(14) CHARACTER SET latin1 DEFAULT NULL,
  `Estado` char(1) CHARACTER SET latin1 DEFAULT 'T',
  `fec_reg` date DEFAULT NULL,
  `lim_cred` double DEFAULT NULL,
  PRIMARY KEY (`idClientes`),
  UNIQUE KEY `nit_UNIQUE` (`nit`)
) ENGINE=InnoDB AUTO_INCREMENT=20 DEFAULT CHARSET=utf8 COLLATE=utf8_unicode_ci;
/*!40101 SET character_set_client = @saved_cs_client */;

--
-- Dumping data for table `clientes`
--

LOCK TABLES `clientes` WRITE;
/*!40000 ALTER TABLE `clientes` DISABLE KEYS */;
INSERT INTO `clientes` VALUES (1,'CONSUMIDOR FINAL','CIUDAD',NULL,'C/F','','T','2016-03-08',NULL),(2,'DIANA CORZO','CIUDAD',NULL,'3908245-8','','T','2016-03-09',NULL),(3,'VILMA CASTANEDA','CIUDAD',NULL,'2853062-4','','T','2016-03-10',NULL),(9,'SINDY OVANDO','CIUDAD',NULL,NULL,'','T','2016-03-10',NULL),(10,'GERVIN RODRIGUEZ','CIUDAD',NULL,'5059560-1','','T','2016-03-11',NULL),(11,'GLORIA COTA','CHAMPERICO',NULL,'4037536-6','','T','2016-03-11',NULL),(12,'REINA GARCIA','CHAMPERICO',NULL,'3183067-6','','T','2016-03-11',NULL),(13,'YANUARIO FELICIANO ROBLES','CHAMPERICO',NULL,'1554998-4','','T','2016-03-12',NULL),(14,'PABLO ESCOBAR','CIUDAD',NULL,'4732481-3','','T','2016-03-12',NULL),(15,'FLOR DE MARIA SANDOVAL','CHAMPERICO',NULL,'3838375-6','','T','2016-03-13',NULL),(16,'MARNEY SERRANO','CHAMPERICO',NULL,'8495147-8','','T','2016-03-13',NULL),(17,'ERICK GUINAC','CHAMPERICO',NULL,'6670898-2','','T','2016-03-13',NULL),(18,'BANCO AZTECA DE GUATEMALA S.A.','CIUDAD',NULL,'5074333-3','','T','2016-03-13',NULL),(19,'Gustavo','Ciudad',NULL,'63321022','','T','2016-08-24',NULL);
/*!40000 ALTER TABLE `clientes` ENABLE KEYS */;
UNLOCK TABLES;

--
-- Table structure for table `compra`
--

DROP TABLE IF EXISTS `compra`;
/*!40101 SET @saved_cs_client     = @@character_set_client */;
/*!40101 SET character_set_client = utf8 */;
CREATE TABLE `compra` (
  `idcompra` int(11) NOT NULL AUTO_INCREMENT,
  `numdoc` varchar(45) CHARACTER SET latin1 DEFAULT NULL,
  `fecha` date DEFAULT NULL,
  `proveedor_idproveedor` int(11) NOT NULL,
  `total` float DEFAULT NULL,
  `saldo` float DEFAULT NULL,
  `status` char(1) CHARACTER SET latin1 DEFAULT NULL,
  `descuento` float DEFAULT NULL,
  `idtipopago` int(11) NOT NULL,
  `nserie` varchar(45) CHARACTER SET latin1 DEFAULT NULL,
  `usuario_idusuario` int(11) NOT NULL,
  `fechapago` date DEFAULT NULL,
  PRIMARY KEY (`idcompra`,`idtipopago`,`usuario_idusuario`,`proveedor_idproveedor`),
  KEY `fk_compra_proveedor1` (`proveedor_idproveedor`),
  KEY `fk_compra_tipopago1_idx` (`idtipopago`),
  KEY `fk_compra_usuario1_idx` (`usuario_idusuario`),
  CONSTRAINT `fk_compra_proveedor1` FOREIGN KEY (`proveedor_idproveedor`) REFERENCES `proveedor` (`idproveedor`) ON DELETE NO ACTION ON UPDATE NO ACTION,
  CONSTRAINT `fk_compra_tipopago1` FOREIGN KEY (`idtipopago`) REFERENCES `tipopago` (`idtipopago`) ON DELETE NO ACTION ON UPDATE NO ACTION,
  CONSTRAINT `fk_compra_usuario1` FOREIGN KEY (`usuario_idusuario`) REFERENCES `usuario` (`idusuario`) ON DELETE NO ACTION ON UPDATE NO ACTION
) ENGINE=InnoDB AUTO_INCREMENT=103 DEFAULT CHARSET=utf8 COLLATE=utf8_unicode_ci;
/*!40101 SET character_set_client = @saved_cs_client */;

--
-- Dumping data for table `compra`
--

LOCK TABLES `compra` WRITE;
/*!40000 ALTER TABLE `compra` DISABLE KEYS */;
INSERT INTO `compra` VALUES (1,'1','2016-02-24',2,129.96,0,'F',NULL,1,'01',9,'2016-02-24'),(2,'2','2016-02-24',2,110,0,'F',NULL,1,'02',9,'2016-02-24'),(3,'3','2016-02-24',2,200,0,'F',NULL,1,'03',9,'2016-02-24'),(4,'4','2016-02-24',2,210,0,'F',NULL,1,'04',9,'2016-02-24'),(5,'5','2016-02-24',2,109.8,0,'F',NULL,1,'05',9,'2016-02-24'),(6,'6','2016-02-24',2,186,0,'F',NULL,1,'06',9,'2016-02-24'),(7,'7','2016-02-24',2,111.6,0,'F',NULL,1,'07',9,'2016-02-24'),(8,'8','2016-02-24',2,148.8,0,'F',NULL,1,'08',9,'2016-02-24'),(9,'9','2016-02-24',2,93,0,'F',NULL,1,'09',9,'2016-02-24'),(10,'10','2016-02-24',2,148.8,0,'F',NULL,1,'10',9,'2016-02-24'),(11,'11','2016-02-24',2,195,0,'F',NULL,1,'11',9,'2016-02-24'),(12,'12','2016-02-24',2,190,0,'F',NULL,1,'12',9,'2016-02-24'),(13,'13','2016-02-24',2,570,0,'F',NULL,1,'13',9,'2016-02-24'),(14,'14','2016-02-24',2,22921,0,'F',NULL,1,'14',9,'2016-02-24'),(15,'15','2016-02-24',2,190,0,'F',NULL,1,'15',9,'2016-02-24'),(16,'16','2016-02-24',2,729.96,0,'F',NULL,1,'16',9,'2016-02-24'),(17,'16','2016-02-24',2,198,0,'F',NULL,1,'16',10,'2016-02-24'),(18,'17','2016-02-24',2,1260,0,'F',NULL,1,'17',10,'2016-02-24'),(19,'18','2016-02-24',2,59923.6,0,'F',NULL,1,'18',9,'2016-02-24'),(20,'19','2016-03-02',2,2033.52,0,'F',NULL,1,'19',9,'2016-03-02'),(21,'20','2016-03-02',2,464.08,0,'F',NULL,1,'20',9,'2016-03-02'),(22,'21','2016-03-02',2,1757.55,0,'F',NULL,1,'21',9,'2016-03-02'),(23,'22','2016-03-02',2,150,0,'F',NULL,1,'22',9,'2016-03-02'),(24,'22','2016-03-02',2,254.4,0,'F',NULL,1,'22',9,'2016-03-02'),(25,'23','2016-03-02',2,244,0,'F',NULL,1,'23',9,'2016-03-02'),(26,'25','2016-03-02',2,3965.76,0,'F',NULL,1,'25',9,'2016-03-02'),(27,'26','2016-03-02',2,26560.6,0,'F',NULL,1,'26',9,'2016-03-02'),(28,'27','2016-03-02',2,209.76,0,'F',NULL,1,'27',9,'2016-03-02'),(29,'28','2016-03-02',2,171,0,'F',NULL,1,'28',9,'2016-03-02'),(30,'29','2016-03-02',2,290.4,0,'F',NULL,1,'29',10,'2016-03-02'),(31,'24','2016-03-02',2,59.2,0,'F',NULL,1,'24',10,'2016-03-02'),(32,'29','2016-03-02',2,1327.4,0,'F',NULL,1,'29',10,'2016-03-02'),(33,'30','2016-03-02',2,619.5,0,'F',NULL,1,'30',10,'2016-03-02'),(34,'30','2016-03-02',2,1042.2,0,'F',NULL,1,'30',10,'2016-03-02'),(35,'31','2016-03-02',2,149.38,0,'F',NULL,1,'31',10,'2016-03-02'),(36,'32','2016-03-02',2,795.5,0,'F',NULL,1,'32',10,'2016-03-02'),(37,'32','2016-03-02',2,230,0,'F',NULL,1,'32',10,'2016-03-02'),(38,'32','2016-03-02',2,230,0,'F',NULL,1,'32',10,'2016-03-02'),(39,'33','2016-03-02',2,230,0,'F',NULL,1,'33',10,'2016-03-02'),(40,'35','2016-03-02',2,2319,0,'F',NULL,1,'35',10,'2016-03-02'),(41,'34','2016-03-02',3,2376,0,'F',NULL,1,'34',9,'2016-03-02'),(42,'35','2016-03-02',3,2299.66,0,'F',NULL,1,'35',9,'2016-03-02'),(43,'35','2016-03-08',2,1899.2,0,'F',NULL,1,'35',9,'2016-03-08'),(44,'36','2016-03-08',2,4826.74,0,'F',NULL,1,'36',9,'2016-03-08'),(45,'37','2016-03-08',2,189,0,'F',NULL,1,'37',9,'2016-03-08'),(46,'37','2016-02-24',2,99,0,'F',NULL,1,'37',10,'2016-02-24'),(47,'37','2016-03-08',2,5247.36,0,'F',NULL,1,'37',10,'2016-03-08'),(48,'','2016-03-04',3,2525,0,'F',NULL,1,'',10,'2016-03-04'),(49,'38','2016-03-04',3,260,0,'F',NULL,1,'38',10,'2016-03-04'),(50,'38','2016-03-08',2,1422,0,'F',NULL,1,'38',10,'2016-03-08'),(51,'','2016-03-03',2,120,0,'F',NULL,1,'',10,'2016-03-03'),(52,'37','2016-03-03',2,126,0,'F',NULL,1,'37',10,'2016-03-03'),(53,'38','2016-03-10',6,75,0,'F',NULL,1,'38',10,'2016-03-10'),(54,'39','2016-03-08',2,195.12,0,'F',NULL,1,'39',10,'2016-03-08'),(55,'40','2016-03-08',2,87,0,'F',NULL,1,'40',10,'2016-03-08'),(56,'41','2016-03-08',2,65,0,'F',NULL,1,'41',10,'2016-03-08'),(57,'42','2016-03-10',6,50,0,'F',NULL,1,'42',10,'2016-03-10'),(58,'43','2016-03-10',6,45,0,'F',NULL,1,'43',10,'2016-03-10'),(59,'43','2016-03-10',6,72,0,'F',NULL,1,'43',10,'2016-03-10'),(60,'44','2016-03-10',6,24,0,'F',NULL,1,'44',10,'2016-03-10'),(61,'45','2016-03-10',7,1106.58,0,'F',NULL,1,'45',10,'2016-03-10'),(62,'45','2016-03-10',5,604.07,0,'F',NULL,1,'45',10,'2016-03-10'),(63,'46','2016-03-10',6,99.56,0,'F',NULL,1,'46',10,'2016-03-10'),(64,'46','2016-03-08',2,180,0,'F',NULL,1,'46',10,'2016-03-08'),(65,'49','2016-03-11',2,1514.4,0,'F',NULL,1,'49',10,'2016-03-11'),(66,'53','2016-03-11',2,2061.48,0,'F',NULL,1,'53',10,'2016-03-11'),(67,'46','2016-03-11',2,3000.42,0,'F',NULL,1,'46',10,'2016-03-11'),(68,'49','2016-03-11',2,338.98,0,'F',NULL,1,'49',10,'2016-03-11'),(69,'50','2016-03-11',2,225,0,'F',NULL,1,'50',10,'2016-03-11'),(70,'51','2016-03-11',2,918.6,0,'F',NULL,1,'51',10,'2016-03-11'),(71,'54','2016-03-11',2,1369.35,0,'F',NULL,1,'54',10,'2016-03-11'),(72,'49','2016-03-11',2,366.7,0,'F',NULL,1,'49',10,'2016-03-11'),(73,'50','2016-03-11',8,117,0,'F',NULL,1,'50',10,'2016-03-11'),(74,'52','2016-03-11',9,950.35,0,'F',NULL,1,'52',10,'2016-03-11'),(75,'53','2016-03-11',9,38.75,0,'F',NULL,1,'53',10,'2016-03-11'),(76,'54','2016-03-12',10,445.59,0,'F',NULL,1,'54',10,'2016-03-12'),(77,'55','2016-03-11',10,110.4,0,'F',NULL,1,'55',10,'2016-03-11'),(78,'56','2016-03-12',11,604.07,0,'F',NULL,1,'56',10,'2016-03-12'),(79,'57','2016-03-12',12,393,0,'F',NULL,1,'57',10,'2016-03-12'),(80,'54','2016-03-12',2,120,0,'F',NULL,1,'54',10,'2016-03-12'),(81,'56','2016-03-12',13,210,0,'F',NULL,1,'56',10,'2016-03-12'),(82,'55','2016-03-11',8,184.8,0,'F',NULL,1,'55',10,'2016-03-11'),(83,'57','2016-03-11',8,90,0,'F',NULL,1,'57',10,'2016-03-11'),(84,'57','2016-03-08',2,81.25,0,'F',NULL,1,'57',10,'2016-03-08'),(85,'58','2016-03-12',2,504,0,'F',NULL,1,'58',10,'2016-03-12'),(86,'58','2016-03-12',2,44,0,'F',NULL,1,'58',10,'2016-03-12'),(87,'58','2016-03-12',2,259.92,0,'F',NULL,1,'58',10,'2016-03-12'),(88,'59','2016-03-12',2,75,0,'F',NULL,1,'59',10,'2016-03-12'),(89,'59','2016-03-13',2,85,0,'F',NULL,1,'59',10,'2016-03-13'),(90,'59','2016-03-13',6,20,0,'F',NULL,1,'59',10,'2016-03-13'),(91,'59','2016-03-12',2,275.72,0,'F',NULL,1,'59',10,'2016-03-12'),(92,'60','2016-03-12',2,884,0,'F',NULL,1,'60',10,'2016-03-12'),(93,'51','2016-03-12',2,144,0,'F',NULL,1,'51',10,'2016-03-12'),(94,'52','2016-03-12',2,324,0,'F',NULL,1,'52',10,'2016-03-12'),(95,'53','2016-03-12',2,409.44,0,'F',NULL,1,'53',10,'2016-03-12'),(96,'53','2016-03-12',2,17400,0,'F',NULL,1,'53',10,'2016-03-12'),(97,'54','2016-03-12',2,5851.2,0,'F',NULL,1,'54',10,'2016-03-12'),(98,'55','2016-03-12',2,522.16,0,'F',NULL,1,'55',10,'2016-03-12'),(99,'56','2016-03-12',2,1144,0,'F',NULL,1,'56',10,'2016-03-12'),(100,'56','2016-03-13',6,85.92,0,'F',NULL,1,'56',10,'2016-03-13'),(101,'57','2016-03-12',2,16.25,0,'F',NULL,1,'57',10,'2016-03-12'),(102,'','2016-08-24',5,208.3,0,'F',NULL,1,'',1,'2016-08-24');
/*!40000 ALTER TABLE `compra` ENABLE KEYS */;
UNLOCK TABLES;

--
-- Table structure for table `detalleinteres`
--

DROP TABLE IF EXISTS `detalleinteres`;
/*!40101 SET @saved_cs_client     = @@character_set_client */;
/*!40101 SET character_set_client = utf8 */;
CREATE TABLE `detalleinteres` (
  `iddetint` int(11) NOT NULL AUTO_INCREMENT,
  `salida_idsalida` int(11) NOT NULL,
  `fechadel` date DEFAULT NULL,
  `fechaal` date DEFAULT NULL,
  `montointeres` float NOT NULL,
  `saldoactual` float NOT NULL,
  `interesactual` float NOT NULL,
  `nsaldointeres` float NOT NULL,
  `fecharegistro` date DEFAULT NULL,
  `usuario_idusuario` int(11) NOT NULL,
  PRIMARY KEY (`iddetint`,`salida_idsalida`,`usuario_idusuario`)
) ENGINE=InnoDB DEFAULT CHARSET=utf8 COLLATE=utf8_unicode_ci;
/*!40101 SET character_set_client = @saved_cs_client */;

--
-- Dumping data for table `detalleinteres`
--

LOCK TABLES `detalleinteres` WRITE;
/*!40000 ALTER TABLE `detalleinteres` DISABLE KEYS */;
/*!40000 ALTER TABLE `detalleinteres` ENABLE KEYS */;
UNLOCK TABLES;

--
-- Table structure for table `detallesalida`
--

DROP TABLE IF EXISTS `detallesalida`;
/*!40101 SET @saved_cs_client     = @@character_set_client */;
/*!40101 SET character_set_client = utf8 */;
CREATE TABLE `detallesalida` (
  `iddetallesalida` int(11) NOT NULL AUTO_INCREMENT,
  `cantidad` float DEFAULT NULL,
  `precio` float NOT NULL,
  `salida_idsalida` int(11) NOT NULL,
  `lote_idlote` int(11) NOT NULL,
  `devolucion` float DEFAULT '0',
  PRIMARY KEY (`iddetallesalida`,`salida_idsalida`,`lote_idlote`),
  KEY `fk_detallesalida_salida1` (`salida_idsalida`),
  KEY `fk_detallesalida_lote1` (`lote_idlote`),
  CONSTRAINT `fk_detallesalida_lote1` FOREIGN KEY (`lote_idlote`) REFERENCES `lote` (`idlote`) ON DELETE NO ACTION ON UPDATE NO ACTION,
  CONSTRAINT `fk_detallesalida_salida1` FOREIGN KEY (`salida_idsalida`) REFERENCES `salida` (`idsalida`) ON DELETE NO ACTION ON UPDATE NO ACTION
) ENGINE=InnoDB AUTO_INCREMENT=3114 DEFAULT CHARSET=utf8 COLLATE=utf8_unicode_ci;
/*!40101 SET character_set_client = @saved_cs_client */;

--
-- Dumping data for table `detallesalida`
--

LOCK TABLES `detallesalida` WRITE;
/*!40000 ALTER TABLE `detallesalida` DISABLE KEYS */;
INSERT INTO `detallesalida` VALUES (1,2,6.5,1,144,0),(2,1,120,2,357,0),(3,6,2.5,3,13,0),(4,1,8,4,171,0),(5,1,5,5,58,0),(6,1,17.25,6,82,0),(7,1,9.75,7,107,0),(8,1,2,8,311,0),(9,1,3,8,296,0),(10,1,2,8,304,0),(11,1,18,8,237,0),(12,1,3,8,224,0),(13,1,9.5,8,422,0),(14,2,2.25,8,222,0),(15,2,2.3,9,41,0),(16,1,2.75,9,142,0),(17,1,5.5,10,112,0),(18,11,2.9,10,140,0),(19,1,43.5,11,146,0),(20,1,9.75,12,107,0),(21,1,9.75,13,107,0),(22,2,3.75,13,380,0),(23,1,7.5,13,369,0),(24,1,6.75,14,375,0),(25,1,3,15,224,0),(26,1,4,15,185,0),(27,1,19.5,16,365,0),(28,1,6.5,16,30,0),(29,1,3.35,16,143,0),(30,1,3,16,224,0),(31,1,4.5,16,94,0),(32,1,3.75,16,380,0),(33,1,7,17,354,0),(34,1,4,18,39,0),(35,1,10,18,310,0),(36,3,3.75,18,380,0),(37,2,1.9,19,192,0),(38,2,3.75,19,380,0),(39,2,2.3,20,41,0),(40,1,8,20,171,0),(41,1,2,20,311,0),(42,2,3.75,20,380,0),(43,1,3.5,21,179,0),(44,1,3,22,120,0),(45,1,7,22,428,0),(46,1,17.25,23,79,0),(47,2,3.75,23,380,0),(48,1,2.9,23,140,0),(49,1,9.5,24,235,0),(50,1,4,24,189,0),(51,2,8,24,382,0),(52,1,5.75,25,382,0),(53,1,5.75,25,103,0),(54,1,6.25,26,33,0),(55,1,9.75,26,107,0),(56,1,3.35,26,143,0),(57,1,3,27,224,0),(58,1,8.5,28,261,0),(59,2,2.9,28,44,0),(60,2,2.9,28,362,0),(61,1,7,29,354,0),(62,1,5.5,30,112,0),(63,1,4.5,30,243,0),(64,2,4.5,30,3,0),(65,2,3.75,31,380,0),(66,1,8,31,382,0),(67,1,10,32,391,0),(68,8,3.75,33,380,0),(69,1,15.5,33,135,0),(70,1,9.5,33,235,0),(71,4,2,33,304,0),(72,5,3,33,296,0),(73,1,19.5,33,389,0),(74,1,19.5,33,390,0),(75,1,19.5,33,255,0),(76,1,19.5,33,388,0),(77,1,13.5,33,314,0),(78,1,13.5,33,313,0),(79,1,9.5,34,55,0),(80,1,12.5,34,74,0),(81,1,7,34,353,0),(82,1,3,34,224,0),(83,1,5.75,34,103,0),(84,1,11,34,98,0),(85,1,7,34,173,0),(86,3,4,34,392,0),(87,4,3.75,34,380,0),(88,5,2.9,34,140,0),(89,1,9.75,34,108,0),(90,1,9,34,230,0),(91,3,2.75,34,142,0),(92,1,4,34,189,0),(93,1,15,34,402,0),(94,1,3.25,34,36,0),(95,1,3.25,34,38,0),(96,1,3.25,34,37,0),(97,1,5,35,379,0),(98,1,2.5,35,12,0),(99,1,2.25,35,28,0),(100,1,2.3,35,41,0),(101,1,15,36,402,0),(102,1,28,37,262,0),(103,1,13.25,38,384,0),(104,3,2,38,61,0),(105,1,12.5,38,74,0),(106,2,3.25,39,37,0),(107,2,2.3,39,41,0),(108,2,4.5,40,154,0),(109,1,8,40,337,0),(110,1,8,40,336,0),(111,1,9.75,41,107,0),(112,1,2.9,41,140,0),(113,2,2.75,41,142,0),(114,1,7,41,113,0),(115,1,11.75,42,414,0),(116,1,5.5,43,112,0),(117,1,3.35,43,143,0),(118,1,2.9,43,140,0),(119,1,4,43,189,0),(120,1,3.5,43,160,0),(121,1,5.5,43,460,0),(122,3,2.9,43,461,0),(123,2,3,43,34,0),(124,1,3,43,385,0),(125,1,3.3,43,6,0),(126,1,3,43,296,0),(127,1,4,43,335,0),(128,1,4,44,39,0),(129,1,18.75,44,99,0),(130,1,4,44,346,0),(131,1,14.5,44,66,0),(132,1,9.75,44,107,0),(133,1,8,45,336,0),(134,1,4.5,45,368,0),(135,12,2.5,45,12,0),(136,1,5,45,437,0),(137,1,33,45,300,0),(138,3,3.75,45,380,0),(139,1,10,45,147,0),(140,1,7,46,354,0),(141,1,6.5,46,324,0),(142,1,17,47,424,0),(143,1,4,48,265,0),(144,1,8.5,48,432,0),(145,1,4.5,49,101,0),(146,1,3.75,50,380,0),(147,1,15,51,330,0),(148,1,3.35,52,143,0),(149,1,5.75,52,103,0),(150,1,2.9,52,140,0),(151,1,8.5,52,415,0),(152,2,1.9,52,198,0),(153,1,2.5,52,188,0),(154,1,15,53,402,0),(155,1,12,53,241,0),(156,1,7,53,354,0),(157,1,10,54,349,0),(158,1,7,55,321,0),(159,1,3,55,385,0),(160,2,6.5,55,144,0),(161,1,3,55,224,0),(162,1,2.9,55,140,0),(163,3,3.75,55,380,0),(164,1,3,55,277,0),(165,1,4,56,265,0),(166,1,3,56,42,0),(167,1,4,56,39,0),(168,1,9,56,260,0),(169,1,10,56,391,0),(170,1,9,57,258,0),(171,2,3.75,57,380,0),(172,4,3.35,58,143,0),(173,2,4.75,58,4,0),(174,1,5,58,459,0),(175,1,5.25,58,181,0),(176,1,15,58,206,0),(177,1,11.5,58,105,0),(178,1,55,58,356,0),(179,1,2.3,59,41,0),(180,5,2.75,59,142,0),(181,1,4,59,392,0),(182,1,3,60,296,0),(183,2,3,60,400,0),(184,1,6.5,61,144,0),(185,1,3.35,61,143,0),(186,1,8.5,62,415,0),(187,1,9.5,62,422,0),(188,2,2.5,62,15,0),(189,1,8,62,171,0),(190,4,1.9,62,203,0),(191,2,4.5,63,3,0),(192,1,3.5,63,179,0),(193,1,6.5,64,144,0),(194,1,1.9,64,191,0),(195,2,9,64,258,0),(196,1,28.5,64,259,0),(197,2,2,65,61,0),(198,1,14.5,65,75,0),(199,2,3.75,65,5,0),(200,7,2.5,65,12,0),(201,2,1.9,65,200,0),(202,2,2.5,65,11,0),(203,1,1.9,65,194,0),(204,2,4.5,65,154,0),(205,1,9.75,65,108,0),(206,1,5.5,65,112,0),(207,1,10.5,65,214,0),(208,1,3.5,65,316,0),(209,1,4.5,65,240,0),(210,1,6.5,65,276,0),(211,3,3,65,385,0),(212,1,9,65,258,0),(213,2,2.3,65,155,0),(214,1,3,65,385,0),(215,2,2.75,65,87,0),(216,1,9,65,175,0),(217,1,5.5,65,307,0),(218,1,12,65,278,0),(219,2,9,65,260,0),(220,1,3.75,65,312,0),(221,1,5,65,437,0),(222,1,4,65,392,0),(223,3,2.9,65,140,0),(224,8,3.75,65,380,0),(225,4,2.75,65,142,0),(226,1,3.75,65,380,0),(227,1,8,65,382,0),(228,1,4,65,393,0),(229,4,3.35,65,143,0),(230,1,12,66,278,0),(231,2,10,66,130,0),(232,1,8,66,339,0),(233,1,8,66,342,0),(234,1,8,66,341,0),(235,1,11,66,225,0),(236,1,16.5,66,275,0),(237,1,8.5,66,95,0),(238,2,8,66,382,0),(239,1,4,66,392,0),(240,1,10,66,219,0),(241,1,20.9,67,17,0),(242,1,9.75,67,108,0),(243,1,17.25,67,69,0),(244,1,8.5,67,432,0),(245,1,2.3,67,41,0),(246,2,3.35,67,143,0),(247,1,10,67,147,0),(248,1,3,67,89,0),(249,1,5,67,295,0),(250,2,1.9,67,202,0),(251,1,8.5,67,217,0),(252,2,1.5,67,377,0),(253,2,2,67,61,0),(254,1,5,67,295,0),(257,1,6.5,69,30,0),(258,1,9.75,70,108,0),(259,4,9.75,70,108,0),(260,5,2.9,70,140,0),(261,5,3.75,70,380,0),(262,12,3.35,70,143,0),(263,1,55,71,356,0),(264,2,6,72,347,0),(265,3,6.5,72,144,0),(266,2,2.9,72,140,0),(267,4,3.75,72,380,0),(268,1,4,72,189,0),(269,2,2.5,72,14,0),(270,1,3,72,224,0),(271,1,9.75,72,108,0),(272,1,10.25,72,109,0),(273,1,8.5,72,248,0),(274,1,43.5,72,146,0),(275,1,8,72,426,0),(276,1,4,73,1,0),(277,1,3.75,73,380,0),(278,1,2.9,73,140,0),(279,1,19,74,297,0),(280,1,7.5,75,369,0),(281,1,9,76,258,0),(282,1,5.5,76,186,0),(283,6,2.3,77,41,0),(284,1,9,77,230,0),(285,1,4,77,39,0),(286,1,8.5,77,95,0),(287,1,3.3,78,9,0),(288,2,2.75,78,142,0),(289,1,17.25,78,67,0),(290,1,5.5,79,112,0),(291,1,7,79,387,0),(292,1,5.5,79,460,0),(293,1,9,79,230,0),(294,1,4.5,79,101,0),(295,1,8,79,264,0),(296,1,18,79,435,0),(297,1,2.5,79,121,0),(298,5,1.5,79,88,0),(299,1,6.5,79,324,0),(300,2,1.5,79,377,0),(301,1,7,79,353,0),(302,1,7.5,79,369,0),(303,1,5.5,79,318,0),(304,2,17.25,80,85,0),(305,1,18,80,77,0),(306,4,2.5,80,431,0),(307,4,2,80,61,0),(308,1,6,80,322,0),(309,2,2.5,80,12,0),(310,5,3.75,80,380,0),(311,12,1.9,80,190,0),(312,12,2.25,80,28,0),(313,1,13.5,80,313,0),(314,1,8,80,342,0),(315,1,8,80,337,0),(316,1,8,80,339,0),(317,1,10,80,333,0),(318,1,8,80,336,0),(319,3,2.9,80,140,0),(320,1,10.25,81,109,0),(321,1,3,82,296,0),(322,1,2,82,304,0),(323,1,1.5,82,88,0),(324,1,3.75,82,380,0),(325,2,2.5,83,14,0),(326,2,1.9,84,203,0),(327,1,2.5,84,12,0),(328,1,3,84,296,0),(329,1,2.3,84,41,0),(330,1,20.9,85,17,0),(331,1,3,85,42,0),(332,4,3,85,385,0),(333,2,2.5,85,14,0),(334,1,9,85,258,0),(335,1,3.5,85,180,0),(336,1,4.25,85,182,0),(337,1,6,85,299,0),(338,1,5.5,85,112,0),(339,1,2.75,85,305,0),(340,1,6,85,322,0),(341,1,4,85,393,0),(342,1,12,85,253,0),(343,1,4.5,85,433,0),(344,1,17.25,85,82,0),(345,1,6.75,85,102,0),(346,1,24,85,463,0),(347,1,10.25,86,122,0),(348,1,5,86,168,0),(349,2,2.5,86,16,0),(350,1,24,87,463,0),(351,1,5.25,88,63,0),(352,2,3.3,89,9,0),(353,1,2.5,89,11,0),(354,1,2.75,89,142,0),(355,1,20.5,90,450,0),(356,1,9.5,90,233,0),(357,1,8.5,90,217,0),(358,2,6,90,299,0),(359,2,3.35,90,143,0),(360,1,8,90,31,0),(361,1,5,90,459,0),(362,1,11.5,90,105,0),(363,1,8,90,336,0),(364,1,3.75,90,117,0),(365,1,17.25,91,83,0),(366,2,3.75,91,380,0),(367,1,2.9,92,44,0),(368,1,11,92,474,0),(369,1,3.75,92,312,0),(370,1,2.25,92,429,0),(371,1,3.75,92,117,0),(372,1,3.5,93,126,0),(373,1,39,94,152,0),(374,1,3.25,94,38,0),(375,1,24,94,463,0),(376,1,6.5,95,144,0),(377,1,17.25,96,80,0),(378,1,24,96,463,0),(379,1,3.35,97,143,0),(380,1,2.9,97,140,0),(381,1,4,97,392,0),(382,1,4.5,97,433,0),(383,2,2.9,98,362,0),(384,1,9.25,98,228,0),(385,2,8,99,401,0),(386,1,3.35,100,143,0),(387,1,9,100,258,0),(388,2,10,101,475,0),(389,1,9,101,230,0),(390,1,14.25,102,72,0),(391,1,9.75,103,108,0),(392,4,3.35,103,143,0),(393,4,3.75,103,380,0),(394,2,2.9,103,140,0),(395,1,24,104,463,0),(402,1,9.75,106,108,0),(403,2,6.5,106,144,0),(404,4,3.75,106,380,0),(405,2,2.9,106,140,0),(406,1,24,106,463,0),(407,1,4.5,107,101,0),(408,1,3.65,107,466,0),(409,2,3,107,166,0),(410,1,6,107,348,0),(411,1,14.5,107,75,0),(412,1,6.5,107,276,0),(413,1,2.5,107,11,0),(414,2,9.75,107,108,0),(415,2,2.9,107,44,0),(416,2,3.75,107,380,0),(417,3,2.9,107,140,0),(418,1,4,107,392,0),(419,1,12,108,241,0),(420,1,9.5,108,57,0),(421,1,17.25,108,83,0),(422,3,5.5,108,318,0),(423,1,17.25,108,100,0),(424,1,19.5,109,255,0),(425,1,9.5,110,57,0),(426,1,4.5,110,94,0),(427,1,12,111,332,0),(428,1,9.5,111,57,0),(429,1,2.3,111,41,0),(430,1,39,112,152,0),(431,1,10,113,391,0),(432,1,19.5,114,388,0),(433,1,19.5,114,390,0),(434,1,3.65,114,466,0),(435,1,4.9,114,91,0),(436,1,24,114,463,0),(437,4,2.75,114,142,0),(438,6,2.75,115,142,0),(439,1,14,116,366,0),(440,1,2.75,117,142,0),(441,1,9,118,230,0),(442,2,2.75,118,142,0),(443,1,9,119,175,0),(444,1,8.5,119,95,0),(445,1,7.5,119,369,0),(446,1,8,119,364,0),(447,1,20.9,120,17,0),(448,1,9.75,121,108,0),(449,1,2.75,121,142,0),(450,1,4,122,189,0),(451,1,3.75,122,380,0),(452,4,2.3,122,41,0),(453,1,12,123,252,0),(454,1,24,124,463,0),(455,1,10.25,124,109,0),(456,1,10,124,349,0),(457,1,3,125,224,0),(458,1,9.75,125,108,0),(459,2,7,126,321,0),(460,1,9.25,126,228,0),(461,1,3.75,126,312,0),(462,1,11.5,126,105,0),(463,1,11,127,474,0),(464,1,3,127,42,0),(465,1,6.5,128,144,0),(466,1,4.9,128,91,0),(467,1,9.75,129,108,0),(468,3,1.9,129,199,0),(469,1,9,129,267,0),(470,1,4,129,335,0),(471,1,2.75,130,142,0),(472,1,8.25,131,43,0),(473,1,24,131,463,0),(474,1,2.75,132,87,0),(475,2,3.75,132,380,0),(476,1,2.9,132,140,0),(477,1,6.25,132,33,0),(478,1,3,132,400,0),(479,1,4,132,335,0),(480,1,9.75,132,108,0),(481,1,12,132,464,0),(482,1,6.5,133,106,0),(483,1,24,134,463,0),(484,3,5,135,381,0),(485,1,6.75,136,102,0),(486,1,4.5,136,94,0),(487,1,3.5,136,60,0),(488,1,3.5,136,60,0),(489,1,17.25,136,79,0),(490,1,3,136,224,0),(491,1,6.5,136,323,0),(492,3,1.5,136,88,0),(493,1,8,136,453,0),(494,1,9.25,136,228,0),(495,1,11,136,207,0),(496,3,3.75,136,380,0),(497,2,2.9,136,140,0),(498,2,2.3,136,155,0),(499,1,11.5,136,105,0),(500,2,6.5,136,144,0),(501,2,1.9,136,190,0),(502,1,10,136,147,0),(503,1,6.75,136,374,0),(504,1,7.5,136,373,0),(505,1,6,137,328,0),(506,1,28,137,262,0),(507,1,3.25,137,37,0),(508,1,3.25,138,38,0),(509,3,1.9,138,201,0),(510,1,5,138,476,0),(511,1,21.5,139,53,0),(512,1,13.5,139,313,0),(513,1,5.9,139,90,0),(514,3,1.5,139,377,0),(515,1,4,139,350,0),(516,1,24,140,463,0),(517,1,9.75,141,279,0),(518,3,2.75,141,142,0),(519,3,2.9,142,44,0),(520,2,2.3,142,155,0),(521,3,3,142,166,0),(522,2,6,142,210,0),(523,2,3.75,142,380,0),(524,4,2.75,142,142,0),(525,1,2.5,142,14,0),(526,1,11.5,142,105,0),(527,1,3,142,224,0),(528,1,7,142,354,0),(529,2,1.5,142,88,0),(530,1,6,142,322,0),(531,1,12.5,142,74,0),(532,1,2.75,142,87,0),(533,2,3.65,142,466,0),(534,1,24,142,463,0),(535,1,9.5,143,56,0),(536,1,1.9,144,197,0),(537,1,5,144,476,0),(538,1,5,145,413,0),(539,1,10,146,157,0),(540,10,2.75,147,142,0),(541,1,9.5,147,234,0),(542,2,1.5,147,377,0),(543,2,2.75,148,142,0),(544,2,3.75,148,380,0),(545,1,7,149,321,0),(546,1,6.5,149,144,0),(547,1,10,149,417,0),(548,1,3.25,149,244,0),(549,1,4,150,346,0),(550,3,2.9,151,44,0),(551,1,24,151,463,0),(552,4,2.75,152,142,0),(553,1,24,153,463,0),(554,1,9.75,153,71,0),(555,1,5,153,379,0),(556,1,11.5,154,105,0),(557,1,7.5,154,373,0),(558,1,12,155,251,0),(559,1,9.5,155,54,0),(560,3,3.75,155,380,0),(561,1,6.5,155,144,0),(562,1,11.5,155,105,0),(563,1,12,155,464,0),(564,2,3.5,156,129,0),(565,1,3,157,224,0),(566,1,5,158,485,0),(567,1,9,159,158,0),(568,1,24,160,463,0),(569,1,12,161,464,0),(570,3,4.5,162,412,0),(571,1,9.25,162,228,0),(572,2,11.5,162,105,0),(573,1,9,162,230,0),(574,6,3.25,162,36,0),(575,1,5,163,485,0),(576,1,5.5,164,112,0),(577,1,1.9,164,192,0),(578,2,3.75,164,380,0),(579,1,2.75,164,142,0),(580,1,24,165,463,0),(581,2,3.75,165,380,0),(582,2,10,166,475,0),(583,4,4,167,393,0),(584,2,8,167,382,0),(585,1,8,167,382,0),(586,1,17.25,168,80,0),(587,1,13,168,92,0),(588,6,3.75,168,52,0),(589,1,17.25,168,80,0),(590,2,3.75,169,380,0),(591,1,24,170,463,0),(592,1,5,170,476,0),(593,1,17.25,171,85,0),(594,1,2.9,171,140,0),(595,1,10,172,475,0),(596,1,6.25,172,33,0),(597,1,9.75,172,107,0),(598,2,2.5,172,431,0),(599,1,9.5,173,18,0),(600,2,3.75,173,380,0),(601,1,3,174,400,0),(602,1,11.75,175,205,0),(603,2,4,176,40,0),(604,1,11.75,177,205,0),(605,2,5,178,476,0),(606,1,13.5,179,498,0),(607,1,5,180,476,0),(609,1,14.5,182,114,0),(610,1,9.75,183,107,0),(611,1,19,183,499,0),(612,1,7,183,354,0),(613,4,1.9,183,192,0),(614,1,2,183,311,0),(615,2,3.75,183,380,0),(616,1,1.5,184,88,0),(617,1,3.3,184,6,0),(618,1,5.5,185,186,0),(619,1,8,186,336,0),(620,1,8,186,339,0),(621,1,8,186,337,0),(622,1,3,187,385,0),(623,1,10,187,157,0),(624,3,2.9,187,461,0),(625,1,10,187,333,0),(626,2,2.25,187,28,0),(627,1,4.5,187,94,0),(628,3,3.75,187,380,0),(629,1,12,187,464,0),(630,1,9,188,267,0),(631,2,1.9,188,199,0),(632,1,10,189,340,0),(633,1,8,189,336,0),(634,2,2.9,189,461,0),(635,3,3.75,189,380,0),(636,1,9,189,260,0),(637,2,1.9,189,192,0),(638,1,3.5,189,315,0),(639,1,12,189,464,0),(640,1,5,190,485,0),(641,1,9.75,191,107,0),(642,1,8.5,191,261,0),(643,2,6.5,191,144,0),(644,1,8,192,518,0),(645,1,18,192,237,0),(646,3,1.5,192,118,0),(647,1,5.5,192,460,0),(648,1,33,192,300,0),(649,1,15,192,306,0),(650,2,2.25,192,429,0),(651,1,18.75,192,99,0),(652,1,8,192,382,0),(653,1,13.75,193,50,0),(654,1,20.5,194,450,0),(655,1,3.35,195,143,0),(656,1,4.5,195,165,0),(657,1,2.75,195,305,0),(658,1,2.9,195,140,0),(659,3,3.5,196,127,0),(660,2,10,196,157,0),(661,1,4.5,196,94,0),(662,1,10,197,333,0),(663,1,1.5,198,377,0),(664,1,8.5,198,432,0),(665,1,9.5,198,55,0),(666,1,6.5,198,323,0),(667,1,9.75,199,107,0),(668,3,3.75,199,380,0),(669,1,7,199,354,0),(670,2,1.5,199,377,0),(671,1,2.75,199,87,0),(672,1,2.9,200,140,0),(673,4,6.5,201,144,0),(674,1,24,202,463,0),(675,2,5.5,203,112,0),(676,5,6.5,203,106,0),(677,1,3.75,203,380,0),(678,7,3.75,203,456,0),(679,5,2.9,203,140,0),(680,2,13,203,92,0),(681,2,17.25,203,84,0),(682,2,3,203,224,0),(683,1,27,204,172,0),(684,1,5,205,476,0),(685,1,120,206,357,0),(686,4,3.75,206,456,0),(687,2,3.75,207,456,0),(688,1,2.9,207,140,0),(689,3,3.75,208,456,0),(690,1,24,208,463,0),(691,2,10,209,157,0),(692,1,60,209,468,0),(693,1,2.9,210,44,0),(694,2,10,211,475,0),(695,1,2.5,212,15,0),(696,1,5,212,302,0),(697,1,2.75,212,87,0),(698,1,10,212,475,0),(699,1,2,213,311,0),(700,1,2.95,213,301,0),(701,1,17.25,214,79,0),(702,1,3.65,214,466,0),(703,2,2.9,215,461,0),(704,1,9.75,215,71,0),(705,1,6.5,215,323,0),(706,1,3.5,215,60,0),(707,1,3,215,224,0),(708,1,12,215,464,0),(709,1,4,215,335,0),(710,1,4.5,215,94,0),(711,2,10,215,475,0),(712,2,2.9,215,140,0),(713,1,4.5,215,243,0),(714,1,11,215,455,0),(715,1,9,215,23,0),(716,1,2.9,215,156,0),(717,3,1.9,215,192,0),(718,2,1.5,215,88,0),(719,1,6,216,524,0),(720,1,1.9,217,198,0),(721,2,3.75,217,456,0),(722,2,9.75,218,107,0),(723,2,6.25,218,33,0),(724,5,3.75,218,456,0),(725,5,2.9,218,140,0),(726,2,3.5,218,60,0),(727,1,6,219,512,0),(728,1,13.75,219,50,0),(729,1,12,219,464,0),(730,1,5.5,220,112,0),(731,1,4,220,265,0),(732,1,14.5,221,66,0),(733,1,3.5,221,60,0),(734,1,6.5,221,324,0),(735,1,5,221,476,0),(736,1,2.5,222,12,0),(737,1,2.5,222,11,0),(738,1,8,222,341,0),(739,1,3.75,222,35,0),(740,1,12,222,464,0),(741,0,9,223,23,1),(742,1,12,224,464,0),(743,4,2.9,225,461,0),(744,2,9.75,225,107,0),(745,1,9,225,258,0),(746,1,9.75,226,107,0),(747,3,3.75,226,456,0),(748,1,8,227,452,0),(749,4,1.9,227,203,0),(750,1,19.5,228,365,0),(751,1,10,228,475,0),(752,1,2.9,229,140,0),(753,1,12,230,423,0),(754,1,9.5,230,235,0),(755,2,10,230,131,0),(756,6,9,230,266,0),(757,1,14,230,239,0),(758,4,8.25,230,162,0),(759,2,2.9,231,140,0),(760,1,5.5,231,112,0),(761,1,7,232,321,0),(762,1,8,232,383,0),(763,1,10,233,475,0),(764,2,10,234,475,0),(765,6,2.9,234,140,0),(766,2,6,234,299,0),(767,1,10,235,157,0),(768,1,3.75,235,35,0),(769,1,2.75,235,142,0),(770,1,4,235,411,0),(771,1,5,236,58,0),(772,1,3.65,236,466,0),(773,12,3,237,400,0),(774,12,3.8,237,26,0),(775,6,3.5,237,316,0),(776,1,11,238,98,0),(777,1,9.5,238,56,0),(778,1,1.9,238,196,0),(779,1,4,238,346,0),(780,1,6.5,238,106,0),(781,1,2.9,238,140,0),(782,3,3.75,238,456,0),(783,1,24,238,463,0),(784,1,17.25,239,83,0),(785,2,3,239,51,0),(786,2,4.75,240,4,0),(787,1,9.75,240,107,0),(788,1,3.5,240,179,0),(789,1,24,241,463,0),(790,4,9.25,242,228,0),(791,4,9,242,230,0),(792,1,50,243,444,0),(793,4,2.25,244,429,0),(794,3,2.75,244,142,0),(795,1,10.5,244,214,0),(796,1,9.75,244,107,0),(797,1,13.5,244,314,0),(798,1,105,245,360,0),(799,1,11,245,207,0),(800,1,24,245,463,0),(801,1,6,246,524,0),(802,1,6,246,524,0),(803,1,8.5,247,248,0),(804,1,17.25,247,85,0),(805,1,13.5,247,498,0),(806,1,9.5,248,55,0),(807,1,9.75,248,107,0),(808,1,4.5,248,94,0),(809,1,11,249,474,0),(810,1,5.25,250,63,0),(811,1,7,251,353,0),(812,1,9.75,252,107,0),(813,1,20.9,253,17,0),(814,2,6.5,253,144,0),(815,1,4,253,189,0),(816,4,3.75,253,456,0),(817,2,2.25,253,395,0),(818,1,5.25,253,181,0),(819,1,5,253,459,0),(820,1,11.5,253,105,0),(821,1,19,253,97,0),(822,1,7,253,321,0),(823,1,5.9,253,90,0),(824,1,17.25,253,67,0),(825,2,1.5,253,377,0),(826,1,12,253,464,0),(828,1,12,255,278,0),(829,1,2.5,255,13,0),(830,1,9,255,258,0),(831,1,9,255,266,0),(832,1,3.3,255,6,0),(833,1,4,256,392,0),(834,1,6.5,257,30,0),(835,3,6.5,257,30,0),(836,1,11.5,258,105,0),(837,1,6,259,524,0),(838,1,6.5,260,268,0),(839,1,4,260,189,0),(840,1,3.75,261,456,0),(841,1,6,262,524,0),(842,1,11.5,263,105,0),(843,1,3.5,264,179,0),(844,1,4,264,1,0),(845,2,4,265,40,0),(846,1,5.75,266,103,0),(847,1,3,266,296,0),(848,1,2.75,266,305,0),(849,1,50,266,445,0),(850,1,15,266,477,0),(851,1,8,266,336,0),(852,3,9.75,267,107,0),(853,3,5.9,267,90,0),(854,1,24,268,463,0),(855,2,2.25,269,28,0),(856,2,1.9,269,198,0),(857,2,2.9,269,461,0),(858,1,6.5,269,276,0),(859,1,3.75,269,456,0),(860,1,10,269,475,0),(861,1,11.5,269,105,0),(862,1,3.3,269,6,0),(863,1,13.5,269,313,0),(864,1,8,270,426,0),(865,1,10,270,475,0),(866,2,2.9,270,140,0),(867,2,2.75,270,142,0),(868,2,3.75,270,456,0),(869,1,11.5,270,105,0),(870,2,2.25,270,28,0),(871,1,6,270,257,0),(872,1,12,270,278,0),(873,2,4,271,411,0),(874,1,11.5,271,105,0),(875,1,9.5,271,235,0),(876,1,3,271,506,0),(877,1,6,271,299,0),(878,2,3.5,271,187,0),(879,1,13,271,216,0),(880,1,9.5,271,55,0),(881,1,4.5,271,94,0),(882,3,3.75,271,456,0),(883,17,2.9,271,140,0),(884,2,10,272,475,0),(885,5,1.9,272,200,0),(886,1,20.9,272,17,0),(887,2,2.5,272,12,0),(888,3,2.5,272,14,0),(889,1,8,272,383,0),(890,3,3.75,272,456,0),(891,3,2.9,272,140,0),(892,3,3,272,385,0),(893,1,18,272,378,0),(894,1,11,272,207,0),(895,3,2.25,272,28,0),(896,1,11,272,225,0),(897,1,11,272,474,0),(898,1,4,272,189,0),(899,1,11,272,98,0),(900,2,12.5,272,74,0),(901,4,1.5,272,88,0),(902,1,1.5,272,88,0),(903,2,3.65,272,466,0),(904,1,13.5,272,498,0),(905,1,24,272,463,0),(906,1,14,273,490,0),(907,1,3.5,274,179,0),(908,1,20.9,275,17,0),(909,1,8.5,276,95,0),(910,1,24,276,463,0),(911,1,12,276,464,0),(912,3,2.75,276,142,0),(913,1,9.5,277,55,0),(914,1,17.25,277,84,0),(915,1,19.5,277,389,0),(916,1,3.5,278,508,0),(917,3,2.75,278,142,0),(918,4,2.75,279,142,0),(919,12,1.9,280,505,0),(920,2,2.75,280,142,0),(921,1,4,280,335,0),(922,1,10,281,475,0),(923,2,3.75,281,456,0),(924,7,9.75,282,108,0),(925,7,6.5,282,30,0),(926,2,2.75,283,142,0),(927,2,2.5,284,11,0),(928,2,2.5,284,14,0),(929,3,3,284,385,0),(930,1,10,284,141,0),(931,2,2.9,284,140,0),(932,1,4.5,284,3,0),(933,1,5.5,284,112,0),(934,1,4,284,39,0),(935,1,8.25,284,43,0),(936,1,5.5,284,460,0),(937,1,10,285,157,0),(938,1,30,285,467,0),(939,1,6.5,286,324,0),(940,1,3,286,224,0),(941,1,11.5,286,105,0),(942,5,2.9,287,140,0),(943,1,9.75,288,107,0),(944,1,4,288,335,0),(945,1,10,288,475,0),(946,3,2.9,289,461,0),(947,2,2.75,289,142,0),(948,1,2.9,289,140,0),(950,1,3.75,289,456,0),(951,1,4,289,335,0),(952,2,1.9,289,504,0),(953,1,2.25,289,28,0),(954,1,8.5,289,261,0),(955,1,2.5,289,14,0),(956,2,3,289,385,0),(957,1,9.75,289,107,0),(958,1,3.5,289,60,0),(959,2,1.5,289,88,0),(960,1,3,289,224,0),(961,1,3.65,289,466,0),(962,1,12.5,289,74,0),(963,5,1,289,447,0),(964,1,17.25,290,85,0),(965,1,17,291,424,0),(966,2,1.9,291,194,0),(967,1,8,291,336,0),(968,1,8,291,31,0),(969,1,33,291,178,0),(970,1,5.9,291,90,0),(971,1,3.65,291,466,0),(972,1,11.75,291,414,0),(973,1,19.5,291,388,0),(974,1,30,292,545,0),(975,3,5,293,526,0),(976,4,10,294,475,0),(977,1,4,295,392,0),(978,2,8.5,296,96,0),(979,2,8,296,383,0),(980,1,132,296,358,0),(981,1,50,296,444,0),(982,2,15.25,296,20,0),(983,1,3,296,506,0),(984,1,8.5,297,96,0),(985,1,8,297,171,0),(986,1,18,298,326,0),(987,1,8,298,336,0),(988,1,8,298,339,0),(989,3,2.9,299,44,0),(990,2,11,299,98,0),(991,2,3.75,300,456,0),(992,1,24,301,463,0),(993,1,9.75,302,107,0),(994,2,3,302,506,0),(995,1,24,302,463,0),(996,1,1.9,303,505,0),(997,1,3.35,303,143,0),(998,2,5,304,220,0),(999,1,5,304,381,0),(1000,2,3,305,506,0),(1001,3,3.75,305,456,0),(1002,1,6,306,347,0),(1003,2,2.3,306,41,0),(1004,1,18,306,326,0),(1005,1,9.75,307,107,0),(1006,1,9.75,307,108,0),(1007,1,3.75,307,29,0),(1008,2,4,307,265,0),(1009,2,3.75,307,456,0),(1010,5,1,308,447,0),(1011,2,3.75,309,456,0),(1012,1,3.5,310,179,0),(1013,2,10,310,475,0),(1014,1,3.5,311,187,0),(1015,2,3.75,311,456,0),(1016,1,5,312,476,0),(1017,2,2.5,313,431,0),(1020,2,2.75,313,142,0),(1021,2,3.75,313,456,0),(1022,1,3.5,313,179,0),(1023,1,6,313,512,0),(1024,1,4,313,39,0),(1025,1,7.75,313,62,0),(1026,1,5.5,313,503,0),(1027,1,2.3,313,41,0),(1028,1,8,313,383,0),(1029,1,5.5,314,184,0),(1030,1,5,314,295,0),(1031,1,5,314,476,0),(1033,1,3.75,316,456,0),(1034,1,1.9,316,505,0),(1035,1,12,316,464,0),(1036,1,10,317,147,0),(1037,1,10,317,475,0),(1038,2,2.75,318,142,0),(1039,2,3.75,319,456,0),(1040,1,4,319,392,0),(1041,1,24,320,463,0),(1042,1,8,321,426,0),(1043,1,10,321,475,0),(1044,1,1.9,322,196,0),(1045,3,3.75,322,456,0),(1046,2,2.5,323,14,0),(1047,1,5.75,323,103,0),(1048,1,7,323,354,0),(1049,1,4.5,324,94,0),(1050,1,33,325,300,0),(1051,1,12,325,241,0),(1052,1,4.5,325,243,0),(1053,2,3.75,326,456,0),(1054,1,2,327,304,0),(1055,1,3,327,296,0),(1056,1,4.5,328,94,0),(1057,2,1.9,328,505,0),(1058,1,8.5,328,95,0),(1059,1,3.3,329,6,0),(1060,1,3,329,385,0),(1061,1,18,330,78,0),(1062,1,18,330,326,0),(1063,1,3.5,330,160,0),(1064,1,3.75,330,456,0),(1065,1,2.9,330,140,0),(1066,2,10,331,475,0),(1067,1,11,332,98,0),(1068,1,17.25,332,69,0),(1069,1,12.5,332,74,0),(1070,3,2.9,332,461,0),(1071,1,12,332,241,0),(1072,1,1.9,333,505,0),(1073,1,2.25,333,28,0),(1074,2,2.75,333,142,0),(1075,1,1.9,334,505,0),(1076,1,3.35,334,143,0),(1077,1,15,335,402,0),(1078,1,6.5,335,276,0),(1079,1,11,335,207,0),(1080,1,3.75,335,312,0),(1081,1,6,335,494,0),(1082,1,12,335,464,0),(1083,1,50,335,444,0),(1087,1,24,337,463,0),(1088,2,2.3,337,41,0),(1089,1,8.25,337,162,0),(1090,1,30,338,467,0),(1091,1,6,339,493,0),(1092,1,2.9,339,140,0),(1093,1,17.25,340,83,0),(1094,1,5,340,86,0),(1095,1,9.5,340,56,0),(1096,1,4.5,340,94,0),(1097,1,7,340,242,0),(1098,1,2.9,341,140,0),(1099,1,6.5,341,106,0),(1100,4,5,342,485,0),(1101,1,8.5,343,95,0),(1102,1,5,344,485,0),(1103,1,5,345,485,0),(1104,1,8,346,341,0),(1105,1,8,346,339,0),(1106,1,6.75,346,102,0),(1107,1,5,347,476,0),(1108,1,7,348,242,0),(1109,1,3,348,89,0),(1110,1,10,348,147,0),(1111,1,6.75,349,375,0),(1112,1,17.25,349,80,0),(1113,1,1.9,349,193,0),(1114,3,3.3,350,7,0),(1115,1,3,350,385,0),(1116,1,3,350,166,0),(1117,1,24,351,463,0),(1118,1,11.5,352,105,0),(1119,1,4,352,39,0),(1123,1,11.5,354,105,0),(1124,1,4,354,39,0),(1125,1,9.75,355,107,0),(1126,1,3,355,506,0),(1127,1,120,356,357,0),(1128,1,10,356,475,0),(1129,1,3.75,356,456,0),(1130,1,6,357,493,0),(1131,1,6.5,357,144,0),(1132,1,3.75,357,456,0),(1133,1,5,358,485,0),(1134,1,9,359,260,0),(1135,2,9,360,230,0),(1136,1,18,360,326,0),(1137,1,3.5,361,129,0),(1138,1,3.5,361,508,0),(1139,2,1.9,362,504,0),(1140,1,2.75,362,142,0),(1141,5,3.75,363,456,0),(1142,1,3,364,120,0),(1143,1,12.5,364,74,0),(1144,2,6.5,365,30,0),(1145,1,10,365,475,0),(1146,1,9,366,294,0),(1148,1,2.9,368,457,0),(1149,2,2.9,369,457,0),(1150,2,3.75,369,456,0),(1151,2,2.75,369,142,0),(1152,1,5.5,369,112,0),(1153,2,5,370,485,0),(1154,2,2.9,370,44,0),(1155,1,5.5,371,112,0),(1156,1,10,371,475,0),(1157,1,3.75,372,456,0),(1158,1,3.75,373,456,0),(1159,1,10,374,157,0),(1160,1,2.9,375,44,0),(1162,2,2.5,377,14,0),(1163,2,3,377,385,0),(1164,1,3,377,400,0),(1165,1,4,377,335,0),(1166,1,55,377,356,0),(1167,1,7,377,354,0),(1168,1,9,378,158,0),(1169,2,3.75,379,456,0),(1170,1,27,380,172,0),(1171,1,24,380,463,0),(1172,1,6,381,493,0),(1173,1,7,382,173,0),(1174,2,9,383,260,0),(1175,1,3.5,383,316,0),(1176,1,6,383,270,0),(1177,2,2.75,383,142,0),(1178,1,3.5,383,126,0),(1179,1,6,384,493,0),(1180,2,5,385,485,0),(1181,1,10,386,349,0),(1182,1,8.5,386,217,0),(1183,1,16.5,386,104,0),(1184,1,10,387,333,0),(1185,1,9.25,387,228,0),(1186,1,5.5,388,112,0),(1187,6,2.9,389,44,0),(1188,1,2.9,389,156,0),(1189,1,10,389,344,0),(1191,1,6,389,328,0),(1192,1,5,389,459,0),(1193,2,3.5,389,179,0),(1194,5,4.5,390,412,0),(1195,2,4,390,430,0),(1196,2,1.5,390,118,0),(1197,1,7.75,390,134,0),(1198,1,3.75,390,117,0),(1199,4,3.75,390,456,0),(1200,10,2.75,390,142,0),(1201,1,3.5,390,508,0),(1204,2,2.9,392,457,0),(1205,2,3.75,392,456,0),(1206,1,11,393,98,0),(1207,1,5,393,86,0),(1208,2,2.75,393,142,0),(1209,1,3,393,506,0),(1210,1,3,393,224,0),(1211,1,9.75,393,107,0),(1212,1,3.25,393,36,0),(1213,1,6,394,524,0),(1214,1,3.5,395,179,0),(1215,4,2.9,396,363,0),(1216,2,3.25,396,38,0),(1217,2,3.25,396,37,0),(1218,1,28.5,396,259,0),(1219,1,10,396,132,0),(1220,1,4,396,40,0),(1221,2,24,396,463,0),(1222,5,3.75,397,456,0),(1223,1,2.9,397,457,0),(1224,1,19,397,297,0),(1227,1,10,399,475,0),(1228,2,5,400,476,0),(1229,1,3.65,401,466,0),(1230,1,3,401,223,0),(1231,1,9.5,401,56,0),(1232,1,7,402,353,0),(1233,3,1.5,402,377,0),(1234,1,10,403,349,0),(1235,1,3,403,557,0),(1236,1,2.3,403,41,0),(1237,1,10,404,157,0),(1238,1,8.5,405,95,0),(1239,1,15,406,402,0),(1240,1,4.5,407,94,0),(1241,1,2.75,407,142,0),(1242,1,28,408,262,0),(1243,1,12,409,92,0),(1244,1,17.25,409,70,0),(1245,1,4,410,39,0),(1246,1,4.5,411,94,0),(1247,1,17.25,411,68,0),(1248,2,3.75,411,555,0),(1249,1,6,411,299,0),(1250,1,8,411,336,0),(1251,1,2.9,411,457,0),(1252,1,24,412,463,0),(1253,1,7,413,353,0),(1254,2,2.25,414,429,0),(1255,1,12,415,253,0),(1256,1,12,415,254,0),(1257,5,2.9,415,461,0),(1258,2,6,415,322,0),(1259,2,4,415,392,0),(1260,1,14,416,239,0),(1261,2,2.9,416,457,0),(1262,2,3.75,416,456,0),(1263,1,19,417,297,0),(1264,1,2.75,417,305,0),(1265,1,3.65,418,466,0),(1266,1,9.75,419,107,0),(1267,1,5,419,437,0),(1268,1,5.5,419,307,0),(1269,1,3,419,506,0),(1270,1,5,419,167,0),(1271,1,5,419,381,0),(1272,2,3.75,419,456,0),(1273,1,4,419,392,0),(1274,1,10,420,391,0),(1275,1,6.5,421,106,0),(1276,2,3.75,421,456,0),(1277,1,2.9,421,457,0),(1278,1,2.75,421,142,0),(1279,1,6,421,376,0),(1280,1,2.25,421,155,0),(1281,1,5,422,232,0),(1282,1,10,422,475,0),(1283,1,8.5,422,261,0),(1284,1,10,422,147,0),(1285,1,19,423,439,0),(1286,1,8.5,424,125,0),(1287,4,1.9,424,194,0),(1288,2,2.9,424,44,0),(1289,3,3,424,385,0),(1290,1,4,424,335,0),(1291,3,3,424,506,0),(1292,3,2.3,424,41,0),(1293,2,3.75,424,456,0),(1294,1,8,424,383,0),(1295,1,4,424,393,0),(1296,1,4,424,189,0),(1297,1,2,424,304,0),(1298,1,6,424,299,0),(1299,1,10,424,147,0),(1300,1,10,424,219,0),(1301,1,6.5,424,144,0),(1302,1,24,424,463,0),(1303,1,17.25,424,83,0),(1304,1,13.5,424,498,0),(1305,1,6,424,512,0),(1306,1,4.5,424,94,0),(1307,2,1.9,425,201,0),(1308,1,3,425,224,0),(1309,1,8,425,452,0),(1310,1,3,425,34,0),(1311,1,8,425,453,0),(1312,3,2,425,61,0),(1313,3,2,425,554,0),(1314,1,2.5,425,13,0),(1315,1,3,425,385,0),(1316,1,3,425,506,0),(1317,1,4.5,425,94,0),(1318,2,2.75,426,142,0),(1319,1,9.5,427,56,0),(1320,1,18,427,76,0),(1321,5,2.9,428,457,0),(1322,1,24,428,463,0),(1323,1,17.25,429,83,0),(1324,2,9.75,429,107,0),(1325,2,6.5,429,144,0),(1326,8,1.9,429,204,0),(1327,1,3,429,224,0),(1328,1,4.5,429,240,0),(1329,1,5.25,429,181,0),(1330,1,5,429,459,0),(1331,2,3.5,429,187,0),(1332,12,4.5,429,3,0),(1333,1,11,430,208,0),(1334,1,3,430,296,0),(1335,1,10,430,475,0),(1336,1,12,430,560,0),(1337,1,3.5,431,60,0),(1338,1,3.65,431,93,0),(1339,2,10.25,432,122,0),(1340,1,10,433,391,0),(1341,5,3.75,434,456,0),(1342,1,10,435,475,0),(1343,1,17.25,436,80,0),(1344,1,12.25,436,49,0),(1345,1,9.75,436,107,0),(1346,1,24,437,463,0),(1347,4,2.9,438,457,0),(1348,1,12.25,439,49,0),(1349,1,4,439,265,0),(1350,1,17.25,439,100,0),(1351,1,4.5,439,94,0),(1352,1,8,440,367,0),(1353,1,10,440,334,0),(1354,2,3,441,385,0),(1355,1,1.9,442,190,0),(1356,1,2.5,443,188,0),(1357,2,3.75,444,456,0),(1358,4,3.75,445,456,0),(1359,2,17.25,446,67,0),(1360,1,10.25,446,122,0),(1361,1,6.5,446,323,0),(1362,1,3,446,223,0),(1363,1,13.5,446,498,0),(1364,1,4.5,446,94,0),(1365,2,2.3,446,41,0),(1366,1,9.5,447,56,0),(1367,1,5.5,447,307,0),(1368,3,2.9,447,457,0),(1369,1,10,448,475,0),(1370,1,24,448,463,0),(1371,1,9.75,449,108,0),(1372,2,3.75,449,456,0),(1373,1,2.9,449,457,0),(1374,1,10,450,147,0),(1375,1,10,450,475,0),(1376,1,24,450,463,0),(1377,1,6.75,451,352,0),(1378,1,3.5,452,179,0),(1379,1,5.5,453,112,0),(1380,1,2.3,453,41,0),(1381,1,3.7,454,25,0),(1382,1,3,454,51,0),(1383,1,14,455,495,0),(1384,1,3,455,557,0),(1385,1,12,456,464,0),(1386,2,2,457,554,0),(1387,1,8.8,457,287,0),(1388,2,2.3,458,41,0),(1389,1,23,459,123,0),(1390,1,6,460,492,0),(1391,2,9,461,230,0),(1392,1,3.5,461,126,0),(1393,2,9.75,461,280,0),(1394,1,8.5,461,415,0),(1395,1,1.5,461,118,0),(1396,1,11,461,98,0),(1397,3,5,461,476,0),(1398,1,16,462,569,0),(1399,1,9.5,462,54,0),(1400,1,12,462,250,0),(1401,1,96,463,553,0),(1402,1,4.5,464,94,0),(1403,1,9,464,246,0),(1404,1,19,465,97,0),(1405,1,6.5,465,144,0),(1406,1,7,465,256,0),(1407,1,18,465,77,0),(1408,1,15,465,402,0),(1409,1,3.5,465,187,0),(1410,1,2.25,465,429,0),(1411,1,4.9,465,91,0),(1412,2,12.25,466,46,0),(1413,1,17.25,466,85,0),(1414,1,4.5,466,94,0),(1415,3,5,467,476,0),(1416,1,30,468,467,0),(1417,1,24,469,463,0),(1418,3,24,469,570,0),(1419,2,4.5,469,94,0),(1420,2,17.25,469,67,0),(1421,1,6.75,469,374,0),(1422,1,16,469,569,0),(1423,1,19,469,499,0),(1424,5,3.75,469,456,0),(1425,3,4,469,335,0),(1426,1,5,469,437,0),(1427,1,50,469,443,0),(1428,1,50,469,444,0),(1429,2,96,469,553,0),(1430,1,5,470,476,0),(1431,2,3.75,471,456,0),(1432,1,10,471,475,0),(1433,1,4,471,189,0),(1434,1,9.75,471,107,0),(1435,1,10.25,471,122,0),(1436,1,3.65,471,93,0),(1437,1,18.75,471,99,0),(1438,1,24,472,570,0),(1439,1,13.75,473,50,0),(1440,1,3.75,474,117,0),(1441,1,12,475,250,0),(1442,5,2.75,476,142,0),(1443,1,3.65,476,93,0),(1444,1,15,477,402,0),(1445,2,11,478,497,0),(1446,1,7,479,113,0),(1447,2,5,479,526,0),(1448,1,6,479,116,0),(1449,1,5.5,480,460,0),(1450,1,24,481,570,0),(1451,1,10,481,475,0),(1452,1,5,481,476,0),(1453,1,27.75,482,22,0),(1454,1,8,482,31,0),(1455,2,6.5,482,268,0),(1456,1,9.5,482,56,0),(1457,1,20.9,483,17,0),(1458,1,2.9,483,156,0),(1459,2,3.75,483,456,0),(1460,1,2.9,483,457,0),(1461,1,30,484,467,0),(1462,1,3.5,484,128,0),(1463,1,10,484,475,0),(1464,1,18.75,485,99,0),(1465,1,43.5,485,146,0),(1466,1,9,485,260,0),(1467,1,6.5,485,268,0),(1468,1,13,485,331,0),(1470,2,2.9,485,457,0),(1471,1,5,486,231,0),(1472,1,3.3,486,7,0),(1473,2,6.5,486,144,0),(1474,1,9,487,267,0),(1475,1,8,487,264,0),(1476,4,6.5,487,144,0),(1477,1,3.35,488,143,0),(1478,1,3.5,489,180,0),(1479,1,3.5,489,179,0),(1480,1,7,489,159,0),(1481,1,24,489,570,0),(1482,2,17.25,490,527,0),(1483,1,13.5,490,498,0),(1484,1,12,490,561,0),(1485,1,3,490,224,0),(1486,2,5.75,490,103,0),(1487,1,13,490,92,0),(1488,1,8,491,336,0),(1489,1,8,491,337,0),(1490,1,8,491,342,0),(1491,1,3.5,491,187,0),(1492,1,11,491,207,0),(1493,1,3.25,491,37,0),(1494,2,6.5,492,144,0),(1495,1,3,493,400,0),(1496,3,3.75,494,456,0),(1497,3,2.9,494,457,0),(1500,1,10,494,475,0),(1501,1,2.25,494,429,0),(1502,1,1.5,494,118,0),(1503,2,10,495,475,0),(1504,1,2.25,496,222,0),(1514,1,20.9,498,17,0),(1515,1,8,498,364,0),(1516,1,3,498,385,0),(1517,1,4,498,265,0),(1518,1,27.75,498,22,0),(1519,2,8.5,498,95,0),(1520,1,4.5,498,240,0),(1521,1,6.5,498,144,0),(1522,2,3.75,498,456,0),(1524,1,12.5,499,74,0),(1525,1,12,499,278,0),(1526,1,8.5,499,432,0),(1527,1,10,499,475,0),(1528,1,24,500,570,0),(1529,1,14.25,500,72,0),(1530,1,9.5,500,55,0),(1531,1,4.5,500,433,0),(1532,1,5.9,500,90,0),(1533,1,11,500,98,0),(1534,1,6,500,328,0),(1535,1,6,500,492,0),(1536,7,2.75,500,142,0),(1537,1,8.5,500,432,0),(1538,1,2.75,500,142,0),(1539,2,2.9,500,457,0),(1540,2,3.75,500,456,0),(1541,4,1.9,500,192,0),(1542,1,6,500,299,0),(1543,1,3,500,506,0),(1544,1,3,500,507,0),(1545,1,3.5,500,316,0),(1546,1,10,500,563,0),(1547,1,3.75,500,312,0),(1548,1,3.5,500,309,0),(1549,1,24,501,570,0),(1550,4,2.75,501,142,0),(1551,1,9,501,230,0),(1552,1,9,501,260,0),(1553,1,6,502,493,0),(1554,1,4,503,350,0),(1555,2,3.75,504,456,0),(1556,1,9,505,230,0),(1557,1,1.5,505,118,0),(1558,1,10,506,475,0),(1559,1,24,507,570,0),(1560,1,6.5,508,144,0),(1561,1,10,509,475,0),(1562,1,19,509,97,0),(1563,1,4.5,509,94,0),(1564,1,7,509,354,0),(1565,1,6,509,325,0),(1566,1,9.5,509,55,0),(1567,1,14.75,509,514,0),(1568,1,12.5,509,74,0),(1569,12,1.9,509,505,0),(1570,3,2.9,510,44,0),(1571,1,9.75,510,107,0),(1572,1,3,510,224,0),(1573,1,10,510,475,0),(1574,2,1.9,510,504,0),(1575,1,5.75,510,103,0),(1576,1,5,510,58,0),(1577,1,17.25,510,85,0),(1578,3,1.5,510,88,0),(1579,1,6.5,510,324,0),(1580,3,2.9,511,461,0),(1581,1,8.5,512,432,0),(1582,1,1.9,512,505,0),(1583,1,8.5,513,96,0),(1584,1,9.5,514,55,0),(1585,1,10,514,391,0),(1586,1,10,514,475,0),(1587,1,12,515,464,0),(1588,1,1.9,516,505,0),(1590,2,2.25,518,429,0),(1591,1,16.25,518,65,0),(1592,8,2.25,519,429,0),(1593,4,1.5,519,118,0),(1594,1,18.75,520,99,0),(1595,1,3.35,521,143,0),(1596,3,1.9,521,504,0),(1597,3,6.5,522,144,0),(1598,3,2.5,522,12,0),(1599,1,9.75,522,107,0),(1600,3,3.75,522,456,0),(1601,1,24,523,570,0),(1602,1,8.5,523,95,0),(1603,1,4,524,40,0),(1604,1,3.35,525,143,0),(1605,1,5,526,485,0),(1606,1,3.35,527,143,0),(1607,1,10,527,147,0),(1608,1,7.5,528,369,0),(1609,1,3.5,528,316,0),(1610,1,10,529,141,0),(1611,1,15,529,402,0),(1612,1,15,529,206,0),(1613,1,27,529,172,0),(1614,2,3,529,385,0),(1615,2,6.5,529,144,0),(1616,1,3,529,224,0),(1617,1,12,529,560,0),(1618,1,5,529,86,0),(1619,2,4,529,393,0),(1620,3,2.9,529,457,0),(1621,4,3.75,529,456,0),(1622,2,8,529,383,0),(1623,1,2.9,530,457,0),(1624,2,3.75,530,456,0),(1625,1,9.75,531,107,0),(1626,1,6.5,531,323,0),(1627,1,6,532,525,0),(1628,1,4,532,39,0),(1629,1,6,533,322,0),(1630,1,11,533,207,0),(1631,1,20.9,533,17,0),(1632,1,10,534,157,0),(1633,2,10,535,479,0),(1634,3,9.75,535,513,0),(1635,1,11.5,536,105,0),(1636,2,3.35,537,143,0),(1637,1,6.5,537,30,0),(1638,1,9.75,537,513,0),(1639,2,5,538,220,0),(1640,2,10,539,157,0),(1641,1,4.5,540,433,0),(1642,1,3.5,540,571,0),(1643,1,2.75,540,87,0),(1644,2,3.75,540,5,0),(1645,1,5,540,459,0),(1646,1,3,540,224,0),(1647,1,10,541,349,0),(1648,1,17.25,542,69,0),(1649,1,5.5,542,112,0),(1650,1,2.9,542,457,0),(1651,2,3.75,542,456,0),(1652,1,19,543,297,0),(1653,2,10,543,479,0),(1654,1,4,544,40,0),(1655,1,2.25,544,568,0),(1656,6,3.75,545,312,0),(1657,6,3,545,296,0),(1658,6,5,545,437,0),(1659,1,19.5,545,292,0),(1660,1,43.5,545,146,0),(1661,1,96,545,553,0),(1662,4,4.75,546,4,0),(1663,1,6,546,299,0),(1664,2,5,547,485,0),(1665,1,4,548,335,0),(1666,1,6.5,548,106,0),(1667,1,9.5,549,55,0),(1668,1,5,549,86,0),(1669,3,3.75,549,456,0),(1670,1,24,550,570,0),(1671,1,12,550,464,0),(1672,2,2.9,551,457,0),(1673,1,9.75,552,108,0),(1674,1,10,552,130,0),(1675,1,1.5,552,118,0),(1676,2,3.75,552,456,0),(1677,1,12,552,464,0),(1678,1,9.75,553,513,0),(1679,1,15,553,206,0),(1680,3,4,553,393,0),(1681,2,3,553,385,0),(1682,2,2.5,554,14,0),(1683,2,3,554,385,0),(1684,1,2.25,554,28,0),(1685,1,2.9,554,457,0),(1686,1,5.5,555,112,0),(1687,1,10,555,479,0),(1688,1,4,555,392,0),(1689,1,12,555,464,0),(1690,1,3.5,556,160,0),(1691,6,2.9,557,461,0),(1692,1,17.25,557,67,0),(1693,1,3.75,558,456,0),(1694,1,2.9,558,457,0),(1695,1,13.75,559,50,0),(1696,2,4.9,559,91,0),(1697,1,6,559,325,0),(1698,1,12,559,561,0),(1699,1,9.75,560,513,0),(1700,4,3.75,560,456,0),(1701,2,2.9,560,457,0),(1702,1,4,560,392,0),(1703,1,24,560,570,0),(1704,1,6,560,210,0),(1705,1,9.75,561,513,0),(1706,1,5,561,437,0),(1707,1,2.5,561,290,0),(1708,2,10,562,479,0),(1709,2,3.75,562,456,0),(1710,1,13.5,563,313,0),(1711,2,2,564,554,0),(1712,1,5.5,564,503,0),(1713,1,6,564,512,0),(1714,1,6,564,347,0),(1715,1,6,564,322,0),(1716,2,1.9,564,202,0),(1717,2,2.75,564,142,0),(1718,1,5.25,565,63,0),(1719,2,9.75,566,513,0),(1720,6,2.5,566,12,0),(1721,2,1.5,566,118,0),(1722,1,12,566,423,0),(1723,2,2.9,566,457,0),(1724,3,4,566,393,0),(1725,1,2,566,320,0),(1726,1,10,567,109,0),(1727,2,2.75,568,142,0),(1728,1,4,569,185,0),(1729,2,2.5,570,14,0),(1730,2,2.5,570,11,0),(1731,2,2.5,570,12,0),(1732,4,2.3,570,155,0),(1733,2,3,570,385,0),(1734,2,1.9,570,192,0),(1735,2,1.9,570,197,0),(1736,3,1.9,570,199,0),(1737,2,1.9,570,196,0),(1738,2,1.9,570,191,0),(1739,2,1.9,570,201,0),(1740,2,1.9,570,195,0),(1741,2,1.9,570,200,0),(1742,2,1.9,570,204,0),(1743,2,1.9,570,194,0),(1744,2,1.9,570,190,0),(1745,2,1.9,570,198,0),(1746,1,96,571,553,0),(1747,1,2.25,572,567,0),(1748,1,2.3,572,41,0),(1749,12,1.9,573,505,0),(1750,2,10,573,479,0),(1751,1,11.75,573,414,0),(1752,2,3.75,573,117,0),(1753,2,6,573,116,0),(1754,4,5.25,573,181,0),(1755,1,7,573,387,0),(1756,2,2.3,573,41,0),(1757,1,9.75,574,513,0),(1758,1,9,574,230,0),(1759,2,3,574,506,0),(1760,2,3,574,557,0),(1761,2,2.9,574,457,0),(1762,1,1.5,575,88,0),(1763,1,6,575,322,0),(1764,1,1.5,575,377,0),(1765,1,9.5,575,55,0),(1766,2,2.9,576,461,0),(1767,1,5,576,459,0),(1768,1,9.25,576,228,0),(1769,1,8,576,367,0),(1770,1,6.5,576,144,0),(1771,1,2.5,576,14,0),(1772,1,4,576,392,0),(1773,1,4,576,393,0),(1774,1,3,576,166,0),(1775,1,4.5,576,165,0),(1776,1,10,576,109,0),(1777,1,6,576,210,0),(1778,1,5,576,476,0),(1779,1,5,577,86,0),(1780,1,10,578,349,0),(1781,1,8.5,578,248,0),(1782,1,50,578,443,0),(1783,2,14.5,579,114,0),(1784,2,11.75,579,414,0),(1785,2,3.75,579,117,0),(1786,1,23,579,123,0),(1787,2,2.5,579,119,0),(1788,3,3,579,120,0),(1789,1,2.5,579,188,0),(1790,2,10,579,479,0),(1791,1,19.5,579,292,0),(1792,1,15,579,206,0),(1793,2,2.9,580,457,0),(1794,3,3.75,580,456,0),(1795,1,4,580,392,0),(1796,1,30,580,149,0),(1797,1,9,580,294,0),(1798,1,8.5,580,432,0),(1799,1,15,580,206,0),(1800,4,4.5,581,3,0),(1801,1,12,582,560,0),(1802,1,7.5,582,373,0),(1803,2,2.9,583,457,0),(1804,1,19,584,297,0),(1805,1,2.75,584,305,0),(1806,1,8,585,341,0),(1807,1,12,586,2,0),(1808,2,2.9,587,457,0),(1809,2,3.75,587,456,0),(1810,1,2.75,587,142,0),(1811,1,2.75,587,458,0),(1812,2,3.7,587,25,0),(1813,1,2,587,311,0),(1814,1,3,587,296,0),(1815,2,3.75,588,456,0),(1816,1,2.9,588,457,0),(1817,1,2.75,588,458,0),(1818,1,5.5,589,112,0),(1819,1,2.9,589,457,0),(1820,1,3.65,590,93,0),(1821,1,5.5,590,501,0),(1822,1,3,590,224,0),(1823,1,12.25,590,49,0),(1824,1,6,591,210,0),(1825,1,9.75,591,513,0),(1826,5,2.9,591,457,0),(1827,4,3.75,591,456,0),(1828,1,10,591,479,0),(1829,1,6,591,299,0),(1830,2,1.5,591,88,0),(1831,2,5,591,59,0),(1832,1,9.5,592,56,0),(1833,1,5.5,592,501,0),(1834,1,6.5,592,324,0),(1835,1,5,592,231,0),(1836,1,10,593,391,0),(1837,1,4,593,40,0),(1838,1,2.25,593,568,0),(1839,1,24,594,570,0),(1840,1,9.75,595,513,0),(1841,1,9,596,158,0),(1842,1,12,596,464,0),(1843,1,6,597,348,0),(1844,1,8.5,597,248,0),(1845,1,9.75,597,513,0),(1846,1,6.75,597,375,0),(1847,1,6.75,597,374,0),(1848,1,4,597,185,0),(1849,2,3,597,507,0),(1850,1,3,597,557,0),(1851,1,15.5,598,135,0),(1852,1,9.75,599,513,0),(1853,1,5,600,459,0),(1854,1,5,600,181,0),(1855,1,6,601,376,0),(1856,2,3.5,602,571,0),(1857,2,3.75,602,52,0),(1858,1,5,602,86,0),(1859,1,13,603,92,0),(1860,1,4.5,604,94,0),(1861,1,9.5,604,54,0),(1862,1,17.25,604,82,0),(1863,1,13.5,604,313,0),(1864,1,16,604,569,0),(1865,1,3.5,604,179,0),(1866,1,3.5,604,180,0),(1867,2,3.75,604,5,0),(1868,1,3,604,400,0),(1869,1,9.75,604,513,0),(1870,1,3,604,224,0),(1871,1,5.5,604,307,0),(1872,1,5,604,437,0),(1873,1,6.5,604,30,0),(1874,2,8,604,383,0),(1875,6,3.75,604,456,0),(1876,2,2.9,604,457,0),(1877,6,2.75,604,458,0),(1878,1,6.5,605,144,0),(1879,1,6.5,606,106,0),(1880,1,4,606,189,0),(1881,2,3.75,606,456,0),(1882,2,2.75,606,458,0),(1883,2,2.9,607,461,0),(1884,1,13.5,607,313,0),(1885,2,3.75,607,456,0),(1886,1,5.75,608,103,0),(1887,1,24,609,570,0),(1888,1,3,610,400,0),(1889,1,9,611,260,0),(1890,1,3,611,385,0),(1891,1,2.75,611,305,0),(1892,1,3,611,293,0),(1893,2,5.5,611,112,0),(1894,1,10,611,479,0),(1895,2,3.75,611,456,0),(1896,1,2.3,612,41,0),(1897,1,11.5,613,105,0),(1898,1,13.25,613,384,0),(1899,1,1.9,613,195,0),(1900,1,1.9,613,203,0),(1901,1,1.9,613,201,0),(1902,1,1.9,613,191,0),(1903,1,10,613,479,0),(1904,1,3.75,613,456,0),(1905,1,10,614,479,0),(1906,1,5.75,615,103,0),(1907,1,10,615,479,0),(1908,1,24,615,570,0),(1909,8,3.75,616,456,0),(1910,5,2.9,616,457,0),(1911,3,14.75,616,514,0),(1912,1,13,616,216,0),(1913,1,15.25,617,20,0),(1914,1,2.3,617,41,0),(1915,3,9.75,618,513,0),(1916,1,3,618,507,0),(1917,3,10,618,479,0),(1918,3,3.75,618,456,0),(1919,3,2.9,618,457,0),(1920,1,17.25,619,84,0),(1921,1,17.25,619,85,0),(1922,1,19.5,620,365,0),(1923,1,15,620,330,0),(1924,1,7,620,353,0),(1925,1,12,620,251,0),(1926,1,9.5,620,57,0),(1927,2,7,620,321,0),(1928,1,18,620,76,0),(1929,1,3,621,557,0),(1930,2,3,621,507,0),(1931,1,3,621,506,0),(1932,2,4,621,265,0),(1933,1,8.5,621,564,0),(1934,5,3.75,621,456,0),(1935,3,2.9,621,457,0),(1936,1,9.5,622,56,0),(1937,2,14.5,623,114,0),(1938,1,5,624,526,0),(1939,1,3.8,625,26,0),(1940,1,3,625,385,0),(1941,1,9.5,626,56,0),(1942,1,17.25,626,68,0),(1943,1,13,626,92,0),(1944,3,2.9,626,457,0),(1945,4,3.75,626,456,0),(1946,1,10,626,141,0),(1947,2,2.9,626,363,0),(1948,1,23,626,123,0),(1949,1,24,626,570,0),(1950,1,27,627,172,0),(1951,2,6.5,627,144,0),(1952,2,9.75,628,513,0),(1953,1,10,628,479,0),(1954,1,3.25,629,510,0),(1955,1,24,630,570,0),(1956,1,8.5,631,261,0),(1957,2,4.5,632,412,0),(1958,1,10,632,479,0),(1959,1,2.3,632,41,0),(1960,1,14,633,495,0),(1961,1,9,633,230,0),(1962,1,12.5,634,74,0),(1963,3,3.5,634,571,0),(1964,1,13.5,634,314,0),(1965,1,18,634,76,0),(1966,1,4.5,634,101,0),(1967,1,13,634,92,0),(1968,1,2.25,635,568,0),(1969,1,8,636,364,0),(1970,1,55,636,356,0),(1971,1,4,636,265,0),(1972,1,32,636,19,0),(1973,1,9,637,266,0),(1974,1,8.5,637,96,0),(1975,1,8,637,453,0),(1976,1,14,637,491,0),(1977,1,24,637,570,0),(1979,2,2.25,639,429,0),(1980,1,4.5,639,412,0),(1981,1,9.75,640,513,0),(1982,1,6.5,640,144,0),(1983,1,3.25,641,38,0),(1984,2,2.3,642,155,0),(1985,1,5,642,437,0),(1986,1,5.5,642,307,0),(1987,2,2.5,642,16,0),(1988,1,11.5,642,105,0),(1989,1,3,642,400,0),(1990,2,2.75,642,458,0),(1991,2,10,643,109,0),(1992,2,10,643,479,0),(1993,1,6,644,492,0),(1994,1,3,645,137,0),(1995,1,6,645,525,0),(1996,1,3,645,136,0),(1997,3,2.9,646,44,0),(1998,2,2.25,646,568,0),(1999,2,2.25,646,28,0),(2000,1,9.75,646,513,0),(2001,1,2.95,646,301,0),(2002,2,3.75,646,456,0),(2003,2,2.9,646,457,0),(2004,2,10,646,479,0),(2005,1,17.25,646,85,0),(2006,1,7,646,354,0),(2007,1,6,647,299,0),(2008,1,2.75,647,305,0),(2009,5,2.75,647,458,0),(2010,1,3.75,647,456,0),(2011,1,7,648,113,0),(2012,1,7,648,113,0),(2013,1,6,648,116,0),(2014,2,9.75,649,513,0),(2015,4,2.75,650,458,0),(2016,1,2.9,650,457,0),(2017,1,27,651,172,0),(2018,3,6.5,651,144,0),(2019,2,4.5,651,412,0),(2020,1,12,652,560,0),(2021,1,3,652,224,0),(2022,1,5,653,232,0),(2023,2,4.5,653,3,0),(2024,1,2.9,654,457,0),(2025,1,3.75,654,456,0),(2026,1,15,655,402,0),(2027,1,18,656,76,0),(2028,1,4.5,656,433,0),(2029,1,15.25,656,20,0),(2030,1,10,656,479,0),(2031,3,3.75,656,456,0),(2032,1,9,656,260,0),(2033,1,11.5,656,105,0),(2034,1,17.25,657,84,0),(2035,1,5.75,657,103,0),(2036,2,1.9,657,505,0),(2037,1,9,657,260,0),(2038,1,5,657,381,0),(2039,1,10,657,479,0),(2040,1,10,658,479,0),(2041,1,18.75,659,99,0),(2042,1,12,659,464,0),(2044,2,6,660,116,0),(2045,6,3.75,661,456,0),(2046,1,5.5,661,307,0),(2047,1,13.25,662,384,0),(2048,1,14.75,662,514,0),(2049,1,10,662,479,0),(2050,1,7,663,387,0),(2051,1,13.5,663,313,0),(2052,2,10,664,479,0),(2053,1,10,665,479,0),(2054,1,9,665,345,0),(2055,1,17.25,665,83,0),(2056,1,3,665,507,0),(2057,2,2.5,666,431,0),(2058,2,1.9,666,505,0),(2059,2,2.9,666,457,0),(2060,2,3.75,666,456,0),(2061,2,2.75,666,458,0),(2062,1,10,667,349,0),(2068,1,15,669,402,0),(2069,2,2.5,669,15,0),(2070,1,10,669,479,0),(2071,5,3.75,669,456,0),(2072,1,9.75,670,513,0),(2073,1,6.75,671,102,0),(2074,3,4.5,671,165,0),(2075,1,8,671,336,0),(2076,1,5,671,167,0),(2077,1,6.5,671,144,0),(2078,1,10,671,340,0),(2079,1,4,671,189,0),(2080,4,3.75,671,456,0),(2081,2,1.5,671,118,0),(2082,1,8,672,337,0),(2083,2,8,672,367,0),(2084,1,8,672,336,0),(2085,1,9,672,230,0),(2086,1,9.5,672,236,0),(2087,1,9.5,672,233,0),(2088,1,10,672,130,0),(2090,2,5,673,381,0),(2091,2,7,673,159,0),(2092,2,9,673,158,0),(2093,1,3,673,506,0),(2094,1,24,674,570,0),(2095,1,17.25,675,79,0),(2096,1,3.5,675,60,0),(2097,1,4.5,675,94,0),(2098,2,8.5,676,261,0),(2099,1,3,676,507,0),(2100,1,2.3,676,597,0),(2101,1,5,677,381,0),(2102,2,3.75,677,456,0),(2103,1,12,677,464,0),(2105,2,5,679,231,0),(2106,1,10,679,131,0),(2107,1,5,679,232,0),(2108,1,3.25,679,510,0),(2109,1,5,679,232,0),(2110,1,4.5,680,412,0),(2111,1,3,680,120,0),(2112,1,13.5,681,498,0),(2113,2,7,681,321,0),(2114,1,17.25,681,68,0),(2115,1,4.5,681,94,0),(2116,1,14,681,490,0),(2117,2,3,681,506,0),(2118,1,8,682,453,0),(2119,1,10,682,479,0),(2120,2,6.5,682,106,0),(2121,2,2.25,682,568,0),(2122,1,2.25,682,567,0),(2123,1,9,682,230,0),(2124,2,9,682,267,0),(2125,1,6,682,299,0),(2126,1,10,682,333,0),(2127,2,2.9,682,457,0),(2128,2,2.9,682,457,0),(2129,1,9.75,683,513,0),(2130,2,1.9,683,505,0),(2131,2,2.3,684,41,0),(2132,1,5,685,381,0),(2133,2,1.9,686,193,0),(2134,1,12,686,464,0),(2135,1,8.5,687,248,0),(2136,1,50,687,445,0),(2137,1,12,687,464,0),(2138,1,3,687,38,0),(2139,2,3,688,507,0),(2140,1,18,688,440,0),(2141,1,5,689,220,0),(2142,1,4,690,430,0),(2143,1,5.5,691,318,0),(2144,1,9,692,345,0),(2145,2,10,693,333,0),(2146,1,17.25,694,85,0),(2147,1,5,694,58,0),(2148,1,4.5,694,433,0),(2149,2,24,695,570,0),(2150,4,2.9,696,362,0),(2151,1,1.9,696,505,0),(2152,1,9.7,697,513,0),(2153,2,3.35,697,143,0),(2154,3,2.9,697,457,0),(2155,4,3.75,697,456,0),(2156,1,8.5,697,95,0),(2157,1,6.5,697,144,0),(2158,1,4,697,335,0),(2159,1,20.9,697,17,0),(2160,1,15.25,698,20,0),(2161,1,8.5,698,95,0),(2162,3,4.5,699,412,0),(2163,2,10,699,479,0),(2164,4,3.75,700,456,0),(2165,2,2.9,700,457,0),(2166,4,1.9,700,504,0),(2167,4,3.35,700,143,0),(2168,1,9,700,260,0),(2169,1,12,701,464,0),(2170,2,4,702,430,0),(2171,1,11.75,702,414,0),(2172,2,6.5,702,144,0),(2173,1,9.75,703,513,0),(2174,2,0.85,703,139,0),(2175,1,2,703,355,0),(2176,2,3,704,506,0),(2177,2,6.5,705,144,0),(2178,1,9.75,706,513,0),(2179,1,4,707,265,0),(2180,1,10,707,147,0),(2181,4,5,708,485,0),(2182,1,9,709,158,0),(2183,1,3.35,710,143,0),(2184,2,3.75,710,456,0),(2185,1,14,711,496,0),(2186,1,12.25,712,46,0),(2187,3,2.25,713,429,0),(2188,1,3.5,713,586,0),(2189,1,12,714,464,0),(2190,2,9.75,715,513,0),(2191,4,3.75,715,456,0),(2192,2,2.9,715,457,0),(2193,1,6.5,716,144,0),(2194,1,6,717,425,0),(2195,1,8.5,718,432,0),(2196,2,1.9,718,504,0),(2197,1,4.5,718,165,0),(2198,1,6.5,718,106,0),(2199,1,3.35,718,143,0),(2200,1,3,718,36,0),(2201,1,4,718,392,0),(2202,1,12.5,719,74,0),(2203,2,2.5,719,589,0),(2204,1,2.25,719,28,0),(2205,1,2.5,719,12,0),(2206,1,1.9,719,192,0),(2207,1,3,719,51,0),(2208,1,1.5,720,554,0),(2209,1,1.9,720,505,0),(2210,1,8.5,721,217,0),(2211,1,7.5,721,369,0),(2212,1,2,721,320,0),(2213,1,12,721,464,0),(2214,1,3.65,722,93,0),(2215,1,12,722,464,0),(2216,2,17.25,723,69,0),(2217,2,3.75,724,456,0),(2218,1,24,725,570,0),(2219,1,12,725,252,0),(2220,1,8.5,726,261,0),(2221,1,12,726,464,0),(2222,2,5,727,485,0),(2223,1,8.5,728,95,0),(2224,1,10,728,157,0),(2225,1,3.5,729,60,0),(2226,2,3.75,730,456,0),(2227,1,2.9,731,457,0),(2228,1,9.75,732,513,0),(2229,2,3.75,733,35,0),(2230,3,3.5,733,316,0),(2231,1,8,733,342,0),(2232,1,8,733,336,0),(2233,1,12,734,464,0),(2234,1,2.25,735,28,0),(2235,1,2.9,735,457,0),(2236,1,16.25,736,65,0),(2237,1,3,737,296,0),(2238,1,2,737,304,0),(2239,1,12,737,464,0),(2240,1,17,738,572,0),(2241,1,6,738,376,0),(2242,1,4.5,739,101,0),(2243,1,9.75,740,513,0),(2244,1,3.35,740,143,0),(2245,1,8.5,740,183,0),(2246,1,3,740,557,0),(2247,1,7.5,741,599,0),(2248,1,12,741,2,0),(2249,1,1.9,741,197,0),(2250,1,6.25,741,32,0),(2251,2,4,741,393,0),(2252,1,8.25,742,43,0),(2253,1,6.5,742,276,0),(2254,1,9.5,743,422,0),(2255,1,24,744,570,0),(2256,2,3,745,136,0),(2257,1,0.85,745,139,0),(2258,2,3.75,745,456,0),(2259,1,6,745,299,0),(2260,1,1.9,745,198,0),(2261,1,1.9,745,192,0),(2262,1,6.5,745,324,0),(2263,1,2,745,319,0),(2264,1,2,745,320,0),(2265,1,6,746,525,0),(2266,1,3,746,506,0),(2267,2,3.75,746,456,0),(2268,1,0.85,746,139,0),(2270,2,9.3,748,45,0),(2271,1,7,748,321,0),(2272,2,17.25,748,85,0),(2273,1,4.5,748,94,0),(2274,1,19,748,297,0),(2275,1,8.5,748,183,0),(2276,1,2.9,748,457,0),(2277,1,13.5,749,314,0),(2278,1,12.25,749,48,0),(2279,1,5,749,86,0),(2280,6,3.75,750,456,0),(2281,7,2.9,750,457,0),(2282,2,7.5,750,369,0),(2283,1,24,750,421,0),(2284,8,1.9,750,204,0),(2285,10,1.9,750,191,0),(2286,1,9.75,751,513,0),(2287,1,6.5,751,144,0),(2288,1,11,751,98,0),(2289,1,3,751,138,0),(2290,1,9.75,752,513,0),(2291,1,3,752,557,0),(2292,2,4,752,185,0),(2293,1,9.5,753,57,0),(2294,1,12,753,252,0),(2295,1,6.5,753,106,0),(2296,1,4.5,753,94,0),(2297,1,96,754,553,0),(2298,1,24,755,570,0),(2299,1,9.75,755,513,0),(2300,2,8.5,756,248,0),(2301,1,132,757,358,0),(2302,2,3.75,758,456,0),(2303,2,8.5,758,486,0),(2304,2,15.5,759,135,0),(2305,1,10,760,479,0),(2306,1,0.85,760,139,0),(2307,3,2.5,761,588,0),(2308,1,2.5,761,11,0),(2309,2,2.5,761,14,0),(2310,2,2.5,761,15,0),(2311,2,2.25,761,28,0),(2312,2,2.3,761,155,0),(2313,3,3,761,385,0),(2314,2,4,761,1,0),(2315,1,2.5,761,588,0),(2316,1,3,761,385,0),(2317,1,9,761,258,0),(2318,1,4,761,185,0),(2319,1,3,761,400,0),(2320,1,10,761,147,0),(2321,1,5,761,231,0),(2322,1,6,761,210,0),(2323,1,9.75,761,513,0),(2324,1,5,761,437,0),(2325,1,10,761,479,0),(2326,1,3.5,761,309,0),(2327,1,6.5,761,144,0),(2328,1,5.5,761,501,0),(2329,1,6.75,761,102,0),(2330,2,3.75,761,456,0),(2331,2,2.9,761,457,0),(2332,1,0.85,761,139,0),(2333,1,18,762,76,0),(2334,1,9.5,762,573,0),(2335,1,3.5,762,316,0),(2336,1,3.65,762,93,0),(2337,1,4,762,350,0),(2338,1,3.75,763,117,0),(2339,6,1.5,763,554,0),(2340,3,1.5,763,88,0),(2341,2,6,763,322,0),(2342,1,20,763,556,0),(2343,1,8.25,763,162,0),(2344,1,12,763,253,0),(2345,2,1.9,763,505,0),(2346,1,2.25,763,28,0),(2347,1,3.3,763,9,0),(2348,1,5,763,526,0),(2349,1,6.5,763,276,0),(2350,1,9,763,158,0),(2351,1,9.5,763,615,0),(2352,1,3.5,763,316,0),(2353,1,10,763,479,0),(2354,2,5,763,476,0),(2355,1,32,764,19,0),(2356,1,120,764,357,0),(2357,2,1.9,765,190,0),(2358,1,5.5,765,502,0),(2359,1,9,765,258,0),(2360,1,5,765,231,0),(2361,1,4.5,765,94,0),(2362,3,1.9,766,195,0),(2363,1,24,766,570,0),(2364,3,2.9,767,457,0),(2365,6,3.75,767,456,0),(2366,2,4,767,392,0),(2367,2,10,767,479,0),(2368,2,9.75,767,513,0),(2369,1,10.5,767,214,0),(2370,1,11,767,225,0),(2371,3,3,767,385,0),(2372,1,9,767,294,0),(2373,1,5.5,767,307,0),(2374,2,2.5,767,14,0),(2375,4,2.5,767,12,0),(2376,2,1.9,767,193,0),(2377,2,8,767,264,0),(2378,2,4.75,767,4,0),(2379,1,15.25,767,20,0),(2380,1,9,767,230,0),(2381,1,17.25,767,79,0),(2382,1,17.25,767,528,0),(2383,1,2.75,767,87,0),(2384,1,4.5,767,94,0),(2385,1,9.75,768,513,0),(2386,1,24,769,570,0),(2387,1,9.75,770,513,0),(2388,1,10,771,479,0),(2389,2,3.75,771,456,0),(2390,1,8,771,426,0),(2391,1,9,771,294,0),(2392,1,1.9,771,198,0),(2393,3,10,772,479,0),(2394,1,3.35,772,143,0),(2395,1,25,772,263,0),(2396,3,2.9,772,457,0),(2397,2,5,772,86,0),(2398,5,3.75,772,52,0),(2399,1,5,773,221,0),(2400,1,2,773,311,0),(2401,1,4.75,773,4,0),(2402,1,1.9,773,191,0),(2403,1,3.75,773,456,0),(2404,1,4,773,392,0),(2405,1,24.5,773,626,0),(2406,1,19,774,297,0),(2407,1,25,775,605,0),(2408,1,12,775,241,0),(2409,1,15,776,402,0),(2410,1,9.3,777,45,0),(2411,1,3,778,507,0),(2412,1,3,778,506,0),(2413,3,2.5,779,14,0),(2414,2,3,779,385,0),(2415,1,6,780,525,0),(2416,1,9.75,781,513,0),(2417,2,3.75,781,456,0),(2418,1,19,782,247,0),(2419,1,11,783,98,0),(2420,1,32,784,19,0),(2421,1,9.75,785,513,0),(2422,10,3.75,785,456,0),(2423,1,4,786,185,0),(2424,1,9.75,786,513,0),(2425,1,3.5,786,179,0),(2426,1,6,786,299,0),(2427,2,1.9,787,192,0),(2428,3,24,788,570,0),(2429,2,9.75,788,513,0),(2430,1,10,789,479,0),(2431,5,3.75,790,456,0),(2432,4,2.9,790,457,0),(2433,1,12,790,253,0),(2434,1,17.25,790,79,0),(2435,1,4.5,790,94,0),(2436,1,3,791,37,0),(2437,1,3,791,38,0),(2438,1,1.9,792,201,0),(2439,1,3.35,792,143,0),(2440,1,1.9,792,198,0),(2441,1,9.75,792,513,0),(2442,1,10,793,479,0),(2443,1,5,793,476,0),(2444,1,15,794,402,0),(2445,1,13,794,216,0),(2446,1,8.5,794,183,0),(2447,3,10,794,479,0),(2448,2,10,794,482,0),(2449,2,6.5,794,144,0),(2450,2,1.9,795,191,0),(2451,2,1.9,795,194,0),(2452,1,6.5,795,144,0),(2453,1,11,795,98,0),(2454,2,5.5,795,318,0),(2455,2,2.5,796,588,0),(2456,1,3.75,796,456,0),(2457,1,10,797,482,0),(2458,1,11,798,497,0),(2459,1,13.5,799,498,0),(2460,1,7,800,387,0),(2461,3,3.75,801,52,0),(2462,1,12,801,561,0),(2463,1,17.25,801,528,0),(2464,1,4.5,801,94,0),(2465,2,2.5,801,431,0),(2466,1,9.5,802,54,0),(2467,1,2.9,802,457,0),(2468,1,3,803,507,0),(2469,2,4,804,189,0),(2470,1,8,804,343,0),(2471,1,8,804,342,0),(2472,1,7,805,113,0),(2473,1,3.75,805,117,0),(2474,1,8,805,336,0),(2475,1,9.5,805,233,0),(2476,2,0.85,805,139,0),(2477,1,14.2,805,161,0),(2478,1,9,805,230,0),(2479,1,11,805,579,0),(2480,1,8.5,805,217,0),(2481,1,4,805,265,0),(2482,1,132,806,358,0),(2483,2,9.75,807,279,0),(2484,4,2.5,808,15,0),(2485,2,3,808,385,0),(2486,2,1.5,808,88,0),(2487,5,10,809,482,0),(2488,3,3.75,809,456,0),(2489,4,2.9,809,457,0),(2490,2,8,809,382,0),(2491,1,0.85,809,139,0),(2492,1,8.5,809,261,0),(2493,1,4,809,265,0),(2494,1,2.25,809,28,0),(2495,3,11.5,809,105,0),(2496,1,15,809,206,0),(2497,1,25,809,151,0),(2498,1,18.75,809,99,0),(2499,1,2.5,809,12,0),(2500,1,2.5,809,11,0),(2501,1,3.5,809,309,0),(2502,2,2.3,809,155,0),(2503,1,2.25,809,28,0),(2504,1,13.75,809,50,0),(2505,1,17.25,809,83,0),(2506,1,17.25,809,80,0),(2507,1,10.25,809,122,0),(2508,1,6,809,322,0),(2509,1,12,809,251,0),(2510,1,18,809,326,0),(2511,1,13,809,92,0),(2512,2,2.25,810,28,0),(2513,1,10,810,130,0),(2514,1,4.5,810,165,0),(2515,1,9,810,258,0),(2516,1,3.3,810,6,0),(2517,1,3.3,810,7,0),(2518,1,5,810,181,0),(2519,1,5,810,459,0),(2520,1,8,810,452,0),(2521,1,8,810,338,0),(2522,1,13,810,331,0),(2523,1,4,810,392,0),(2524,1,3,810,277,0),(2525,1,13.5,810,498,0),(2526,1,12,810,250,0),(2527,1,19,810,97,0),(2528,1,17.25,811,79,0),(2529,4,1.9,811,505,0),(2530,1,17.25,812,68,0),(2531,1,17.25,812,70,0),(2532,1,3.65,812,93,0),(2533,2,7.5,812,625,0),(2534,2,10,812,109,0),(2535,1,11,812,208,0),(2536,1,3,812,400,0),(2537,1,12,813,560,0),(2538,1,1.5,813,377,0),(2539,1,3.75,813,52,0),(2540,1,6,814,512,0),(2541,2,2.5,814,14,0),(2542,1,8,814,401,0),(2543,1,6.5,814,144,0),(2544,1,3.75,814,555,0),(2545,1,6,815,348,0),(2546,1,3,815,137,0),(2547,1,5,816,476,0),(2548,4,3.75,817,456,0),(2549,1,55,818,356,0),(2550,2,9,819,230,0),(2552,2,9,819,536,0),(2553,4,3,820,36,0),(2554,1,9,821,260,0),(2555,9,3.5,822,571,0),(2556,4,2.9,823,44,0),(2557,1,11.5,823,105,0),(2558,1,24,823,630,0),(2559,1,9.75,824,108,0),(2560,1,5.5,824,307,0),(2561,1,5,824,436,0),(2562,1,5,824,437,0),(2563,1,10,824,482,0),(2564,3,0.85,824,139,0),(2565,1,2.5,824,188,0),(2566,1,7,824,242,0),(2567,1,8,824,245,0),(2568,1,17.25,825,79,0),(2569,1,3.75,825,52,0),(2570,1,9.75,825,513,0),(2571,1,11,825,208,0),(2572,3,2.5,825,12,0),(2573,1,6.5,825,144,0),(2574,4,1.9,825,505,0),(2577,1,24,825,630,0),(2578,1,6.5,826,106,0),(2579,2,2.9,826,461,0),(2580,1,3.35,826,143,0),(2581,2,1.9,826,505,0),(2582,1,4,826,335,0),(2583,1,7,826,159,0),(2584,1,3.3,826,6,0),(2585,1,3,826,223,0),(2586,1,4,826,350,0),(2587,2,3,826,38,0),(2588,2,3,826,37,0),(2589,1,3,826,385,0),(2590,1,3,826,296,0),(2591,2,3,826,400,0),(2592,1,5,826,476,0),(2593,2,10,827,482,0),(2594,4,1.9,827,505,0),(2595,1,10,827,333,0),(2596,2,6.5,827,106,0),(2597,1,24,827,630,0),(2598,1,17.25,828,84,0),(2599,1,13,828,92,0),(2600,1,13.75,828,50,0),(2601,2,2.5,828,431,0),(2602,1,8,828,401,0),(2603,1,15,828,402,0),(2604,1,8,828,367,0),(2605,1,24,829,630,0),(2606,1,24,830,630,0),(2607,2,2.9,831,457,0),(2608,1,30,832,467,0),(2609,1,12.5,833,74,0),(2610,1,10,834,482,0),(2611,1,4,835,327,0),(2612,1,13.5,836,498,0),(2613,1,6,837,623,0),(2614,1,3,838,296,0),(2615,1,24.5,838,636,0),(2616,1,2.75,838,305,0),(2617,3,2.9,839,156,0),(2618,1,10,840,482,0),(2619,1,24.5,840,626,0),(2620,1,9,840,536,0),(2621,1,8.5,841,432,0),(2622,1,18,842,435,0),(2623,3,3.75,843,456,0),(2624,2,2.9,843,457,0),(2625,2,2.25,843,568,0),(2626,1,8.5,843,432,0),(2627,1,11.5,843,105,0),(2628,1,13,844,92,0),(2629,1,8,844,31,0),(2630,1,39,844,152,0),(2631,1,11,845,497,0),(2632,1,8,846,383,0),(2633,1,2.9,846,457,0),(2634,1,9.25,846,228,0),(2635,1,8,847,383,0),(2636,1,9,847,258,0),(2637,1,8,848,364,0),(2638,1,5,849,526,0),(2639,4,2.25,849,567,0),(2640,4,2.25,849,568,0),(2641,1,15,849,206,0),(2642,1,15,849,306,0),(2643,1,2.5,849,188,0),(2644,1,13.5,849,313,0),(2645,1,13.5,849,66,0),(2646,1,6,849,325,0),(2647,1,3.65,849,93,0),(2648,1,50,849,445,0),(2649,2,3.35,850,143,0),(2650,2,9,850,260,0),(2651,1,1.9,850,505,0),(2652,2,6,851,116,0),(2653,1,9.75,852,513,0),(2654,20,2.25,853,429,0),(2655,1,3.5,853,639,0),(2656,1,13.5,854,66,0),(2657,2,1.5,854,554,0),(2658,1,4,855,628,0),(2659,2,6.5,856,144,0),(2660,1,3.5,856,508,0),(2661,1,10,856,157,0),(2662,1,1.9,857,504,0),(2663,1,3.35,857,143,0),(2664,2,9.75,858,279,0),(2665,1,3.5,858,639,0),(2666,3,6.5,859,144,0),(2667,1,3.75,860,456,0),(2668,1,6.5,861,106,0),(2669,1,8,862,364,0),(2670,1,13,862,92,0),(2671,1,10,863,109,0),(2672,1,2.25,863,395,0),(2673,1,3.75,863,456,0),(2674,2,3.35,864,143,0),(2675,2,3.75,865,456,0),(2676,1,2.9,865,457,0),(2677,1,10,866,349,0),(2678,1,30,867,467,0),(2679,1,3.75,868,117,0),(2680,1,11,868,225,0),(2681,1,3.25,869,510,0),(2682,1,7,870,113,0),(2683,1,3.7,870,25,0),(2684,1,6.5,871,144,0),(2685,1,3.75,871,456,0),(2689,1,6.5,873,144,0),(2690,1,2.9,873,457,0),(2691,2,3.75,873,456,0),(2692,1,6,874,621,0),(2693,1,7,874,159,0),(2694,1,10,874,482,0),(2695,1,7,875,159,0),(2696,1,3.35,875,143,0),(2697,1,8.5,876,96,0),(2698,1,24,876,630,0),(2699,2,1.5,877,88,0),(2700,1,2.25,877,567,0),(2701,2,2.3,877,597,0),(2702,3,3,877,385,0),(2703,1,12,877,332,0),(2704,1,6.5,877,624,0),(2705,1,5,877,167,0),(2706,1,4.5,877,94,0),(2707,1,9.25,877,229,0),(2708,1,3,877,507,0),(2709,1,15.5,878,135,0),(2710,2,5,879,476,0),(2711,1,30,880,467,0),(2712,1,4,881,392,0),(2713,2,24,882,630,0),(2714,1,10,882,482,0),(2715,1,3,882,296,0),(2716,1,8,883,401,0),(2717,1,4.5,883,154,0),(2718,1,7.5,883,163,0),(2719,1,11,883,207,0),(2720,1,5.5,883,186,0),(2721,1,11.75,883,205,0),(2722,1,3.5,883,187,0),(2723,1,6,884,525,0),(2724,1,3,885,296,0),(2725,1,9.75,885,513,0),(2726,4,3,886,36,0),(2727,4,3,886,37,0),(2728,4,3,886,38,0),(2729,2,1.9,886,199,0),(2730,2,1.9,886,190,0),(2731,2,1.9,886,195,0),(2732,4,1.9,886,201,0),(2733,2,1.9,886,197,0),(2734,2,1.9,886,192,0),(2735,2,1.9,886,204,0),(2736,2,1.9,886,196,0),(2737,1,5,886,231,0),(2738,1,5,886,232,0),(2739,1,10,886,482,0),(2740,1,8.5,887,96,0),(2741,1,3.5,887,309,0),(2742,1,3,887,296,0),(2743,1,3.35,887,143,0),(2744,2,3.35,888,143,0),(2745,1,6,889,512,0),(2746,1,3,889,224,0),(2747,1,13.5,889,313,0),(2748,1,13.5,889,66,0),(2749,2,1.5,889,377,0),(2750,1,0.85,890,139,0),(2751,1,5,891,437,0),(2752,1,4,892,39,0),(2753,1,5.5,893,460,0),(2754,1,3.5,894,129,0),(2755,5,3.35,894,143,0),(2756,1,2.9,895,461,0),(2757,1,11.75,896,414,0),(2758,1,10,896,157,0),(2759,3,3,896,36,0),(2760,1,2.75,897,305,0),(2761,1,11.5,897,611,0),(2762,1,24,898,630,0),(2763,1,2.3,899,155,0),(2764,1,2.5,899,11,0),(2765,1,6.5,899,144,0),(2766,1,3.75,899,456,0),(2767,1,24,900,630,0),(2768,1,9.75,900,513,0),(2769,1,11.75,901,414,0),(2770,1,3,902,400,0),(2771,2,3,902,42,0),(2772,1,8,902,453,0),(2773,1,2.9,902,457,0),(2774,3,3,903,42,0),(2775,1,120,904,357,0),(2776,2,3,904,507,0),(2777,1,6,904,493,0),(2778,1,17.25,905,79,0),(2779,1,6.5,905,144,0),(2780,8,3.75,905,456,0),(2781,1,11.5,905,105,0),(2782,1,2.25,905,28,0),(2783,1,2.5,905,188,0),(2784,1,4.5,906,243,0),(2785,2,9.75,907,513,0),(2786,1,4,907,393,0),(2787,1,12.25,908,49,0),(2788,1,7,908,354,0),(2789,1,4.5,908,94,0),(2790,2,5,909,413,0),(2791,5,2.9,910,457,0),(2792,2,10,910,109,0),(2793,2,2.75,911,458,0),(2794,3,2.25,912,28,0),(2795,1,27,912,172,0),(2796,3,3,912,400,0),(2797,3,3,912,170,0),(2798,1,3.25,912,244,0),(2799,1,3,912,36,0),(2800,1,3,912,37,0),(2801,1,3,912,38,0),(2802,1,2.5,913,12,0),(2803,1,1.9,913,191,0),(2804,1,7.5,913,163,0),(2805,1,3,913,293,0),(2806,1,4.5,913,240,0),(2808,1,13,915,216,0),(2809,1,6.25,915,32,0),(2810,1,9.75,915,513,0),(2811,6,2.75,915,458,0),(2812,1,0.85,915,139,0),(2813,1,6,916,270,0),(2814,1,3.75,916,456,0),(2815,1,4,916,392,0),(2816,1,1.9,917,504,0),(2817,1,6.5,918,144,0),(2818,1,8.5,919,95,0),(2819,1,5,919,476,0),(2820,1,10,920,391,0),(2821,2,3,920,507,0),(2822,1,3,920,506,0),(2823,1,3,920,557,0),(2824,3,2.9,920,457,0),(2825,1,3.5,920,639,0),(2826,1,6.5,921,144,0),(2827,1,11.5,922,105,0),(2828,1,3.5,922,586,0),(2829,1,48,923,546,0),(2830,1,3,924,34,0),(2831,1,4,924,393,0),(2832,3,0.85,924,139,0),(2833,1,12,925,464,0),(2834,1,3.5,926,179,0),(2835,2,2.5,926,12,0),(2836,1,9.75,926,513,0),(2837,1,19,927,297,0),(2838,1,19,928,297,0),(2839,5,6.5,929,144,0),(2840,1,15,929,206,0),(2841,1,15,929,206,0),(2842,4,3,930,51,0),(2843,1,8.5,931,261,0),(2844,2,10,932,109,0),(2845,1,2.5,933,16,0),(2846,2,2.25,933,28,0),(2847,2,1.9,933,202,0),(2848,2,1.9,933,198,0),(2849,2,1.9,933,194,0),(2850,1,2.9,933,457,0),(2851,2,11.75,934,414,0),(2852,2,11.5,934,449,0),(2853,2,2.9,935,457,0),(2854,4,2.9,936,457,0),(2855,1,7,937,113,0),(2856,2,3.75,937,117,0),(2857,1,14.2,937,161,0),(2858,1,8,937,336,0),(2859,1,6.5,937,144,0),(2860,1,11,937,579,0),(2861,3,3.75,938,456,0),(2862,2,2.9,938,457,0),(2863,1,4,938,392,0),(2864,1,2.5,938,16,0),(2865,1,2.5,938,11,0),(2866,1,3.75,938,169,0),(2867,1,6,938,210,0),(2868,1,22.5,938,451,0),(2869,1,2.25,938,429,0),(2870,1,8,938,426,0),(2871,1,10,938,141,0),(2872,2,2.5,938,14,0),(2873,1,6.5,938,323,0),(2874,1,12,939,464,0),(2875,1,12.5,940,74,0),(2876,1,9.5,940,57,0),(2877,1,1.5,940,88,0),(2878,1,4.5,940,94,0),(2879,1,7,941,354,0),(2880,1,9,941,294,0),(2881,1,2,941,304,0),(2882,3,2.25,942,429,0),(2883,1,17.25,943,80,0),(2884,1,5,944,181,0),(2885,1,1.9,944,200,0),(2886,1,2,944,304,0),(2887,1,3,944,296,0),(2888,1,3.5,945,60,0),(2889,1,4.5,945,94,0),(2890,1,6.5,945,324,0),(2891,1,4,945,628,0),(2892,1,2.75,945,458,0),(2893,1,10.5,946,111,0),(2894,1,9.5,947,54,0),(2895,1,16,947,569,0),(2896,1,4.5,947,94,0),(2897,4,3.75,947,456,0),(2898,2,8.5,947,95,0),(2899,4,2.75,947,653,0),(2900,1,3.75,947,35,0),(2901,1,6,947,328,0),(2902,1,9.75,947,513,0),(2903,1,5,948,459,0),(2904,10,2.75,949,653,0),(2905,2,3.75,949,456,0),(2906,2,2.9,949,457,0),(2907,2,3.5,950,60,0),(2908,1,17.25,950,82,0),(2909,1,2.3,950,41,0),(2910,1,11.5,951,105,0),(2911,1,2,951,500,0),(2912,1,4,952,590,0),(2913,1,8,953,339,0),(2914,1,9,954,536,0),(2915,1,3,954,34,0),(2916,1,8.5,955,96,0),(2917,1,9,955,258,0),(2918,1,0.85,955,139,0),(2919,8,3.75,956,456,0),(2920,1,24,956,630,0),(2921,1,17,957,572,0),(2922,1,6.5,957,144,0),(2923,1,3,957,224,0),(2924,1,6.75,958,620,0),(2925,1,7.5,958,609,0),(2926,1,5,958,488,0),(2927,1,3,958,36,0),(2928,1,8.5,958,486,0),(2929,2,1.5,959,118,0),(2930,15,4,960,393,0),(2931,2,33,960,300,0),(2932,2,2.9,961,457,0),(2933,1,10,961,482,0),(2934,1,5,962,168,0),(2935,1,6,962,512,0),(2936,1,15.25,962,20,0),(2937,1,8.5,962,96,0),(2938,1,3.35,962,143,0),(2939,1,5,962,59,0),(2940,3,10,963,482,0),(2941,1,19,963,297,0),(2942,1,2.75,963,305,0),(2943,1,2.75,964,653,0),(2944,1,2.9,964,457,0),(2945,1,15,965,206,0),(2946,1,19.5,965,292,0),(2947,1,2.5,965,188,0),(2948,1,32,966,19,0),(2949,3,8.5,966,95,0),(2950,1,24,967,600,0),(2951,1,8.5,968,96,0),(2952,10,3.35,969,143,0),(2953,1,3.75,970,456,0),(2954,1,3.75,970,456,0),(2955,1,10,971,482,0),(2956,2,6.5,972,144,0),(2957,2,1.9,972,198,0),(2958,1,10,973,482,0),(2959,1,19,973,97,0),(2960,1,3,974,507,0),(2961,1,9,974,294,0),(2962,1,11.5,974,611,0),(2963,1,11.5,974,622,0),(2964,1,9,975,260,0),(2965,2,3.3,975,6,0),(2966,1,6.5,975,144,0),(2967,2,3,975,385,0),(2968,2,10,976,482,0),(2969,3,2.9,976,457,0),(2970,3,3.75,976,456,0),(2971,1,11,976,208,0),(2972,1,15.5,976,135,0),(2973,1,14.5,976,75,0),(2974,1,7.75,976,62,0),(2975,1,5,976,58,0),(2976,1,15.5,977,209,0),(2977,1,42,977,153,0),(2978,1,15,977,306,0),(2979,1,3,977,224,0),(2980,2,2.75,977,87,0),(2981,1,3.5,977,639,0),(2982,2,3,977,36,0),(2983,2,3,977,578,0),(2984,4,8,978,382,0),(2985,3,2.9,978,457,0),(2986,1,12,979,251,0),(2987,1,12,979,254,0),(2988,1,1.9,979,200,0),(2989,2,1.9,979,194,0),(2990,1,1.9,979,201,0),(2991,1,1.9,979,198,0),(2992,2,3.75,979,52,0),(2993,3,3,979,51,0),(2994,1,9.5,979,573,0),(2995,1,9.75,980,513,0),(2996,1,9.75,980,648,0),(2997,1,17.25,980,527,0),(2998,1,13.25,980,384,0),(2999,1,4,980,392,0),(3000,1,9,981,294,0),(3002,10,9,983,536,0),(3003,1,9,984,536,0),(3004,5,0.85,984,139,0),(3005,2,3.75,985,456,0),(3006,1,6,986,493,0),(3007,1,12.25,987,49,0),(3008,2,1.9,988,191,0),(3009,3,14,989,612,0),(3010,1,3,990,296,0),(3011,1,3.35,990,143,0),(3012,1,3.65,991,93,0),(3013,2,3,991,51,0),(3014,1,21.5,992,53,0),(3015,1,17.25,992,527,0),(3016,1,3.5,993,639,0),(3017,1,11,993,535,0),(3018,1,9.75,993,650,0),(3019,1,2.25,993,222,0),(3020,1,5,993,167,0),(3021,1,11,993,207,0),(3022,1,9,993,266,0),(3023,1,4,993,346,0),(3024,2,3.35,994,143,0),(3025,1,6.5,995,106,0),(3026,1,10,995,482,0),(3027,2,2.9,995,457,0),(3028,1,3.65,996,93,0),(3029,1,18,996,326,0),(3030,1,9,996,267,0),(3031,1,10,996,133,0),(3032,1,8,996,426,0),(3033,1,5.25,997,619,0),(3034,5,2.75,998,653,0),(3035,1,10,998,349,0),(3036,3,2.9,999,457,0),(3037,3,3.75,999,456,0),(3038,3,6,999,210,0),(3039,3,4,999,265,0),(3040,6,1.9,999,504,0),(3041,3,2.9,999,44,0),(3042,3,3.75,999,169,0),(3043,3,6.5,999,106,0),(3044,3,2.5,999,12,0),(3045,3,2.3,999,155,0),(3046,3,3,999,42,0),(3047,1,10,999,482,0),(3048,1,6.5,999,268,0),(3049,1,3,999,506,0),(3050,3,6,999,492,0),(3051,1,14,999,491,0),(3052,1,9,1000,260,0),(3053,1,10,1000,482,0),(3054,1,16,1000,569,0),(3055,1,2,1001,304,0),(3056,1,3,1001,296,0),(3057,1,10.5,1002,111,0),(3058,1,27,1003,172,0),(3059,1,24.5,1003,626,0),(3060,1,9,1004,158,0),(3061,10,2.75,1005,653,0),(3062,1,3.5,1005,508,0),(3063,1,9.5,1006,573,0),(3064,2,2.9,1006,457,0),(3065,2,2.9,1007,44,0),(3066,1,32,1008,19,0),(3067,2,6.5,1009,144,0),(3068,4,3.75,1009,456,0),(3069,4,2.9,1009,457,0),(3070,2,3.3,1009,6,0),(3071,3,3,1009,385,0),(3072,1,11.5,1009,105,0),(3073,2,3,1009,296,0),(3074,2,3,1009,42,0),(3075,1,9.75,1010,108,0),(3076,1,4,1010,335,0),(3077,1,10,1011,482,0),(3078,1,11,1012,474,0),(3079,6,2.75,1013,653,0),(3080,1,1.9,1013,200,0),(3081,1,1.9,1013,201,0),(3082,1,1.9,1013,197,0),(3083,1,1.9,1013,193,0),(3084,1,1.9,1013,194,0),(3085,1,1.9,1013,198,0),(3086,1,12,1013,646,0),(3087,2,9,1013,266,0),(3088,3,2.3,1013,155,0),(3089,1,9,1013,536,0),(3090,1,10,1013,333,0),(3091,1,8,1013,336,0),(3092,1,5.5,1013,503,0),(3093,6,3.75,1013,52,0),(3094,2,6,1013,322,0),(3095,1,12,1013,561,0),(3096,2,5,1013,86,0),(3097,1,3,1013,224,0),(3098,1,11,1013,535,0),(3099,1,4.5,1013,433,0),(3100,1,5,1014,381,0),(3101,2,3.75,1014,456,0),(3102,1,12.5,1014,74,0),(3103,1,10,1015,482,0),(3104,1,1.9,1015,505,0),(3107,1,12,1017,464,0),(3113,2,24,1020,630,0);
/*!40000 ALTER TABLE `detallesalida` ENABLE KEYS */;
UNLOCK TABLES;

--
-- Table structure for table `devoluciones`
--

DROP TABLE IF EXISTS `devoluciones`;
/*!40101 SET @saved_cs_client     = @@character_set_client */;
/*!40101 SET character_set_client = utf8 */;
CREATE TABLE `devoluciones` (
  `iddevolucion` int(11) NOT NULL AUTO_INCREMENT,
  `idproducto` int(11) NOT NULL,
  `cantidad` float DEFAULT NULL,
  `precio` float DEFAULT NULL,
  `subtotal` float DEFAULT NULL,
  `idlote` int(11) NOT NULL,
  `idcompra` int(11) NOT NULL,
  `devolucion` float DEFAULT NULL,
  `fecha` date DEFAULT NULL,
  `entradasalida` varchar(12) CHARACTER SET utf8 DEFAULT NULL,
  `idusuario` int(11) NOT NULL,
  PRIMARY KEY (`iddevolucion`)
) ENGINE=InnoDB AUTO_INCREMENT=2 DEFAULT CHARSET=utf8 COLLATE=utf8_unicode_ci;
/*!40101 SET character_set_client = @saved_cs_client */;

--
-- Dumping data for table `devoluciones`
--

LOCK TABLES `devoluciones` WRITE;
/*!40000 ALTER TABLE `devoluciones` DISABLE KEYS */;
INSERT INTO `devoluciones` VALUES (1,24,1,9,9,23,223,0,'2016-03-09','CLIENTE',10);
/*!40000 ALTER TABLE `devoluciones` ENABLE KEYS */;
UNLOCK TABLES;

--
-- Table structure for table `empresa`
--

DROP TABLE IF EXISTS `empresa`;
/*!40101 SET @saved_cs_client     = @@character_set_client */;
/*!40101 SET character_set_client = utf8 */;
CREATE TABLE `empresa` (
  `nombre` varchar(100) CHARACTER SET utf8 DEFAULT NULL,
  `direccion` varchar(150) CHARACTER SET utf8 DEFAULT NULL,
  `telefono` varchar(12) CHARACTER SET utf8 DEFAULT NULL,
  `correo` varchar(50) CHARACTER SET utf8 DEFAULT NULL
) ENGINE=InnoDB DEFAULT CHARSET=utf8 COLLATE=utf8_unicode_ci;
/*!40101 SET character_set_client = @saved_cs_client */;

--
-- Dumping data for table `empresa`
--

LOCK TABLES `empresa` WRITE;
/*!40000 ALTER TABLE `empresa` DISABLE KEYS */;
INSERT INTO `empresa` VALUES ('REPUESTOS RUBEN´S','KM 183 CANTON PUCA SECTOR I','7771-4531','SAN SEBASTIAN, RETALHULEU');
/*!40000 ALTER TABLE `empresa` ENABLE KEYS */;
UNLOCK TABLES;

--
-- Table structure for table `fechaint`
--

DROP TABLE IF EXISTS `fechaint`;
/*!40101 SET @saved_cs_client     = @@character_set_client */;
/*!40101 SET character_set_client = utf8 */;
CREATE TABLE `fechaint` (
  `id` int(11) NOT NULL AUTO_INCREMENT,
  `fecha` date DEFAULT NULL,
  PRIMARY KEY (`id`)
) ENGINE=InnoDB DEFAULT CHARSET=utf8 COLLATE=utf8_unicode_ci;
/*!40101 SET character_set_client = @saved_cs_client */;

--
-- Dumping data for table `fechaint`
--

LOCK TABLES `fechaint` WRITE;
/*!40000 ALTER TABLE `fechaint` DISABLE KEYS */;
/*!40000 ALTER TABLE `fechaint` ENABLE KEYS */;
UNLOCK TABLES;

--
-- Table structure for table `lote`
--

DROP TABLE IF EXISTS `lote`;
/*!40101 SET @saved_cs_client     = @@character_set_client */;
/*!40101 SET character_set_client = utf8 */;
CREATE TABLE `lote` (
  `idlote` int(11) NOT NULL AUTO_INCREMENT,
  `cantidad` float NOT NULL,
  `precio` float NOT NULL,
  `stock` float NOT NULL,
  `estado` char(1) CHARACTER SET latin1 DEFAULT 'T',
  `Fecha` date NOT NULL,
  `producto_idproducto` int(11) NOT NULL,
  `tipoentrada` varchar(8) CHARACTER SET latin1 NOT NULL,
  `compra_idcompra` int(11) NOT NULL,
  `devolucion` float DEFAULT NULL,
  PRIMARY KEY (`idlote`,`producto_idproducto`,`compra_idcompra`),
  KEY `fk_lote_producto` (`producto_idproducto`),
  KEY `fk_lote_compra1_idx` (`compra_idcompra`),
  CONSTRAINT `fk_lote_compra1` FOREIGN KEY (`compra_idcompra`) REFERENCES `compra` (`idcompra`) ON DELETE NO ACTION ON UPDATE NO ACTION,
  CONSTRAINT `fk_lote_producto` FOREIGN KEY (`producto_idproducto`) REFERENCES `producto` (`idproducto`) ON DELETE NO ACTION ON UPDATE NO ACTION
) ENGINE=InnoDB AUTO_INCREMENT=681 DEFAULT CHARSET=utf8 COLLATE=utf8_unicode_ci;
/*!40101 SET character_set_client = @saved_cs_client */;

--
-- Dumping data for table `lote`
--

LOCK TABLES `lote` WRITE;
/*!40000 ALTER TABLE `lote` DISABLE KEYS */;
INSERT INTO `lote` VALUES (1,36,3.61,32,'T','2016-02-24',1,'COMPRA',1,NULL),(2,10,11,8,'T','2016-02-24',2,'COMPRA',2,NULL),(3,50,4,27,'T','2016-02-24',3,'COMPRA',3,NULL),(4,50,4.2,39,'T','2016-02-24',4,'COMPRA',4,NULL),(5,36,3.05,30,'T','2016-02-24',5,'COMPRA',5,NULL),(6,60,3.1,49,'T','2016-02-24',6,'COMPRA',6,NULL),(7,36,3.1,31,'T','2016-02-24',7,'COMPRA',7,NULL),(8,48,3.1,48,'T','2016-02-24',8,'COMPRA',8,NULL),(9,30,3.1,26,'T','2016-02-24',9,'COMPRA',9,NULL),(10,48,3.1,48,'T','2016-02-24',10,'COMPRA',10,NULL),(11,100,1.95,87,'T','2016-02-24',11,'COMPRA',11,NULL),(12,100,1.9,48,'T','2016-02-24',12,'COMPRA',12,NULL),(13,100,1.9,92,'T','2016-02-24',13,'COMPRA',13,NULL),(14,100,1.9,67,'T','2016-02-24',14,'COMPRA',13,NULL),(15,100,1.9,89,'T','2016-02-24',15,'COMPRA',13,NULL),(16,100,1.9,94,'T','2016-02-24',17,'COMPRA',14,NULL),(17,10,20,0,'C','2016-02-24',18,'COMPRA',14,NULL),(18,28,8.75,27,'T','2016-02-24',19,'COMPRA',14,NULL),(19,24,27.5,19,'T','2016-02-24',20,'COMPRA',14,NULL),(20,28,14.75,21,'T','2016-02-24',21,'COMPRA',14,NULL),(21,6,55.83,6,'T','2016-02-24',22,'COMPRA',14,NULL),(22,12,26.5,10,'T','2016-02-24',23,'COMPRA',14,NULL),(23,24,8.5,23,'T','2016-02-24',24,'COMPRA',14,NULL),(24,72,6.5,72,'T','2016-02-24',26,'COMPRA',14,NULL),(25,144,3.33,140,'T','2016-02-24',27,'COMPRA',14,NULL),(26,144,3.33,131,'T','2016-02-24',25,'COMPRA',14,NULL),(27,24,20.41,24,'T','2016-02-24',30,'COMPRA',14,NULL),(28,144,2,102,'T','2016-02-24',31,'COMPRA',14,NULL),(29,40,2.62,39,'T','2016-02-24',32,'COMPRA',14,NULL),(30,24,5.92,7,'T','2016-02-24',33,'COMPRA',14,NULL),(31,24,7.5,20,'T','2016-02-24',34,'COMPRA',14,NULL),(32,24,5.42,22,'T','2016-02-24',35,'COMPRA',14,NULL),(33,24,5.42,19,'T','2016-02-24',36,'COMPRA',14,NULL),(34,24,2.29,19,'T','2016-02-24',37,'COMPRA',14,NULL),(35,24,2.92,19,'T','2016-02-24',38,'COMPRA',14,NULL),(36,24,2.62,0,'C','2016-02-24',39,'COMPRA',14,NULL),(37,48,2.62,33,'T','2016-02-24',40,'COMPRA',14,NULL),(38,48,2.62,33,'T','2016-02-24',41,'COMPRA',14,NULL),(39,30,3.17,19,'T','2016-02-24',42,'COMPRA',14,NULL),(40,24,2.25,16,'T','2016-02-24',43,'COMPRA',14,NULL),(41,48,1.79,4,'T','2016-02-24',44,'COMPRA',14,NULL),(42,40,2.4,27,'T','2016-02-24',45,'COMPRA',14,NULL),(43,20,7.75,17,'T','2016-02-24',46,'COMPRA',14,NULL),(44,60,2.67,19,'T','2016-02-24',47,'COMPRA',14,NULL),(45,10,8.7,7,'T','2016-02-24',48,'COMPRA',14,NULL),(46,10,11.5,7,'T','2016-02-24',49,'COMPRA',14,NULL),(47,10,11.5,10,'T','2016-02-24',50,'COMPRA',14,NULL),(48,10,11.5,9,'T','2016-02-24',51,'COMPRA',14,NULL),(49,10,11.5,5,'T','2016-02-24',52,'COMPRA',14,NULL),(50,10,12.8,4,'T','2016-02-24',53,'COMPRA',14,NULL),(51,33,2.5,20,'T','2016-02-24',54,'COMPRA',14,NULL),(52,40,3.12,14,'T','2016-02-24',55,'COMPRA',14,NULL),(53,18,20.55,16,'T','2016-02-24',56,'COMPRA',14,NULL),(54,10,80.7,5,'T','2016-02-24',57,'COMPRA',14,NULL),(55,10,8.7,0,'C','2016-02-24',58,'COMPRA',14,NULL),(56,10,9,0,'C','2016-02-24',59,'COMPRA',14,NULL),(57,10,9,4,'T','2016-02-24',60,'COMPRA',14,NULL),(58,20,4.5,15,'T','2016-02-24',61,'COMPRA',14,NULL),(59,20,4.5,17,'T','2016-02-24',62,'COMPRA',14,NULL),(60,40,3,27,'T','2016-02-24',63,'COMPRA',14,NULL),(61,100,1.3,86,'T','2016-02-24',64,'COMPRA',14,NULL),(62,12,7.25,10,'T','2016-02-24',65,'COMPRA',14,NULL),(63,12,4.67,9,'T','2016-02-24',66,'COMPRA',14,NULL),(64,4,20.5,4,'T','2016-02-24',67,'COMPRA',14,NULL),(65,12,14.17,10,'T','2016-02-24',68,'COMPRA',14,NULL),(66,24,13,19,'T','2016-02-24',69,'COMPRA',14,NULL),(67,12,16.67,5,'T','2016-02-24',70,'COMPRA',14,NULL),(68,12,16.67,8,'T','2016-02-24',71,'COMPRA',14,NULL),(69,12,16.67,7,'T','2016-02-24',72,'COMPRA',14,NULL),(70,12,16.67,10,'T','2016-02-24',84,'COMPRA',14,NULL),(71,30,9,28,'T','2016-02-24',73,'COMPRA',14,NULL),(72,18,13.22,16,'T','2016-02-24',74,'COMPRA',14,NULL),(73,18,9.5,18,'T','2016-02-24',75,'COMPRA',14,NULL),(74,24,11.75,9,'T','2016-02-24',76,'COMPRA',14,NULL),(75,16,13.5,13,'T','2016-02-24',77,'COMPRA',14,NULL),(76,18,15.5,13,'T','2016-02-24',78,'COMPRA',14,NULL),(77,18,15.5,16,'T','2016-02-24',79,'COMPRA',14,NULL),(78,18,15.5,17,'T','2016-02-24',80,'COMPRA',14,NULL),(79,12,16.67,3,'T','2016-02-24',82,'COMPRA',14,NULL),(80,12,16.67,5,'T','2016-02-24',81,'COMPRA',14,NULL),(81,12,16.67,12,'T','2016-02-24',84,'COMPRA',14,NULL),(82,12,16.67,8,'T','2016-02-24',86,'COMPRA',14,NULL),(83,12,16.67,4,'T','2016-02-24',87,'COMPRA',14,NULL),(84,12,16.67,6,'T','2016-02-24',85,'COMPRA',14,NULL),(85,12,16.67,0,'C','2016-02-24',83,'COMPRA',14,NULL),(86,60,4.5,49,'T','2016-02-24',88,'COMPRA',14,NULL),(87,84,2.25,74,'T','2016-02-24',89,'COMPRA',14,NULL),(88,144,1.35,109,'T','2016-02-24',90,'COMPRA',14,NULL),(89,72,2.75,70,'T','2016-02-24',91,'COMPRA',14,NULL),(90,36,5.42,29,'T','2016-02-24',93,'COMPRA',14,NULL),(91,48,4.5,43,'T','2016-02-24',92,'COMPRA',14,NULL),(92,216,10.8,204,'T','2016-02-24',95,'COMPRA',14,NULL),(93,36,3.25,26,'T','2016-02-24',96,'COMPRA',14,NULL),(94,36,4.25,0,'C','2016-02-24',97,'COMPRA',14,NULL),(95,24,7.92,5,'T','2016-02-24',98,'COMPRA',14,NULL),(96,12,7.92,2,'T','2016-02-24',99,'COMPRA',14,NULL),(97,12,17.92,7,'T','2016-02-24',100,'COMPRA',14,NULL),(98,12,10,0,'C','2016-02-24',101,'COMPRA',14,NULL),(99,12,17.5,5,'T','2016-02-24',102,'COMPRA',14,NULL),(100,12,15.42,10,'T','2016-02-24',103,'COMPRA',14,NULL),(101,24,3.96,19,'T','2016-02-24',104,'COMPRA',14,NULL),(102,12,6,7,'T','2016-02-24',105,'COMPRA',14,NULL),(103,12,5,1,'T','2016-02-24',106,'COMPRA',14,NULL),(104,4,15,3,'T','2016-02-24',107,'COMPRA',14,NULL),(105,36,10.42,5,'T','2016-02-24',108,'COMPRA',14,NULL),(106,72,5.21,49,'T','2016-02-24',109,'COMPRA',14,NULL),(107,36,8.75,0,'C','2016-02-24',110,'COMPRA',14,NULL),(108,36,8.75,7,'T','2016-02-24',111,'COMPRA',14,NULL),(109,36,9.16,22,'T','2016-02-24',112,'COMPRA',14,NULL),(110,36,9.16,36,'T','2016-02-24',112,'COMPRA',14,NULL),(111,48,10,46,'T','2016-02-24',113,'COMPRA',14,NULL),(112,48,5.21,27,'T','2016-02-24',114,'COMPRA',14,NULL),(113,10,6.5,3,'T','2016-02-24',115,'COMPRA',14,NULL),(114,5,13.75,0,'C','2016-02-24',116,'COMPRA',14,NULL),(115,4,32,4,'T','2016-02-24',117,'COMPRA',14,NULL),(116,46,4.5,38,'T','2016-02-24',118,'COMPRA',14,NULL),(117,30,2.9,17,'T','2016-02-24',119,'COMPRA',14,NULL),(118,50,0.8,31,'T','2016-02-24',120,'COMPRA',14,NULL),(119,40,1.87,38,'T','2016-02-24',121,'COMPRA',14,NULL),(120,40,2.32,34,'T','2016-02-24',122,'COMPRA',14,NULL),(121,100,1.9,99,'T','2016-02-24',16,'COMPRA',15,NULL),(122,24,9.25,18,'T','2016-02-24',94,'COMPRA',16,NULL),(123,12,22.08,9,'T','2016-02-24',28,'COMPRA',16,NULL),(124,6,40.5,6,'T','2016-02-24',29,'COMPRA',16,NULL),(125,25,7.92,24,'T','2016-02-24',285,'COMPRA',17,NULL),(126,24,3.25,21,'T','2016-02-24',271,'COMPRA',18,NULL),(127,24,3.25,21,'T','2016-02-24',272,'COMPRA',18,NULL),(128,24,3.25,23,'T','2016-02-24',273,'COMPRA',18,NULL),(129,24,3.25,20,'T','2016-02-24',274,'COMPRA',18,NULL),(130,25,9.48,20,'T','2016-02-24',281,'COMPRA',18,NULL),(131,25,9.48,22,'T','2016-02-24',282,'COMPRA',18,NULL),(132,25,9.48,24,'T','2016-02-24',283,'COMPRA',18,NULL),(133,25,9.48,24,'T','2016-02-24',284,'COMPRA',18,NULL),(134,10,7,9,'T','2016-02-24',123,'COMPRA',19,NULL),(135,16,14.69,10,'T','2016-02-24',124,'COMPRA',19,NULL),(136,96,1.87,93,'T','2016-02-24',127,'COMPRA',19,NULL),(137,96,1.89,94,'T','2016-02-24',125,'COMPRA',19,NULL),(138,96,1.87,95,'T','2016-02-24',126,'COMPRA',19,NULL),(139,105,0.52,82,'T','2016-02-24',128,'COMPRA',19,NULL),(140,105,2.38,0,'C','2016-02-24',129,'COMPRA',19,NULL),(141,50,6,46,'T','2016-02-24',132,'COMPRA',19,NULL),(142,128,2.26,0,'C','2016-02-24',131,'COMPRA',19,NULL),(143,240,3.17,156,'T','2016-02-24',134,'COMPRA',19,NULL),(144,120,6.2,30,'T','2016-02-24',133,'COMPRA',19,NULL),(145,24,11.25,24,'T','2016-02-24',136,'COMPRA',19,NULL),(146,12,42,8,'T','2016-02-24',137,'COMPRA',19,NULL),(147,12,9.17,1,'T','2016-02-24',138,'COMPRA',19,NULL),(148,12,9.17,12,'T','2016-02-24',138,'COMPRA',19,NULL),(149,15,28,14,'T','2016-02-24',139,'COMPRA',19,NULL),(150,12,11.25,12,'T','2016-02-24',136,'COMPRA',19,NULL),(151,24,24,23,'T','2016-02-24',141,'COMPRA',19,NULL),(152,24,38.5,21,'T','2016-02-24',142,'COMPRA',19,NULL),(153,6,40.5,5,'T','2016-02-24',143,'COMPRA',19,NULL),(154,144,4.16,139,'T','2016-02-24',145,'COMPRA',19,NULL),(155,144,2.01,120,'T','2016-02-24',144,'COMPRA',19,NULL),(156,48,2.75,42,'T','2016-02-24',146,'COMPRA',19,NULL),(157,48,9.37,32,'T','2016-02-24',148,'COMPRA',19,NULL),(158,24,8.25,16,'T','2016-02-24',151,'COMPRA',19,NULL),(159,48,6.5,42,'T','2016-02-24',150,'COMPRA',19,NULL),(160,48,3,45,'T','2016-02-24',149,'COMPRA',19,NULL),(161,12,13.33,10,'T','2016-02-24',152,'COMPRA',19,NULL),(162,24,7.71,18,'T','2016-02-24',154,'COMPRA',19,NULL),(163,24,7,22,'T','2016-02-24',155,'COMPRA',19,NULL),(164,144,4.16,144,'T','2016-02-24',145,'COMPRA',19,NULL),(165,144,4.16,137,'T','2016-02-24',156,'COMPRA',19,NULL),(166,96,2.65,89,'T','2016-02-24',157,'COMPRA',19,NULL),(167,48,4.17,44,'T','2016-02-24',158,'COMPRA',19,NULL),(168,48,4.17,46,'T','2016-02-24',159,'COMPRA',19,NULL),(169,48,3.25,44,'T','2016-02-24',161,'COMPRA',19,NULL),(170,48,2.5,45,'T','2016-02-24',160,'COMPRA',19,NULL),(171,48,7.75,44,'T','2016-02-24',162,'COMPRA',19,NULL),(172,25,26,18,'T','2016-02-24',163,'COMPRA',19,NULL),(173,12,6.5,10,'T','2016-02-24',164,'COMPRA',19,NULL),(174,12,10,12,'T','2016-02-24',165,'COMPRA',19,NULL),(175,10,8.5,8,'T','2016-02-24',166,'COMPRA',19,NULL),(176,4,15,4,'T','2016-02-24',167,'COMPRA',19,NULL),(177,4,30,4,'T','2016-02-24',168,'COMPRA',19,NULL),(178,4,30,3,'T','2016-02-24',169,'COMPRA',19,NULL),(179,72,3,57,'T','2016-02-24',170,'COMPRA',19,NULL),(180,72,3,69,'T','2016-02-24',171,'COMPRA',19,NULL),(181,48,4.5,38,'T','2016-02-24',172,'COMPRA',19,NULL),(182,48,3.5,47,'T','2016-02-24',173,'COMPRA',19,NULL),(183,18,8,15,'T','2016-02-24',174,'COMPRA',19,NULL),(184,18,5,17,'T','2016-02-24',175,'COMPRA',19,NULL),(185,100,3.2,93,'T','2016-02-24',176,'COMPRA',19,NULL),(186,25,5,22,'T','2016-02-24',177,'COMPRA',19,NULL),(187,50,3,42,'T','2016-02-24',178,'COMPRA',19,NULL),(188,50,1.9,43,'T','2016-02-24',179,'COMPRA',19,NULL),(189,20,3.5,6,'T','2016-02-24',180,'COMPRA',19,NULL),(190,108,1.8,87,'T','2016-02-24',181,'COMPRA',19,NULL),(191,108,1.8,88,'T','2016-02-24',182,'COMPRA',19,NULL),(192,108,1.8,84,'T','2016-02-24',183,'COMPRA',19,NULL),(193,108,1.8,102,'T','2016-02-24',184,'COMPRA',19,NULL),(194,108,1.8,92,'T','2016-02-24',185,'COMPRA',19,NULL),(195,108,1.8,100,'T','2016-02-24',186,'COMPRA',19,NULL),(196,108,1.8,102,'T','2016-02-24',187,'COMPRA',19,NULL),(197,108,1.8,101,'T','2016-02-24',188,'COMPRA',19,NULL),(198,108,1.8,92,'T','2016-02-24',189,'COMPRA',19,NULL),(199,108,1.8,98,'T','2016-02-24',190,'COMPRA',19,NULL),(200,108,1.8,96,'T','2016-02-24',191,'COMPRA',19,NULL),(201,108,1.8,93,'T','2016-02-24',192,'COMPRA',19,NULL),(202,108,1.8,102,'T','2016-02-24',193,'COMPRA',19,NULL),(203,108,1.8,97,'T','2016-02-24',194,'COMPRA',19,NULL),(204,108,1.8,88,'T','2016-02-24',195,'COMPRA',19,NULL),(205,12,11,9,'T','2016-02-24',196,'COMPRA',19,NULL),(206,24,14.38,14,'T','2016-02-24',197,'COMPRA',19,NULL),(207,24,10.5,16,'T','2016-02-24',198,'COMPRA',19,NULL),(208,24,9.79,20,'T','2016-02-24',199,'COMPRA',19,NULL),(209,24,14.5,23,'T','2016-02-24',200,'COMPRA',19,NULL),(210,24,5.5,14,'T','2016-02-24',201,'COMPRA',19,NULL),(211,24,11.25,24,'T','2016-02-24',202,'COMPRA',19,NULL),(212,24,14.5,24,'T','2016-02-24',203,'COMPRA',19,NULL),(213,24,10.5,24,'T','2016-02-24',204,'COMPRA',19,NULL),(214,24,9.25,21,'T','2016-02-24',205,'COMPRA',19,NULL),(215,24,5.25,24,'T','2016-02-24',206,'COMPRA',19,NULL),(216,24,12.5,20,'T','2016-02-24',207,'COMPRA',19,NULL),(217,24,7.92,19,'T','2016-02-24',208,'COMPRA',19,NULL),(218,12,25.5,12,'T','2016-02-24',209,'COMPRA',19,NULL),(219,24,9,22,'T','2016-02-24',215,'COMPRA',19,NULL),(220,24,4.5,19,'T','2016-02-24',210,'COMPRA',19,NULL),(221,24,4.5,23,'T','2016-02-24',211,'COMPRA',19,NULL),(222,40,1.9,36,'T','2016-02-24',212,'COMPRA',19,NULL),(223,100,2.35,97,'T','2016-02-24',214,'COMPRA',19,NULL),(224,100,2.5,70,'T','2016-02-24',213,'COMPRA',19,NULL),(225,24,10,20,'T','2016-02-24',216,'COMPRA',19,NULL),(226,24,5.21,24,'T','2016-02-24',217,'COMPRA',19,NULL),(227,24,4.79,24,'T','2016-02-24',218,'COMPRA',19,NULL),(228,16,8.75,5,'T','2016-02-24',219,'COMPRA',19,NULL),(229,16,8.75,15,'T','2016-02-24',223,'COMPRA',19,NULL),(230,24,8.75,0,'C','2016-02-24',224,'COMPRA',19,NULL),(231,18,4.5,11,'T','2016-02-24',221,'COMPRA',19,NULL),(232,18,4.5,13,'T','2016-02-24',222,'COMPRA',19,NULL),(233,15,9,12,'T','2016-02-24',225,'COMPRA',19,NULL),(234,15,9,14,'T','2016-02-24',226,'COMPRA',19,NULL),(235,15,9,11,'T','2016-02-24',227,'COMPRA',19,NULL),(236,15,9,14,'T','2016-02-24',228,'COMPRA',19,NULL),(237,16,13.75,14,'T','2016-02-24',229,'COMPRA',19,NULL),(238,16,13.75,16,'T','2016-02-24',230,'COMPRA',19,NULL),(239,32,13.5,30,'T','2016-02-24',231,'COMPRA',19,NULL),(240,28,4,24,'T','2016-02-24',232,'COMPRA',19,NULL),(241,36,9,31,'T','2016-02-24',233,'COMPRA',19,NULL),(242,42,6.5,39,'T','2016-02-24',234,'COMPRA',19,NULL),(243,48,4,44,'T','2016-02-24',235,'COMPRA',19,NULL),(244,36,2.75,34,'T','2016-02-24',236,'COMPRA',19,NULL),(245,12,7.5,11,'T','2016-02-24',237,'COMPRA',19,NULL),(246,12,8.5,11,'T','2016-02-24',238,'COMPRA',19,NULL),(247,10,18,9,'T','2016-02-24',239,'COMPRA',19,NULL),(248,12,8.33,5,'T','2016-02-24',240,'COMPRA',19,NULL),(249,5,0.9,5,'T','2016-02-24',242,'COMPRA',19,NULL),(250,12,10,9,'T','2016-02-24',247,'COMPRA',19,NULL),(251,12,10,8,'T','2016-02-24',248,'COMPRA',19,NULL),(252,12,10,9,'T','2016-02-24',249,'COMPRA',19,NULL),(253,12,10,8,'T','2016-02-24',250,'COMPRA',19,NULL),(254,12,10,10,'T','2016-02-24',251,'COMPRA',19,NULL),(255,72,18.36,70,'T','2016-02-24',255,'COMPRA',19,NULL),(256,24,6,23,'T','2016-02-24',256,'COMPRA',19,NULL),(257,48,5,47,'T','2016-02-24',257,'COMPRA',19,NULL),(258,50,8.5,36,'T','2016-02-24',258,'COMPRA',19,NULL),(259,24,27.5,22,'T','2016-02-24',259,'COMPRA',19,NULL),(260,48,8.22,30,'T','2016-02-24',260,'COMPRA',19,NULL),(261,12,7.92,2,'T','2016-02-24',261,'COMPRA',19,NULL),(262,24,27.5,21,'T','2016-02-24',262,'COMPRA',19,NULL),(263,24,24,23,'T','2016-02-24',263,'COMPRA',19,NULL),(264,48,7.5,44,'T','2016-02-24',264,'COMPRA',19,NULL),(265,50,3.5,34,'T','2016-02-24',265,'COMPRA',19,NULL),(266,50,8.5,39,'T','2016-02-24',266,'COMPRA',19,NULL),(267,50,8.5,44,'T','2016-02-24',267,'COMPRA',19,NULL),(268,50,5.75,45,'T','2016-02-24',268,'COMPRA',19,NULL),(269,48,8,48,'T','2016-02-24',269,'COMPRA',19,NULL),(270,50,5.5,48,'T','2016-02-24',270,'COMPRA',19,NULL),(271,24,3.25,24,'T','2016-02-24',271,'COMPRA',19,NULL),(272,24,3.25,24,'T','2016-02-24',272,'COMPRA',19,NULL),(273,24,3.25,24,'T','2016-02-24',273,'COMPRA',19,NULL),(274,24,3.25,24,'T','2016-02-24',274,'COMPRA',19,NULL),(275,12,15,11,'T','2016-02-24',275,'COMPRA',19,NULL),(276,24,5.5,18,'T','2016-02-24',276,'COMPRA',19,NULL),(277,24,2,22,'T','2016-02-24',277,'COMPRA',19,NULL),(278,24,11.25,19,'T','2016-02-24',278,'COMPRA',19,NULL),(279,50,8.8,45,'T','2016-02-24',279,'COMPRA',19,NULL),(280,24,8.75,22,'T','2016-02-24',280,'COMPRA',19,NULL),(281,25,9.48,25,'T','2016-02-24',281,'COMPRA',19,NULL),(282,25,9.48,25,'T','2016-02-24',282,'COMPRA',19,NULL),(283,25,9.48,25,'T','2016-02-24',283,'COMPRA',19,NULL),(284,25,9.48,25,'T','2016-02-24',284,'COMPRA',19,NULL),(285,25,7.92,25,'T','2016-02-24',285,'COMPRA',19,NULL),(286,25,7.92,25,'T','2016-02-24',286,'COMPRA',19,NULL),(287,25,7.92,24,'T','2016-02-24',287,'COMPRA',19,NULL),(288,25,7.92,25,'T','2016-02-24',288,'COMPRA',19,NULL),(289,12,17.5,12,'T','2016-02-24',289,'COMPRA',19,NULL),(290,48,1.77,47,'T','2016-02-24',290,'COMPRA',19,NULL),(291,18,9.44,18,'T','2016-02-24',291,'COMPRA',19,NULL),(292,12,18.75,9,'T','2016-02-24',292,'COMPRA',19,NULL),(293,48,2.75,46,'T','2016-02-24',293,'COMPRA',19,NULL),(294,24,8.5,17,'T','2016-02-24',294,'COMPRA',19,NULL),(295,48,4.5,45,'T','2016-02-24',295,'COMPRA',19,NULL),(296,60,2.66,29,'T','2016-02-24',296,'COMPRA',19,NULL),(297,12,18.5,2,'T','2016-02-24',297,'COMPRA',19,NULL),(298,4,60,4,'T','2016-02-24',298,'COMPRA',19,NULL),(299,48,5.25,33,'T','2016-02-24',299,'COMPRA',19,NULL),(300,6,32.5,1,'T','2016-02-24',300,'COMPRA',19,NULL),(301,48,2.7,46,'T','2016-02-24',301,'COMPRA',19,NULL),(302,48,4.5,47,'T','2016-02-24',302,'COMPRA',19,NULL),(303,4,27.5,4,'T','2016-02-24',303,'COMPRA',19,NULL),(304,60,1.5,48,'T','2016-02-24',304,'COMPRA',19,NULL),(305,48,2.19,38,'T','2016-02-24',305,'COMPRA',19,NULL),(306,6,14.17,3,'T','2016-02-24',306,'COMPRA',19,NULL),(307,32,5,24,'T','2016-02-24',307,'COMPRA',19,NULL),(308,8,17,8,'T','2016-02-24',308,'COMPRA',19,NULL),(309,48,3,44,'T','2016-02-24',309,'COMPRA',19,NULL),(310,16,9.25,15,'T','2016-02-24',310,'COMPRA',19,NULL),(311,48,1.75,42,'T','2016-02-24',311,'COMPRA',19,NULL),(312,48,3.25,37,'T','2016-02-24',312,'COMPRA',19,NULL),(313,24,12.5,14,'T','2016-02-24',313,'COMPRA',19,NULL),(314,24,12.5,20,'T','2016-02-24',314,'COMPRA',19,NULL),(315,24,2.92,23,'T','2016-02-24',315,'COMPRA',19,NULL),(316,24,2.92,9,'T','2016-02-24',316,'COMPRA',19,NULL),(317,24,2.92,24,'T','2016-02-24',317,'COMPRA',19,NULL),(318,48,5,41,'T','2016-02-24',319,'COMPRA',19,NULL),(319,48,1.46,47,'T','2016-02-24',320,'COMPRA',19,NULL),(320,24,1.5,21,'T','2016-02-24',321,'COMPRA',19,NULL),(321,72,6.25,61,'T','2016-02-24',322,'COMPRA',19,NULL),(322,72,5,59,'T','2016-02-24',324,'COMPRA',19,NULL),(323,36,5.97,30,'T','2016-02-24',323,'COMPRA',19,NULL),(324,36,5.97,28,'T','2016-02-24',325,'COMPRA',19,NULL),(325,48,5,45,'T','2016-02-24',326,'COMPRA',19,NULL),(326,24,17.7,18,'T','2016-02-24',327,'COMPRA',19,NULL),(327,24,3.5,23,'T','2016-02-24',328,'COMPRA',19,NULL),(328,24,5,20,'T','2016-02-24',329,'COMPRA',19,NULL),(329,12,21.67,12,'T','2016-02-24',331,'COMPRA',19,NULL),(330,24,13.75,22,'T','2016-02-24',330,'COMPRA',19,NULL),(331,24,12.29,22,'T','2016-02-24',332,'COMPRA',19,NULL),(332,25,11,23,'T','2016-02-24',333,'COMPRA',19,NULL),(333,40,9.12,31,'T','2016-02-24',334,'COMPRA',19,NULL),(334,40,9.12,39,'T','2016-02-24',335,'COMPRA',19,NULL),(335,40,3.2,24,'T','2016-02-24',336,'COMPRA',19,NULL),(336,60,7.2,43,'T','2016-02-24',338,'COMPRA',19,NULL),(337,50,7.2,45,'T','2016-02-24',339,'COMPRA',19,NULL),(338,60,7.2,59,'T','2016-02-24',337,'COMPRA',19,NULL),(339,60,7.2,54,'T','2016-02-24',340,'COMPRA',19,NULL),(340,40,9.11,38,'T','2016-02-24',341,'COMPRA',19,NULL),(341,40,7.2,36,'T','2016-02-24',342,'COMPRA',19,NULL),(342,40,7.2,35,'T','2016-02-24',343,'COMPRA',19,NULL),(343,80,7.2,79,'T','2016-02-24',344,'COMPRA',19,NULL),(344,25,9.5,24,'T','2016-02-24',345,'COMPRA',19,NULL),(345,12,6.5,10,'T','2016-02-24',346,'COMPRA',19,NULL),(346,36,3,32,'T','2016-02-24',347,'COMPRA',19,NULL),(347,24,5.5,20,'T','2016-02-24',348,'COMPRA',19,NULL),(348,24,5.5,21,'T','2016-02-24',349,'COMPRA',19,NULL),(349,18,9.5,9,'T','2016-02-24',350,'COMPRA',19,NULL),(350,144,3.47,140,'T','2016-02-24',351,'COMPRA',19,NULL),(351,24,6.05,24,'T','2016-02-24',352,'COMPRA',19,NULL),(352,24,6.05,23,'T','2016-02-24',353,'COMPRA',19,NULL),(353,72,6.73,66,'T','2016-02-24',354,'COMPRA',19,NULL),(354,72,6.73,59,'T','2016-02-24',355,'COMPRA',19,NULL),(355,24,1.75,23,'T','2016-02-24',356,'COMPRA',19,NULL),(356,24,50,19,'T','2016-02-24',357,'COMPRA',19,NULL),(357,6,115,1,'T','2016-02-24',358,'COMPRA',19,NULL),(358,6,130,3,'T','2016-02-24',359,'COMPRA',19,NULL),(359,24,51.04,24,'T','2016-02-24',360,'COMPRA',19,NULL),(360,24,100,23,'T','2016-02-24',361,'COMPRA',19,NULL),(361,100,0.85,100,'T','2016-02-24',363,'COMPRA',19,NULL),(362,60,2.25,52,'T','2016-02-24',364,'COMPRA',19,NULL),(363,60,2.25,54,'T','2016-02-24',365,'COMPRA',19,NULL),(364,36,7.5,31,'T','2016-02-24',366,'COMPRA',19,NULL),(365,24,18.75,21,'T','2016-02-24',367,'COMPRA',19,NULL),(366,24,13.33,23,'T','2016-02-24',368,'COMPRA',19,NULL),(367,50,7.2,45,'T','2016-02-24',369,'COMPRA',19,NULL),(368,24,4,23,'T','2016-03-02',370,'COMPRA',20,NULL),(369,24,5.21,16,'T','2016-03-02',371,'COMPRA',20,NULL),(370,24,32.92,24,'T','2016-03-02',372,'COMPRA',20,NULL),(371,16,6.75,16,'T','2016-03-02',373,'COMPRA',20,NULL),(372,8,6.75,8,'T','2016-03-02',374,'COMPRA',20,NULL),(373,8,6.75,5,'T','2016-03-02',375,'COMPRA',20,NULL),(374,48,5.94,45,'T','2016-03-02',376,'COMPRA',20,NULL),(375,12,5.94,9,'T','2016-03-02',377,'COMPRA',20,NULL),(376,60,5.5,57,'T','2016-03-02',378,'COMPRA',20,NULL),(377,120,1,99,'T','2016-03-02',379,'COMPRA',20,NULL),(378,24,17.92,23,'T','2016-03-02',440,'COMPRA',21,NULL),(379,8,4.25,6,'T','2016-03-02',439,'COMPRA',21,NULL),(380,105,3.33,0,'C','2016-03-02',130,'COMPRA',22,NULL),(381,24,4.5,13,'T','2016-03-02',147,'COMPRA',22,NULL),(382,105,6.19,88,'T','2016-03-02',383,'COMPRA',22,NULL),(383,105,6.19,93,'T','2016-03-02',384,'COMPRA',22,NULL),(384,12,12.5,8,'T','2016-03-02',140,'COMPRA',23,NULL),(385,96,2.65,36,'T','2016-03-02',153,'COMPRA',24,NULL),(386,16,8.75,16,'T','2016-03-02',219,'COMPRA',25,NULL),(387,16,6.5,12,'T','2016-03-02',220,'COMPRA',25,NULL),(388,72,18.36,69,'T','2016-03-02',252,'COMPRA',26,NULL),(389,72,18.36,70,'T','2016-03-02',253,'COMPRA',26,NULL),(390,72,18.36,70,'T','2016-03-02',254,'COMPRA',26,NULL),(391,24,8.54,16,'T','2016-03-02',385,'COMPRA',27,NULL),(392,50,3.3,23,'T','2016-03-02',386,'COMPRA',27,NULL),(393,105,3.48,70,'T','2016-03-02',388,'COMPRA',27,NULL),(394,48,7.75,48,'T','2016-03-02',162,'COMPRA',27,NULL),(395,144,1.98,141,'T','2016-03-02',387,'COMPRA',27,NULL),(396,144,2,144,'T','2016-03-02',31,'COMPRA',27,NULL),(397,144,4.16,144,'T','2016-03-02',156,'COMPRA',27,NULL),(398,12,4.25,12,'T','2016-03-02',439,'COMPRA',27,NULL),(399,120,1.79,120,'T','2016-03-02',44,'COMPRA',27,NULL),(400,96,2.6,67,'T','2016-03-02',389,'COMPRA',27,NULL),(401,48,7,43,'T','2016-03-02',390,'COMPRA',27,NULL),(402,48,14.16,35,'T','2016-03-02',391,'COMPRA',27,NULL),(403,120,2.42,120,'T','2016-03-02',392,'COMPRA',27,NULL),(404,15,6.5,15,'T','2016-03-02',115,'COMPRA',27,NULL),(405,20,6.5,20,'T','2016-03-02',393,'COMPRA',27,NULL),(406,8,32,8,'T','2016-03-02',117,'COMPRA',27,NULL),(407,40,2.32,40,'T','2016-03-02',122,'COMPRA',27,NULL),(408,40,1.87,40,'T','2016-03-02',121,'COMPRA',27,NULL),(409,48,2.9,48,'T','2016-03-02',119,'COMPRA',27,NULL),(410,200,0.8,200,'T','2016-03-02',120,'COMPRA',27,NULL),(411,40,3.37,37,'T','2016-03-02',395,'COMPRA',27,NULL),(412,80,3.37,63,'T','2016-03-02',396,'COMPRA',27,NULL),(413,80,4.37,77,'T','2016-03-02',397,'COMPRA',27,NULL),(414,20,10.5,10,'T','2016-03-02',398,'COMPRA',27,NULL),(415,40,7.62,37,'T','2016-03-02',399,'COMPRA',27,NULL),(416,50,7,50,'T','2016-03-02',400,'COMPRA',27,NULL),(417,50,9.5,49,'T','2016-03-02',401,'COMPRA',27,NULL),(418,50,12.5,50,'T','2016-03-02',402,'COMPRA',27,NULL),(419,50,15,50,'T','2016-03-02',403,'COMPRA',27,NULL),(420,50,20,50,'T','2016-03-02',404,'COMPRA',27,NULL),(421,50,23.5,49,'T','2016-03-02',405,'COMPRA',27,NULL),(422,50,9,47,'T','2016-03-02',406,'COMPRA',27,NULL),(423,50,11.2,48,'T','2016-03-02',407,'COMPRA',27,NULL),(424,50,16.5,48,'T','2016-03-02',408,'COMPRA',27,NULL),(425,50,5,49,'T','2016-03-02',409,'COMPRA',27,NULL),(426,50,7.5,44,'T','2016-03-02',410,'COMPRA',27,NULL),(427,50,16,50,'T','2016-03-02',411,'COMPRA',27,NULL),(428,20,6.25,19,'T','2016-03-02',412,'COMPRA',27,NULL),(429,100,1.75,50,'T','2016-03-02',413,'COMPRA',27,NULL),(430,100,3.25,95,'T','2016-03-02',414,'COMPRA',27,NULL),(431,300,1.45,286,'T','2016-03-02',415,'COMPRA',27,NULL),(432,60,7.5,50,'T','2016-03-02',416,'COMPRA',27,NULL),(433,60,3.42,53,'T','2016-03-02',417,'COMPRA',27,NULL),(434,8,20.5,8,'T','2016-03-02',67,'COMPRA',27,NULL),(435,60,15.5,58,'T','2016-03-02',418,'COMPRA',27,NULL),(436,48,4.5,47,'T','2016-03-02',419,'COMPRA',27,NULL),(437,60,4.5,44,'T','2016-03-02',420,'COMPRA',27,NULL),(438,72,8.5,72,'T','2016-03-02',294,'COMPRA',27,NULL),(439,4,18,3,'T','2016-03-02',421,'COMPRA',27,NULL),(440,4,15,3,'T','2016-03-02',422,'COMPRA',27,NULL),(441,4,15,4,'T','2016-03-02',423,'COMPRA',27,NULL),(442,60,6,60,'T','2016-03-02',256,'COMPRA',27,NULL),(443,10,43.5,8,'T','2016-03-02',424,'COMPRA',27,NULL),(444,10,43.5,6,'T','2016-03-02',425,'COMPRA',27,NULL),(445,10,43.5,7,'T','2016-03-02',426,'COMPRA',27,NULL),(446,10,43.5,10,'T','2016-03-02',427,'COMPRA',27,NULL),(447,10,0.87,0,'C','2016-03-02',428,'COMPRA',27,NULL),(448,24,10,24,'T','2016-03-02',429,'COMPRA',27,NULL),(449,32,10.5,30,'T','2016-03-02',430,'COMPRA',27,NULL),(450,32,19.69,30,'T','2016-03-02',431,'COMPRA',27,NULL),(451,32,21.41,31,'T','2016-03-02',432,'COMPRA',27,NULL),(452,24,7.25,21,'T','2016-03-02',434,'COMPRA',27,NULL),(453,24,7.29,19,'T','2016-03-02',435,'COMPRA',27,NULL),(454,12,20.25,12,'T','2016-03-02',437,'COMPRA',27,NULL),(455,24,10.2,23,'T','2016-03-02',438,'COMPRA',27,NULL),(456,630,3.33,287,'T','2016-03-02',130,'COMPRA',27,NULL),(457,630,2.38,464,'T','2016-03-02',129,'COMPRA',27,NULL),(458,32,2.26,0,'C','2016-03-02',131,'COMPRA',27,NULL),(459,48,4.37,38,'T','2016-03-02',436,'COMPRA',28,NULL),(460,36,4.75,30,'T','2016-03-02',433,'COMPRA',29,NULL),(461,120,2.42,77,'T','2016-03-02',442,'COMPRA',30,NULL),(462,16,3.7,16,'T','2016-03-02',443,'COMPRA',31,NULL),(463,40,20.83,0,'C','2016-03-02',446,'COMPRA',32,NULL),(464,40,10.42,7,'T','2016-03-02',447,'COMPRA',32,NULL),(465,12,3.3,12,'T','2016-03-02',444,'COMPRA',32,NULL),(466,12,3.15,0,'C','2016-03-02',445,'COMPRA',32,NULL),(467,12,26,5,'T','2016-03-02',380,'COMPRA',33,NULL),(468,6,51.25,5,'T','2016-03-02',381,'COMPRA',33,NULL),(469,5,45,5,'T','2016-03-02',241,'COMPRA',34,NULL),(470,4,1.8,4,'T','2016-03-02',244,'COMPRA',34,NULL),(471,4,90,4,'T','2016-03-02',246,'COMPRA',34,NULL),(472,2,90,2,'T','2016-03-02',243,'COMPRA',34,NULL),(473,3,90,3,'T','2016-03-02',245,'COMPRA',34,NULL),(474,14,10.67,9,'T','2016-03-02',441,'COMPRA',35,NULL),(475,50,9.33,0,'C','2016-03-02',135,'COMPRA',36,NULL),(476,40,4,10,'T','2016-03-02',448,'COMPRA',36,NULL),(477,10,13,9,'T','2016-03-02',450,'COMPRA',36,NULL),(478,3,13,3,'T','2016-03-02',451,'COMPRA',36,NULL),(479,50,9.33,0,'C','2016-03-02',135,'COMPRA',37,NULL),(480,40,4,40,'T','2016-03-02',448,'COMPRA',37,NULL),(481,10,13,10,'T','2016-03-02',450,'COMPRA',37,NULL),(482,50,9.33,21,'T','2016-03-02',135,'COMPRA',38,NULL),(483,40,4,40,'T','2016-03-02',448,'COMPRA',38,NULL),(484,10,23,10,'T','2016-03-02',449,'COMPRA',39,NULL),(485,90,4.5,67,'T','2016-03-02',453,'COMPRA',40,NULL),(486,178,8,175,'T','2016-03-02',452,'COMPRA',40,NULL),(487,50,3.5,50,'T','2016-03-02',455,'COMPRA',40,NULL),(488,70,4.5,69,'T','2016-03-02',454,'COMPRA',40,NULL),(489,50,10.5,50,'T','2016-03-02',459,'COMPRA',41,NULL),(490,50,13.5,48,'T','2016-03-02',460,'COMPRA',41,NULL),(491,50,13.5,48,'T','2016-03-02',461,'COMPRA',41,NULL),(492,30,5.6,24,'T','2016-03-02',457,'COMPRA',41,NULL),(493,30,5.5,23,'T','2016-03-02',456,'COMPRA',41,NULL),(494,30,5.6,29,'T','2016-03-02',458,'COMPRA',41,NULL),(495,76,12.66,74,'T','2016-03-02',462,'COMPRA',42,NULL),(496,55,12.66,54,'T','2016-03-02',464,'COMPRA',42,NULL),(497,70,9.16,66,'T','2016-03-02',463,'COMPRA',42,NULL),(498,20,12,10,'T','2016-03-08',481,'COMPRA',43,NULL),(499,12,17.08,10,'T','2016-03-08',474,'COMPRA',43,NULL),(500,72,1.75,71,'T','2016-03-08',465,'COMPRA',43,NULL),(501,8,4.5,5,'T','2016-03-08',478,'COMPRA',43,NULL),(502,8,4.5,7,'T','2016-03-08',479,'COMPRA',43,NULL),(503,8,4.5,5,'T','2016-03-08',480,'COMPRA',43,NULL),(504,90,1.6,67,'T','2016-03-08',466,'COMPRA',43,NULL),(505,100,1.6,30,'T','2016-03-08',467,'COMPRA',43,NULL),(506,72,2.71,46,'T','2016-03-08',476,'COMPRA',43,NULL),(507,72,2.71,54,'T','2016-03-08',477,'COMPRA',43,NULL),(508,24,3.25,19,'T','2016-03-08',468,'COMPRA',43,NULL),(509,24,3.25,24,'T','2016-03-08',469,'COMPRA',43,NULL),(510,80,2.44,77,'T','2016-03-08',473,'COMPRA',43,NULL),(511,40,4.37,40,'T','2016-03-08',472,'COMPRA',43,NULL),(512,12,5,5,'T','2016-03-08',475,'COMPRA',44,NULL),(513,60,8.75,3,'T','2016-03-08',110,'COMPRA',44,NULL),(514,24,13.75,19,'T','2016-03-08',470,'COMPRA',44,NULL),(515,20,12.8,20,'T','2016-03-08',53,'COMPRA',44,NULL),(516,18,16.67,18,'T','2016-03-08',85,'COMPRA',44,NULL),(517,600,3.17,600,'T','2016-03-08',134,'COMPRA',44,NULL),(518,40,7.12,39,'T','2016-03-08',471,'COMPRA',44,NULL),(519,100,3.2,100,'T','2016-03-08',176,'COMPRA',44,NULL),(520,12,10,12,'T','2016-03-08',165,'COMPRA',44,NULL),(521,192,2.65,192,'T','2016-03-08',153,'COMPRA',44,NULL),(522,12,7.92,12,'T','2016-03-08',261,'COMPRA',44,NULL),(523,12,10.42,12,'T','2016-03-08',108,'COMPRA',44,NULL),(524,6,5.25,0,'C','2016-03-08',482,'COMPRA',45,NULL),(525,30,5.25,25,'T','2016-03-08',482,'COMPRA',45,NULL),(526,22,4.5,14,'T','2016-02-24',394,'COMPRA',46,NULL),(527,18,16.67,14,'T','2016-03-08',483,'COMPRA',47,NULL),(528,18,16.67,16,'T','2016-03-08',83,'COMPRA',47,NULL),(529,18,16.67,18,'T','2016-03-08',72,'COMPRA',47,NULL),(530,18,16.67,18,'T','2016-03-08',82,'COMPRA',47,NULL),(531,24,11.75,24,'T','2016-03-08',76,'COMPRA',47,NULL),(532,18,16.67,18,'T','2016-03-08',72,'COMPRA',47,NULL),(533,18,16.67,18,'T','2016-03-08',70,'COMPRA',47,NULL),(534,18,16.67,18,'T','2016-03-08',71,'COMPRA',47,NULL),(535,12,10,10,'T','2016-03-08',101,'COMPRA',47,NULL),(536,24,8.75,8,'T','2016-03-08',224,'COMPRA',47,NULL),(537,48,1.79,48,'T','2016-03-08',44,'COMPRA',47,NULL),(538,18,14.17,18,'T','2016-03-08',68,'COMPRA',47,NULL),(539,40,1.75,40,'T','2016-03-08',413,'COMPRA',47,NULL),(540,18,14.16,18,'T','2016-03-08',391,'COMPRA',47,NULL),(541,24,7.92,24,'T','2016-03-08',98,'COMPRA',47,NULL),(542,50,8.8,50,'T','2016-03-08',279,'COMPRA',47,NULL),(543,24,26,24,'T','2016-03-08',380,'COMPRA',47,NULL),(544,12,51.25,12,'T','2016-03-08',381,'COMPRA',47,NULL),(545,5,30,4,'T','2016-03-04',490,'COMPRA',48,NULL),(546,5,46,4,'T','2016-03-04',485,'COMPRA',48,NULL),(547,5,90,5,'T','2016-03-04',486,'COMPRA',48,NULL),(548,5,178,5,'T','2016-03-04',487,'COMPRA',48,NULL),(549,5,55,5,'T','2016-03-04',488,'COMPRA',48,NULL),(550,5,76,5,'T','2016-03-04',489,'COMPRA',48,NULL),(551,5,30,5,'T','2016-03-04',490,'COMPRA',48,NULL),(552,5,52,5,'T','2016-03-04',484,'COMPRA',49,NULL),(553,15,94.8,9,'T','2016-03-08',491,'COMPRA',50,NULL),(554,100,1.2,84,'T','2016-03-03',492,'COMPRA',51,NULL),(555,40,3.15,37,'T','2016-03-03',493,'COMPRA',52,NULL),(556,5,15,4,'T','2016-03-10',494,'COMPRA',53,NULL),(557,72,2.71,63,'T','2016-03-08',495,'COMPRA',54,NULL),(558,12,7.25,12,'T','2016-03-08',496,'COMPRA',55,NULL),(559,4,16.25,4,'T','2016-03-08',497,'COMPRA',56,NULL),(560,5,10,0,'C','2016-03-10',498,'COMPRA',57,NULL),(561,5,9,1,'T','2016-03-10',499,'COMPRA',58,NULL),(562,4,18,4,'T','2016-03-10',500,'COMPRA',59,NULL),(563,3,8,2,'T','2016-03-10',501,'COMPRA',60,NULL),(564,25,7.9,24,'T','2016-03-10',504,'COMPRA',61,NULL),(565,25,7.9,25,'T','2016-03-10',503,'COMPRA',61,NULL),(566,56,6.83,56,'T','2016-03-10',505,'COMPRA',61,NULL),(567,26,1.84,19,'T','2016-03-10',507,'COMPRA',61,NULL),(568,25,1.84,12,'T','2016-03-10',506,'COMPRA',61,NULL),(569,18,13.07,13,'T','2016-03-10',502,'COMPRA',61,NULL),(570,29,20.83,0,'C','2016-03-10',446,'COMPRA',62,NULL),(571,38,2.62,23,'T','2016-03-10',508,'COMPRA',63,NULL),(572,12,15,10,'T','2016-03-08',509,'COMPRA',64,NULL),(573,20,9,17,'T','2016-03-11',59,'COMPRA',65,NULL),(574,20,8.7,20,'T','2016-03-11',58,'COMPRA',65,NULL),(575,48,8.75,48,'T','2016-03-11',224,'COMPRA',65,NULL),(576,120,2.67,120,'T','2016-03-11',47,'COMPRA',65,NULL),(577,48,8.75,48,'T','2016-03-11',110,'COMPRA',65,NULL),(578,96,2.62,94,'T','2016-03-11',39,'COMPRA',66,NULL),(579,24,9.79,22,'T','2016-03-11',510,'COMPRA',66,NULL),(580,6,32.5,6,'T','2016-03-11',300,'COMPRA',66,NULL),(581,12,115,12,'T','2016-03-11',358,'COMPRA',66,NULL),(582,216,10.8,216,'T','2016-03-11',95,'COMPRA',67,NULL),(583,18,16.67,18,'T','2016-03-11',87,'COMPRA',67,NULL),(584,30,9,30,'T','2016-03-11',227,'COMPRA',67,NULL),(585,18,5.42,18,'T','2016-03-11',93,'COMPRA',67,NULL),(586,10,2.85,8,'T','2016-03-11',511,'COMPRA',68,NULL),(587,10,7,10,'T','2016-03-11',123,'COMPRA',68,NULL),(588,72,1.67,66,'T','2016-03-11',512,'COMPRA',68,NULL),(589,72,1.67,70,'T','2016-03-11',514,'COMPRA',68,NULL),(590,30,3.75,29,'T','2016-03-11',516,'COMPRA',69,NULL),(591,30,3.75,30,'T','2016-03-11',517,'COMPRA',69,NULL),(592,36,3.25,36,'T','2016-03-11',96,'COMPRA',70,NULL),(593,10,40.08,10,'T','2016-03-11',513,'COMPRA',70,NULL),(594,10,40.08,10,'T','2016-03-11',515,'COMPRA',70,NULL),(595,120,2.67,120,'T','2016-03-11',47,'COMPRA',71,NULL),(596,315,3.33,315,'T','2016-03-11',130,'COMPRA',71,NULL),(597,25,1.9,22,'T','2016-03-11',520,'COMPRA',72,NULL),(598,120,2.66,120,'T','2016-03-11',518,'COMPRA',72,NULL),(599,18,6.5,17,'T','2016-03-11',521,'COMPRA',73,NULL),(600,3,21.6,2,'T','2016-03-11',523,'COMPRA',74,NULL),(601,3,21.6,3,'T','2016-03-11',524,'COMPRA',74,NULL),(602,3,15.75,3,'T','2016-03-11',525,'COMPRA',74,NULL),(603,5,20.6,5,'T','2016-03-11',526,'COMPRA',74,NULL),(604,5,14.8,5,'T','2016-03-11',527,'COMPRA',74,NULL),(605,5,22,4,'T','2016-03-11',528,'COMPRA',74,NULL),(606,5,14,5,'T','2016-03-11',529,'COMPRA',74,NULL),(607,5,7.75,5,'T','2016-03-11',530,'COMPRA',74,NULL),(608,4,10.75,4,'T','2016-03-11',531,'COMPRA',74,NULL),(609,6,5.3,5,'T','2016-03-11',532,'COMPRA',74,NULL),(610,5,16.55,5,'T','2016-03-11',533,'COMPRA',74,NULL),(611,5,9.75,3,'T','2016-03-11',534,'COMPRA',74,NULL),(612,5,11.85,2,'T','2016-03-11',535,'COMPRA',74,NULL),(613,4,13.65,4,'T','2016-03-11',536,'COMPRA',74,NULL),(614,4,14.4,4,'T','2016-03-11',537,'COMPRA',74,NULL),(615,5,7.75,4,'T','2016-03-11',538,'COMPRA',75,NULL),(616,18,3.98,18,'T','2016-03-12',539,'COMPRA',76,NULL),(617,2,4.86,2,'T','2016-03-12',540,'COMPRA',76,NULL),(618,2,4.86,2,'T','2016-03-12',541,'COMPRA',76,NULL),(619,2,4.86,1,'T','2016-03-12',542,'COMPRA',76,NULL),(620,13,6.25,12,'T','2016-03-12',545,'COMPRA',76,NULL),(621,6,5.33,5,'T','2016-03-12',543,'COMPRA',76,NULL),(622,3,10.9,2,'T','2016-03-12',544,'COMPRA',76,NULL),(623,6,4.16,5,'T','2016-03-12',546,'COMPRA',76,NULL),(624,6,5.01,5,'T','2016-03-12',547,'COMPRA',76,NULL),(625,6,6.89,4,'T','2016-03-12',548,'COMPRA',76,NULL),(626,5,20.5,2,'T','2016-03-12',550,'COMPRA',76,NULL),(627,6,6.79,6,'T','2016-03-11',549,'COMPRA',77,NULL),(628,12,2.96,10,'T','2016-03-11',551,'COMPRA',77,NULL),(629,6,5.69,6,'T','2016-03-11',552,'COMPRA',77,NULL),(630,29,20.83,16,'T','2016-03-12',446,'COMPRA',78,NULL),(631,12,4.5,12,'T','2016-03-12',555,'COMPRA',79,NULL),(632,10,10.5,10,'T','2016-03-12',553,'COMPRA',79,NULL),(633,12,10.5,12,'T','2016-03-12',554,'COMPRA',79,NULL),(634,12,9,12,'T','2016-03-12',556,'COMPRA',79,NULL),(635,6,20,6,'T','2016-03-12',18,'COMPRA',80,NULL),(636,5,22.5,4,'T','2016-03-12',557,'COMPRA',81,NULL),(637,5,5,5,'T','2016-03-12',559,'COMPRA',81,NULL),(638,5,14.5,5,'T','2016-03-12',558,'COMPRA',81,NULL),(639,12,2.9,7,'T','2016-03-11',561,'COMPRA',82,NULL),(640,40,3.75,40,'T','2016-03-11',560,'COMPRA',82,NULL),(641,10,6,10,'T','2016-03-11',562,'COMPRA',83,NULL),(642,50,0.6,50,'T','2016-03-11',563,'COMPRA',83,NULL),(643,25,3.25,25,'T','2016-03-08',96,'COMPRA',84,NULL),(644,24,21,24,'T','2016-03-12',564,'COMPRA',85,NULL),(645,11,4,11,'T','2016-03-12',566,'COMPRA',86,NULL),(646,24,10.83,23,'T','2016-03-12',567,'COMPRA',87,NULL),(647,30,2.5,30,'T','2016-03-12',568,'COMPRA',88,NULL),(648,2,8.5,1,'T','2016-03-13',569,'COMPRA',89,NULL),(649,3,8.5,3,'T','2016-03-13',570,'COMPRA',89,NULL),(650,2,8.5,1,'T','2016-03-13',571,'COMPRA',89,NULL),(651,3,8.5,3,'T','2016-03-13',572,'COMPRA',89,NULL),(652,2,10,2,'T','2016-03-13',498,'COMPRA',90,NULL),(653,122,2.26,86,'T','2016-03-12',131,'COMPRA',91,NULL),(654,200,1.6,200,'T','2016-03-12',467,'COMPRA',92,NULL),(655,90,1.6,90,'T','2016-03-12',466,'COMPRA',92,NULL),(656,100,4.2,100,'T','2016-03-12',4,'COMPRA',92,NULL),(657,48,3,48,'T','2016-03-12',149,'COMPRA',93,NULL),(658,48,4.25,48,'T','2016-03-12',97,'COMPRA',94,NULL),(659,24,5,24,'T','2016-03-12',106,'COMPRA',94,NULL),(660,24,5,24,'T','2016-03-12',106,'COMPRA',95,NULL),(661,144,2.01,144,'T','2016-03-12',144,'COMPRA',95,NULL),(662,100,43.5,100,'T','2016-03-12',427,'COMPRA',96,NULL),(663,100,43.5,100,'T','2016-03-12',424,'COMPRA',96,NULL),(664,100,43.5,100,'T','2016-03-12',425,'COMPRA',96,NULL),(665,100,43.5,100,'T','2016-03-12',426,'COMPRA',96,NULL),(666,30,3.17,30,'T','2016-03-12',42,'COMPRA',97,NULL),(667,450,9.33,450,'T','2016-03-12',135,'COMPRA',97,NULL),(668,12,94.8,12,'T','2016-03-12',491,'COMPRA',97,NULL),(669,48,8.75,48,'T','2016-03-12',110,'COMPRA',97,NULL),(670,20,3.5,20,'T','2016-03-12',180,'COMPRA',98,NULL),(671,48,5.25,48,'T','2016-03-12',299,'COMPRA',98,NULL),(672,12,7.92,12,'T','2016-03-12',99,'COMPRA',98,NULL),(673,48,2.19,48,'T','2016-03-12',305,'COMPRA',98,NULL),(674,120,6.2,120,'T','2016-03-12',133,'COMPRA',99,NULL),(675,20,20,20,'T','2016-03-12',18,'COMPRA',99,NULL),(676,24,2.08,24,'T','2016-03-13',577,'COMPRA',100,NULL),(677,3,6,3,'T','2016-03-13',578,'COMPRA',100,NULL),(678,3,6,3,'T','2016-03-13',579,'COMPRA',100,NULL),(679,5,3.25,5,'T','2016-03-12',96,'COMPRA',101,NULL),(680,10,20.83,10,'T','2016-08-24',446,'COMPRA',102,NULL);
/*!40000 ALTER TABLE `lote` ENABLE KEYS */;
UNLOCK TABLES;

--
-- Table structure for table `marca`
--

DROP TABLE IF EXISTS `marca`;
/*!40101 SET @saved_cs_client     = @@character_set_client */;
/*!40101 SET character_set_client = utf8 */;
CREATE TABLE `marca` (
  `idmarca` int(11) NOT NULL AUTO_INCREMENT,
  `Nombre` varchar(45) CHARACTER SET utf8 DEFAULT NULL,
  `fec_reg` date DEFAULT NULL,
  `Estado` char(1) CHARACTER SET utf8 DEFAULT 'T',
  PRIMARY KEY (`idmarca`),
  UNIQUE KEY `Nombre_UNIQUE` (`Nombre`)
) ENGINE=InnoDB AUTO_INCREMENT=234 DEFAULT CHARSET=utf8 COLLATE=utf8_unicode_ci;
/*!40101 SET character_set_client = @saved_cs_client */;

--
-- Dumping data for table `marca`
--

LOCK TABLES `marca` WRITE;
/*!40000 ALTER TABLE `marca` DISABLE KEYS */;
INSERT INTO `marca` VALUES (1,'INA','2016-03-05','T'),(2,'EL AUTENTICO','2016-03-05','T'),(3,'EL CHINITO','2016-03-05','T'),(4,'DRAGON','2016-03-05','T'),(5,'LA PERLA','2016-03-05','T'),(6,'KELLOGG´S','2016-03-05','T'),(7,'ACEITE IDEAL','2016-03-05','T'),(8,'ACEITE CAPULLO','2016-03-05','T'),(9,'ACEITE MAZOLA','2016-03-05','T'),(10,'KNORR','2016-03-05','T'),(11,'NATURA´S','2016-03-05','T'),(12,'FARO','2016-03-05','T'),(13,'CREMY','2016-03-05','T'),(14,'MIRASOL','2016-03-05','T'),(15,'REGIA','2016-03-05','T'),(16,'PATRONA','2016-03-05','T'),(17,'SALSA PICANTE','2016-03-05','T'),(18,'ANA BELLY','2016-03-05','T'),(19,'KERN´S','2016-03-05','T'),(20,'TAMPICO','2016-03-05','T'),(21,'SALVAVIDAS','2016-03-05','T'),(22,'FRUVITA','2016-03-05','T'),(23,'MARIAS CUETARA','2016-03-05','T'),(24,'GUANDY','2016-03-05','T'),(25,'LAKY MEN','2016-03-05','T'),(26,'SURF','2016-03-05','T'),(27,'UTIL','2016-03-05','T'),(28,'ESPUMIL','2016-03-05','T'),(29,'FOCA','2016-03-05','T'),(32,'GALLO','2016-03-05','T'),(33,'ARIEL','2016-03-05','T'),(34,'ULTRA KLIN','2016-03-05','T'),(35,'BLANCA NIEVES','2016-03-05','T'),(36,'MAGIA BLANCA','2016-03-05','T'),(37,'CLORAL','2016-03-05','T'),(38,'JABON PUNTO AZUL','2016-03-05','T'),(39,'REINA','2016-03-05','T'),(40,'BEX','2016-03-05','T'),(41,'CORONA','2016-03-05','T'),(42,'AMBAR','2016-03-05','T'),(43,'CENTELLA','2016-03-05','T'),(44,'XTRA','2016-03-05','T'),(45,'MAX','2016-03-05','T'),(46,'POTENSOL','2016-03-05','T'),(47,'DOÑA BLANCA','2016-03-05','T'),(48,'TEX','2016-03-05','T'),(50,'NUTRI LETY','2016-03-05','T'),(51,'FOREMOST','2016-03-05','T'),(52,'SCOTT','2016-03-05','T'),(53,'PREMIER','2016-03-05','T'),(54,'ENCANTO','2016-03-05','T'),(55,'FLAMINGO','2016-03-05','T'),(57,'AVE','2016-03-05','T'),(58,'VILLA DEL CAMPO','2016-03-05','T'),(59,'TEPEYAC','2016-03-05','T'),(61,'OLMECA','2016-03-05','T'),(62,'SIN MARCA','2016-03-05','T'),(63,'TERMO FOM','2016-03-05','T'),(64,'ALUMIN\'S','2016-03-05','T'),(65,'MAX PAPPEL','2016-03-05','T'),(66,'FIESTA','2016-03-05','T'),(67,'VIVA','2016-03-05','T'),(68,'FRUTY FRESCO','2016-03-05','T'),(69,'CARNAVAL','2016-03-05','T'),(70,'UNIDAD','2016-03-05','T'),(71,'SUPER COLA','2016-03-05','T'),(73,'OSOS BLANCO','2016-03-05','T'),(74,'SAL','2016-03-05','T'),(75,'CAÑA REAL','2016-03-05','T'),(76,'DON JUSTO CAVAL','2016-03-05','T'),(77,'INCASA','2016-03-05','T'),(78,'MUSUN','2016-03-05','T'),(79,'NESCAFE','2016-03-05','T'),(80,'MAGGI','2016-03-05','T'),(81,'DUCAL','2016-03-05','T'),(82,'NESTLE','2016-03-05','T'),(83,'HERDEZ','2016-03-06','T'),(84,'B Y B','2016-03-06','T'),(85,'DEL CAFE','2016-03-06','T'),(86,'MIRAMAR','2016-03-06','T'),(87,'CyQ','2016-03-06','T'),(88,'CAMPERO','2016-03-06','T'),(89,'CAMPOFRESCO','2016-03-06','T'),(90,'YAESTA','2016-03-06','T'),(91,'GALLO DORADO','2016-03-06','T'),(92,'CHAPIN','2016-03-06','T'),(93,'OSO BLANCO','2016-03-06','T'),(94,'YUS TOKY','2016-03-06','T'),(95,'SHARP','2016-03-06','T'),(96,'MALHER','2016-03-06','T'),(97,'CAROL','2016-03-06','T'),(98,'DONGUSTO','2016-03-06','T'),(99,'GERBER','2016-03-06','T'),(100,'MAIZENA','2016-03-06','T'),(101,'PAPAGAYO','2016-03-06','T'),(102,'FOGATA','2016-03-06','T'),(103,'ESCOLAR','2016-03-06','T'),(105,'CREMAS','2016-03-06','T'),(106,'COCTEL','2016-03-06','T'),(107,'CAN CAN','2016-03-06','T'),(108,'CLUB EXTRA POZUELO','2016-03-06','T'),(109,'PICAMAS','2016-03-06','T'),(110,'POZUELO','2016-03-06','T'),(111,'RIKITIKI','2016-03-06','T'),(112,'COLOMBINA','2016-03-06','T'),(113,'BUBBALOO','2016-03-06','T'),(114,'BABY CHIC','2016-03-07','T'),(115,'SUAVE','2016-03-07','T'),(116,'CUATRO ROSAS','2016-03-07','T'),(117,'HULK','2016-03-07','T'),(118,'BIJOL','2016-03-07','T'),(119,'POM POM','2016-03-07','T'),(120,'PEPITO','2016-03-07','T'),(121,'HUGGIES','2016-03-07','T'),(122,'ANGELITOS','2016-03-07','T'),(123,'SUAVITEL COMPLETE','2016-03-07','T'),(124,'FABULOSO LAVANDA','2016-03-07','T'),(125,'AZISTIN','2016-03-07','T'),(126,'MOSH CAMPO RICO','2016-03-07','T'),(127,'HOLSTEIN','2016-03-07','T'),(128,'ANCHOR','2016-03-07','T'),(129,'NIDO','2016-03-07','T'),(130,'QUAKER','2016-03-07','T'),(131,'NUTRIMOSH','2016-03-07','T'),(132,'CORAZON DE TRIGO','2016-03-07','T'),(133,'BORDEN','2016-03-07','T'),(134,'INCAPARINA','2016-03-07','T'),(135,'PROTEMAS','2016-03-07','T'),(136,'CASTILLA','2016-03-07','T'),(137,'CHOCO KIWI','2016-03-07','T'),(138,'CHOCOLATE BEST','2016-03-07','T'),(139,'CHOCOLATE GRANADA','2016-03-07','T'),(140,'JOBY','2016-03-07','T'),(141,'PALMOLIVE','2016-03-07','T'),(142,'INSTA WAX','2016-03-07','T'),(143,'PREDILECTO DE OLIVA','2016-03-07','T'),(144,'LORALVA','2016-03-07','T'),(146,'JABONITO','2016-03-07','T'),(147,'DK12','2016-03-07','T'),(148,'PROTEX','2016-03-07','T'),(149,'HEAD SHOULDER','2016-03-07','T'),(150,'XTREME','2016-03-07','T'),(151,'EGO POWER','2016-03-07','T'),(152,'TOKI','2016-03-07','T'),(153,'ROSY','2016-03-07','T'),(154,'DAROSA','2016-03-07','T'),(155,'STAYFREE','2016-03-07','T'),(156,'SABA','2016-03-07','T'),(157,'KOTEX ESENCIAL','2016-03-07','T'),(158,'COLGATE','2016-03-07','T'),(159,'NAN','2016-03-07','T'),(161,'CARBON','2016-03-07','T'),(162,'CAL','2016-03-07','T'),(163,'MI ZZOPITA','2016-03-07','T'),(164,'CHOCO PANDA','2016-03-07','T'),(165,'NESTUM','2016-03-07','T'),(166,'CEREVITA','2016-03-07','T'),(167,'ROLLON KENT','2016-03-07','T'),(168,'LADY SPEED STICK','2016-03-07','T'),(169,'RAYOVAC','2016-03-07','T'),(170,'K-DENT','2016-03-07','T'),(171,'ADRENALINA','2016-03-07','T'),(172,'MOSH','2016-03-07','T'),(173,'MAZOLA','2016-03-07','T'),(174,'NISSIN','2016-03-07','T'),(175,'FIESTA FOAM','2016-03-07','T'),(176,'USA FOIL','2016-03-07','T'),(177,'TERMO CUPS','2016-03-07','T'),(178,'REYMA','2016-03-07','T'),(179,'DART','2016-03-07','T'),(180,'INVICTO','2016-03-07','T'),(181,'MILKOS','2016-03-07','T'),(182,'ACTICLOR','2016-03-07','T'),(183,'MAYONESA CRIOLLA','2016-03-07','T'),(184,'GLIN','2016-03-07','T'),(185,'ANGELITO','2016-03-07','T'),(186,'CLOREST','2016-03-07','T'),(187,'ADAMS','2016-03-07','T'),(188,'MAX AIR','2016-03-07','T'),(189,'CREMAS MOLI','2016-03-07','T'),(190,'DOÑA MARIA','2016-03-07','T'),(191,'LEON','2016-03-07','T'),(192,'AGUA DEL BOSQUE','2016-03-08','T'),(193,'YUMPY','2016-03-08','T'),(194,'ISOMAX','2016-03-08','T'),(195,'TATOS','2016-03-08','T'),(196,'TIKY','2016-03-08','T'),(197,'CRUSH','2016-03-08','T'),(199,'ICE','2016-03-08','T'),(201,'CERBEZA GALLO','2016-03-08','T'),(203,'ORANGE CRUSH','2016-03-08','T'),(204,'SUPER LIME LEMON','2016-03-08','T'),(205,'LA JARRILLITA','2016-03-09','T'),(206,'NUVE BLANCA','2016-03-09','T'),(207,'ROSAL','2016-03-09','T'),(208,'SHAKA LAKA','2016-03-09','T'),(209,'RAP TOR','2016-03-09','T'),(210,'TORTRIX','2016-03-09','T'),(211,'MCCORMICK','2016-03-10','T'),(212,'GRAN DIA','2016-03-10','T'),(213,'AUSTRALIANA','2016-03-10','T'),(214,'DEL MONTE','2016-03-10','T'),(215,'PURO SOL','2016-03-10','T'),(216,'BLUE SKY','2016-03-11','T'),(217,'AUTAN','2016-03-11','T'),(218,'PIO LINDO','2016-03-11','T'),(219,'PERRY','2016-03-11','T'),(220,'CINTA ROJA','2016-03-11','T'),(222,'YOPLAIT','2016-03-12','T'),(223,'CHALET','2016-03-12','T'),(224,'LA VILLITA','2016-03-12','T'),(225,'ZURQUI','2016-03-12','T'),(226,'CHIMEX','2016-03-12','T'),(227,'FUD','2016-03-12','T'),(228,'ILGUA','2016-03-12','T'),(229,'TOLEDO','2016-03-12','T'),(230,'WHITE COTTON','2016-03-12','T'),(231,'1-2-3','2016-03-12','T'),(232,'ACTIVIA','2016-03-13','T'),(233,'LALA','2016-03-13','T');
/*!40000 ALTER TABLE `marca` ENABLE KEYS */;
UNLOCK TABLES;

--
-- Table structure for table `perfilusu`
--

DROP TABLE IF EXISTS `perfilusu`;
/*!40101 SET @saved_cs_client     = @@character_set_client */;
/*!40101 SET character_set_client = utf8 */;
CREATE TABLE `perfilusu` (
  `idperfilusu` int(11) NOT NULL AUTO_INCREMENT,
  `menu` int(11) NOT NULL,
  `estado` char(1) CHARACTER SET latin1 NOT NULL DEFAULT 'T',
  `idusuario` int(11) NOT NULL,
  PRIMARY KEY (`idperfilusu`)
) ENGINE=InnoDB AUTO_INCREMENT=234 DEFAULT CHARSET=utf8 COLLATE=utf8_unicode_ci;
/*!40101 SET character_set_client = @saved_cs_client */;

--
-- Dumping data for table `perfilusu`
--

LOCK TABLES `perfilusu` WRITE;
/*!40000 ALTER TABLE `perfilusu` DISABLE KEYS */;
INSERT INTO `perfilusu` VALUES (1,0,'T',1),(2,1,'T',1),(3,2,'T',1),(4,3,'T',1),(5,4,'T',1),(6,5,'T',1),(7,6,'T',1),(8,7,'T',1),(9,8,'T',1),(10,9,'T',1),(11,10,'T',1),(12,11,'T',1),(13,12,'T',1),(14,13,'T',1),(15,14,'T',1),(16,15,'T',1),(17,16,'T',1),(18,17,'T',1),(19,18,'T',1),(20,19,'T',1),(21,20,'T',1),(22,0,'F',2),(23,1,'T',2),(24,2,'T',2),(25,3,'T',2),(26,4,'T',2),(27,5,'T',2),(28,6,'T',2),(29,7,'T',2),(30,8,'T',2),(31,9,'T',2),(32,10,'T',2),(33,11,'T',2),(34,12,'F',2),(35,13,'T',2),(36,14,'T',2),(37,15,'T',2),(38,16,'T',2),(39,17,'T',2),(40,18,'F',2),(41,19,'T',2),(42,20,'F',2),(43,0,'T',3),(44,1,'T',3),(45,2,'T',3),(46,3,'T',3),(47,4,'T',3),(48,5,'T',3),(49,6,'T',3),(50,7,'T',3),(51,8,'T',3),(52,9,'T',3),(53,10,'T',3),(54,11,'T',3),(55,12,'T',3),(56,13,'T',3),(57,14,'T',3),(58,15,'T',3),(59,16,'T',3),(60,17,'T',3),(61,18,'T',3),(62,19,'T',3),(63,20,'T',3),(64,0,'F',4),(65,1,'T',4),(66,2,'T',4),(67,3,'T',4),(68,4,'T',4),(69,5,'T',4),(70,6,'T',4),(71,7,'T',4),(72,8,'T',4),(73,9,'F',4),(74,10,'F',4),(75,11,'T',4),(76,12,'F',4),(77,13,'F',4),(78,14,'T',4),(79,15,'F',4),(80,16,'F',4),(81,17,'T',4),(82,18,'F',4),(83,19,'T',4),(84,20,'T',4),(85,0,'F',5),(86,1,'T',5),(87,2,'T',5),(88,3,'T',5),(89,4,'T',5),(90,5,'T',5),(91,6,'F',5),(92,7,'T',5),(93,8,'T',5),(94,9,'F',5),(95,10,'F',5),(96,11,'T',5),(97,12,'F',5),(98,13,'F',5),(99,14,'T',5),(100,15,'F',5),(101,16,'F',5),(102,17,'T',5),(103,18,'F',5),(104,19,'T',5),(105,20,'F',5),(106,21,'F',1),(107,21,'F',2),(108,21,'T',3),(109,21,'F',4),(110,21,'F',5),(111,0,'F',6),(112,1,'F',6),(113,2,'F',6),(114,3,'F',6),(115,4,'F',6),(116,5,'F',6),(117,6,'F',6),(118,7,'T',6),(119,8,'T',6),(120,9,'F',6),(121,10,'F',6),(122,11,'F',6),(123,12,'F',6),(124,13,'F',6),(125,14,'F',6),(126,15,'F',6),(127,16,'F',6),(128,17,'F',6),(129,18,'F',6),(130,19,'F',6),(131,20,'F',6),(132,0,'T',7),(133,1,'T',7),(134,2,'T',7),(135,3,'T',7),(136,4,'T',7),(137,5,'T',7),(138,6,'T',7),(139,7,'T',7),(140,8,'T',7),(141,9,'T',7),(142,10,'T',7),(143,11,'T',7),(144,12,'T',7),(145,13,'T',7),(146,14,'T',7),(147,15,'T',7),(148,16,'T',7),(149,17,'T',7),(150,18,'T',7),(151,19,'T',7),(152,20,'T',7),(153,0,'F',8),(154,1,'T',8),(155,2,'T',8),(156,3,'T',8),(157,4,'T',8),(158,5,'T',8),(159,6,'T',8),(160,7,'T',8),(161,8,'T',8),(162,9,'F',8),(163,10,'T',8),(164,11,'T',8),(165,12,'F',8),(166,13,'T',8),(167,14,'F',8),(168,15,'T',8),(169,16,'T',8),(170,17,'T',8),(171,18,'F',8),(172,19,'T',8),(173,20,'F',8),(174,21,'T',1),(175,22,'T',1),(176,21,'F',2),(177,22,'F',2),(178,21,'T',3),(179,22,'T',3),(180,21,'F',4),(181,22,'F',4),(182,21,'F',5),(183,22,'F',5),(184,21,'F',6),(185,22,'F',6),(186,21,'F',7),(187,22,'F',7),(188,0,'T',9),(189,1,'T',9),(190,2,'T',9),(191,3,'T',9),(192,4,'T',9),(193,5,'T',9),(194,6,'T',9),(195,7,'T',9),(196,8,'T',9),(197,9,'T',9),(198,10,'T',9),(199,11,'T',9),(200,12,'T',9),(201,13,'T',9),(202,14,'T',9),(203,15,'T',9),(204,16,'T',9),(205,17,'T',9),(206,18,'T',9),(207,19,'T',9),(208,20,'T',9),(209,21,'T',9),(210,22,'T',9),(211,0,'T',10),(212,1,'T',10),(213,2,'T',10),(214,3,'T',10),(215,4,'T',10),(216,5,'T',10),(217,6,'T',10),(218,7,'T',10),(219,8,'T',10),(220,9,'T',10),(221,10,'T',10),(222,11,'T',10),(223,12,'T',10),(224,13,'T',10),(225,14,'T',10),(226,15,'T',10),(227,16,'T',10),(228,17,'T',10),(229,18,'T',10),(230,19,'T',10),(231,20,'T',10),(232,21,'T',10),(233,22,'T',10);
/*!40000 ALTER TABLE `perfilusu` ENABLE KEYS */;
UNLOCK TABLES;

--
-- Table structure for table `producto`
--

DROP TABLE IF EXISTS `producto`;
/*!40101 SET @saved_cs_client     = @@character_set_client */;
/*!40101 SET character_set_client = utf8 */;
CREATE TABLE `producto` (
  `idproducto` int(11) NOT NULL AUTO_INCREMENT,
  `codigo` varchar(50) CHARACTER SET latin1 DEFAULT NULL,
  `nombre` varchar(100) CHARACTER SET latin1 DEFAULT NULL,
  `comprometido` int(11) DEFAULT '0',
  `Descripcion` varchar(255) CHARACTER SET latin1 DEFAULT NULL,
  `PrecioCompra` float DEFAULT NULL,
  `Precioventa` float DEFAULT NULL,
  `fecha` date DEFAULT NULL,
  `Categoria_idCategoria` int(11) NOT NULL,
  `Estado` char(1) CHARACTER SET latin1 DEFAULT 'T',
  `pivote` float DEFAULT NULL,
  `cantidad` float DEFAULT NULL,
  `idunidad` int(11) NOT NULL,
  `idmarca` int(11) NOT NULL,
  `preciocredito` float DEFAULT NULL,
  `preciodistribuidor` float DEFAULT NULL,
  `precioespecial` float DEFAULT NULL,
  PRIMARY KEY (`idproducto`,`Categoria_idCategoria`,`idunidad`,`idmarca`),
  UNIQUE KEY `codigo_UNIQUE` (`codigo`),
  KEY `fk_producto_Categoria1` (`Categoria_idCategoria`),
  KEY `fk_producto_unidad1_idx` (`idunidad`),
  KEY `fk_producto_marca1_idx` (`idmarca`),
  CONSTRAINT `fk_producto_Categoria1` FOREIGN KEY (`Categoria_idCategoria`) REFERENCES `categoria` (`idCategoria`) ON DELETE NO ACTION ON UPDATE NO ACTION,
  CONSTRAINT `fk_producto_marca1` FOREIGN KEY (`idmarca`) REFERENCES `marca` (`idmarca`) ON DELETE NO ACTION ON UPDATE NO ACTION,
  CONSTRAINT `fk_producto_unidad1` FOREIGN KEY (`idunidad`) REFERENCES `unidad` (`idunidad`) ON DELETE NO ACTION ON UPDATE NO ACTION
) ENGINE=InnoDB AUTO_INCREMENT=580 DEFAULT CHARSET=utf8 COLLATE=utf8_unicode_ci;
/*!40101 SET character_set_client = @saved_cs_client */;

--
-- Dumping data for table `producto`
--

LOCK TABLES `producto` WRITE;
/*!40000 ALTER TABLE `producto` DISABLE KEYS */;
INSERT INTO `producto` VALUES (1,'753081101004','CHAO MEIN INA',0,'CHAO MEIN INA  FIDEOS MEDIA LIBRA',3.61,4,'2016-03-05',2,'T',5,32,2,1,4,4,3.9),(2,'7401144800021','CHAW MEIN EL AUTENTICO',0,'CHAW MEIN AUTENTICO 2 LBS.',11,12,'2016-03-05',2,'T',5,8,3,2,12,12,11.8),(3,'7401144800014','CHAW MEIN EL AUTENTICO',0,'CHAW MEIN EL AUTENTICO MEDIA LIBRA',4,4.5,'2016-03-05',2,'T',5,27,2,2,4.5,4.5,4.4),(4,'706118000115','CHAO MEIN EL CHINITO',0,'CHAO MEIN EL CHINITO MEDIA LIBRA',4.2,4.75,'2016-03-05',2,'T',5,139,2,3,4.75,4.75,4.65),(5,'753081043762','CHAO MEIN CHOP SUEY',0,'CHAO MEIN CHOP SUEY EL DRAGON MEDIA LIBRA',3.05,3.75,'2016-03-05',2,'T',5,30,2,4,3.75,3.75,3.65),(6,'753081002004','ESPAGUETI INA',0,'ESPAGUETI INA MEDIA LIBRA',3.1,3.3,'2016-03-05',2,'T',5,49,2,1,3.3,3.3,3.25),(7,'753081000000','MACARRON INA',0,'MACARRON INA MEDIA LIBRA',3.1,3.3,'2016-03-05',2,'T',5,31,2,1,3.3,3.3,3.25),(8,'753081008006','CORBATON INA',0,'CORBATON INA MEDIA LIBRA',3.1,3.3,'2016-03-05',2,'T',5,48,2,1,3.3,3.3,3.25),(9,'753081010207','ENTREFINO INA',0,'ENTREFINO CABELLO DE ANGEL INA MEDIA LIBRA',3.1,3.3,'2016-03-05',2,'T',5,26,2,1,3.3,3.3,3.25),(10,'753081007009','CARACOLITO INA',0,'CARACOLITO INA MEDIA LIBRA',3.1,3.3,'2016-03-05',2,'T',5,48,2,1,3.3,3.3,3.25),(11,'7501204010046','ENTREFINO LA PERLA',0,'ENTREFINO LA PERLA MEDIA LIBRA',1.95,2.5,'2016-03-05',2,'T',5,87,2,5,2.5,2.5,2.4),(12,'7501204010251','CODOS LA PERLA',0,'CODOS LA PERLA MEDIA LIBRA',1.9,2.5,'2016-03-05',2,'T',5,48,2,5,2.5,2.5,2.4),(13,'7501204010299','CONCHA GRANDE PERLA',0,'CONCHA GRANDE LA PERLA MEDIA LIBRA',1.9,2.5,'2016-03-05',2,'T',5,92,2,5,2.5,2.5,2.4),(14,'7501204010404','ESPAGUETI  PERLA',0,'ESPAGUETI PERLA MEDIA LIBRA',1.9,2.5,'2016-03-05',2,'T',5,67,2,5,2.5,2.5,2.4),(15,'7501204103038','MACARRON LA PERLA',0,'MACARRON LA PERLA MEDIA LIBRA',1.9,2.5,'2016-03-05',2,'T',5,89,2,5,2.5,2.5,2.4),(16,'7501204010015','FIDEOS LA PERLA',0,'FIDEOS LA PERLA MEDIA LIBRA',1.9,2.5,'2016-03-05',2,'T',5,99,2,5,2.5,2.5,2.4),(17,'7501204010442','CORBATA MOÑO LA PERLA',0,'CORBATA MOÑO LA PERLA MEDIA LIBRA',1.9,2.5,'2016-03-05',2,'T',5,94,2,5,2.5,2.5,2.4),(18,'7501008000694','CORN FLAKES DE  KELLOGG´S',0,'CORN FLAKES DE KELLOGG´S 560 G',20,20.9,'2016-03-05',3,'T',5,26,4,6,20.9,20.9,20.8),(19,'7501008000731','CORN FLAKES DE KELLOGG´S',0,'CORN FLAKES DE KELLOGG´S 150 G',8.75,9.5,'2016-03-05',3,'T',5,27,5,6,9.5,9.5,9.4),(20,'7501008015384','CHOCO KRISPIS',0,'CHOCO KRISPIS KELLOGG´S 730 G',27.5,32,'2016-03-05',3,'T',5,19,6,6,32,32,31),(21,'7501008015438','CHOCO KRISPIS',0,'CHOCO KRISPIS  KELLOGG´S 310 G',14.75,15.25,'2016-03-05',3,'T',5,21,7,6,15.25,15.25,15.1),(22,'7401001508589','ACEITE IDEAL GALON',0,'ACEITE IDEAL 3400 ML',55.83,58,'2016-03-05',4,'T',5,6,8,7,58,58,57.8),(23,'7401001500026','ACEITE IDEAL MEDIO GALON',0,'ACEITE IDEAL 1500 ML',26.5,27.75,'2016-03-05',4,'T',5,10,9,7,27.75,27.75,27.65),(24,'7401001500286','ACEITE IDEAL MEDIO LITRO',0,'ACEITE IDEAL 445 ML',8.5,9,'2016-03-05',4,'T',5,23,10,7,9,9,8.9),(25,'7401001500316','ACEITE IDEALITO',0,'',3.33,3.8,'2016-03-05',4,'T',5,131,11,7,3.8,3.8,3.7),(26,'7401006800701','ACEITE CAPULLO MEDIO LITRO',0,'ACEITE CAPULLO 400 ML',6.5,7.25,'2016-03-05',4,'T',5,72,12,8,7.25,7.25,7.1),(27,'7401006800756','ACEITE CAPULLITO',0,'ACEITE CAPULLITO 170 ML',3.33,3.7,'2016-03-05',4,'T',5,140,13,8,3.7,3.7,3.6),(28,'7401006800183','ACEITE CAPULLO MEDIO GALON',0,'ACEITE CAPULLO MEDIO GALON 1500 ML',22.08,23,'2016-03-05',4,'T',5,9,9,8,23,23,22.9),(29,'7401006800121','ACEITE CAPULLO GALON',0,'ACEITE CAPULLO GALON 3000 ML',40.5,43,'2016-03-05',4,'T',5,6,14,8,43,43,43),(30,'750894620500','ACEITE MAZOLA ',0,'ACEITE MAZOLA 946 ML',20.41,21.1,'2016-03-05',4,'T',5,24,15,9,21.1,21.1,21),(31,'7411000345375','SOPA DE GALLINA CRIOLLA CON FIDEOS',0,'SOPA DE GALLINA CRIOLLA CON FIDEIOS DE 54 G',2,2.25,'2016-03-05',5,'T',5,246,16,10,2.25,2.25,2.15),(32,'7501011902169','CHILE JALAPEÑOS EN ESCABECHE',0,'CHILE JALAPEÑOS FARO 105 G',2.62,3.75,'2016-03-05',7,'T',5,39,18,12,3.75,3.75,3.6),(33,'731653131321','MARGARINA VEGETAL CREMY',0,'MARGARINA VEGETAL CREMY DE 400 G',5.92,6.5,'2016-03-05',8,'T',5,7,19,13,6.5,6.5,6.4),(34,'7411000300367','MARGARINA VEGETAL MIRASOL',0,'MARGARINA VEGETAL MIRASOL 450 G',7.5,8,'2016-03-05',8,'T',5,20,20,14,8,8,7.9),(35,'7401004305116','MARGARINA VITAMINADA REGIA',0,'MARGARINA VEGETAL VITAMINADA REGIA DE 400 G',5.42,6.25,'2016-03-05',8,'T',5,22,19,15,6.25,6.25,6.1),(36,'7401001502204','MARGARINA VEGETAL PATRONA',0,'MARGARINA VEGETAL PATRONA 400 G',5.42,6.25,'2016-03-05',8,'T',5,19,19,16,6.25,6.25,6.1),(37,'7401004201784','SALSA PICANTE CON CHILTEPE',0,'SALSA PICANTE CON CHILTEPE CRIOLLO DE 85 G',2.29,3,'2016-03-05',10,'T',5,19,21,17,3,3,2.9),(38,'7401137107014','VINAGRE ANA BELLY',0,'VINAGRE ANA BELLY 260 ML',2.92,3.75,'2016-03-05',11,'T',5,19,22,18,3.75,3.75,3.6),(39,'088313006346','JUGO KERN\'S DE VEGETAL',0,'JUGO KERN\'S DE VEGETAL 330 ML',2.62,3,'2016-03-05',12,'T',5,94,23,19,3,3,3),(40,'088313010442','JUGO KERN\'S DE MANZANA',0,'JUGO KERN\'S DE MANZANA 330 ML',2.62,3,'2016-03-05',13,'T',5,33,23,19,3,3,3),(41,'088313010534','JUGO KERN\'S DE MELOCOTON',0,'JUGO KERN\'S DE MELOCOTON 330 ML',2.62,3,'2016-03-05',13,'T',5,33,23,19,3,3,3),(42,'7406189002775','JUGO TAMPICO CITRUS PUNCH',0,'JUGO TAMPICO CITRUS PUNCH 552 ML',3.17,4,'2016-03-05',13,'T',5,49,25,20,4,4,3.9),(43,'7401002306719','AGUA PURA SALVAVIDAS',0,'AGUA PURA SALVAVIDAS 600 ML',2.25,4,'2016-03-05',14,'T',5,16,26,21,4,4,3.9),(44,'7401001508053','JUGO CAJTA FRUVITA MELOCOTON',0,'JUGO DE FRUTA CAJITA MELOCOTON 200 ML',1.79,2.3,'2016-03-05',13,'T',5,172,27,22,2.3,2.3,2.2),(45,'7501008702451','GALLETAS MARIAS',0,'GALLETAS MARIAS ROLLO ',2.4,3,'2016-03-05',15,'T',5,27,28,23,3,3,2.9),(46,'760203000374','ANGELITOS GUANDY',0,'ANGELITOS GUANDY BOLSA DE 335 G',7.75,8.25,'2016-03-05',16,'T',5,17,29,24,8.25,8.25,8.1),(47,'7404001800141','SOPA DE VASO LAKY MEN',0,'SOPA DE VASO LAKY MEN 64 G',2.67,2.9,'2016-03-05',17,'T',5,259,30,25,2.9,2.9,2.8),(48,'7411000300626','DETERGENTE SURF MULTIUSOS',0,'DETERGENTE SURF MULTIUSOS AZUL 900 G',8.7,9.3,'2016-03-05',18,'T',5,7,31,26,9.3,9.3,9.2),(49,'012388000190','DETERGENTE UTIL',0,'DETERGENTE UTIL 1 KG',11.5,12.25,'2016-03-05',18,'T',5,7,32,27,12.25,12.25,12.2),(50,'7401001622896','DETERGENTE ESPUMIL SUAVIZANTE',0,'DETERGENTE ESPUMIL SUAVIZANTE 1 KG',11.5,12.25,'2016-03-05',18,'T',5,10,32,28,12.25,12.25,12.15),(51,'7406171018968','DETERGENTE ESPUMIL OXY',0,'DETERGENTE ESPUMIL OXY 1 KG',11.5,12.25,'2016-03-05',18,'T',5,9,32,28,12.25,12.25,12.2),(52,'7401001622469','DETERGENTE ESPUMIL EXPLOCION LIMPIEZ',0,'DETERGENTE ESPUMIL EXPLOCION LIMPIEZA 1 KG',11.5,12.25,'2016-03-05',18,'T',5,5,32,28,12.25,12.25,12.2),(53,'7501026026546','DETERGENTE FOCA',0,'DETERGENTE FOCA',12.8,13.75,'2016-03-05',18,'T',5,24,32,29,13.75,13.75,13.65),(54,'756964002023','DETERGENTE GALLO',0,'DETERGENTE GALLO 250 G',2.5,3,'2016-03-05',18,'T',5,20,33,32,3,3,2.9),(55,'7506309849997','DETERGENTE ARIEL',0,'ARIEL 150 G',3.12,3.75,'2016-03-05',18,'T',0,14,5,33,3.75,3.75,3.65),(56,'7501007455761','ARIEL AROMA ORIGINAL',0,'ARIEL AROMA ORIGINAL KILO',20.55,21.5,'2016-03-05',18,'T',5,16,32,33,21.5,21.5,21.4),(57,'7406171016919','ULTRA KLIN  ROJO',0,'ULTRA KLIN ROJO',80.7,9.5,'2016-03-05',18,'T',5,5,32,34,9.5,9.5,9.4),(58,'7406171010573','ULTRA KLIN ANARANJADO',0,'ULTRA KLIN ANARANJADO',8.7,9.5,'2016-03-05',18,'T',5,20,32,34,9.5,9.5,9.4),(59,'7406171005838','ULTRA KLIN AZUL',0,'ULTRA KLIN AZUL',9,9.5,'2016-03-05',18,'T',5,17,32,34,9.5,9.5,9.4),(60,'7406171021227','ULTRA KLIN MORADO',0,'ULTRA KLIN MORADO',9,9.5,'2016-03-05',18,'T',5,4,32,34,9.5,9.5,9.4),(61,'7406171018555','ULTRA KLIN MORADO MEDIO KILO',0,'ULTRA KLIN MORADO MEDIO KILO',4.5,5,'2016-03-05',18,'T',5,15,35,34,5,5,4.9),(62,'7406171015981','ULTRA KLIN ANARANJADO MEDIO KILO',0,'ULTRA KLIN ANARANJADO MEDIO KILO',4.5,5,'2016-03-05',18,'T',5,17,35,34,5,5,4.9),(63,'7501026027550','BLANCA NIEVES',0,'BLANCA NIEVES 250 G',3,3.5,'2016-03-05',18,'T',5,27,33,35,3.5,3.5,3.4),(64,'7501026026584','DETERGENTE FOCA',0,'DETERGENTE FOCA 100 G',1.3,2,'2016-03-05',18,'T',5,86,36,29,2,2,1.9),(65,'7401002002093','CLORO MAGIA BLANCA',0,'CLORO MAGIA BLANCA 1 LT',7.25,7.75,'2016-03-05',19,'T',5,10,37,36,7.75,7.75,7.65),(66,'7401147800288','CLORO CLORAL',0,'CLORO CLORAL 1 LT',4.67,5.25,'2016-03-05',19,'T',5,9,37,37,5.25,5.25,5.15),(67,'7401002001805','CLORO MAGIA BLANCA GALON',0,'CLORO MAGIA BLANCA 1 GALON ',20.5,21,'2016-03-05',19,'T',5,12,38,36,21,21,20.9),(68,'756964010332','JABON PUNTO AZUL',0,'JABON PUNTO AZUL 3 BOLAS',14.17,16.25,'2016-03-05',20,'T',5,28,39,38,16.25,16.25,16.15),(69,'7406171009768','JABON REINA',0,'JABON REINA AZUL 3 BOLAS',13,13.5,'2016-03-05',20,'T',5,19,39,39,13.5,13.5,13.5),(70,'7406171018234','JABON BEX MORADO',0,'JABON BEX MORADO 3 BOLAS',16.67,17.25,'2016-03-05',20,'T',5,23,39,40,17.25,17.25,17.15),(71,'7406171016902','JABON BEX AZUL',0,'JABON BEX AZUL',16.67,17.25,'2016-03-05',20,'T',5,26,39,40,17.25,17.25,17.15),(72,'7406171016889','JABON BEX BLANCO',0,'JABON BEX BLANCO',16.67,17.25,'2016-03-05',20,'T',5,43,39,40,17.25,17.25,17.15),(73,'756964011100','JABON GALLO PEQUEÑO',0,'JABON GALLO PEQUEÑO TRES BOLAS',9,9.75,'2016-03-05',20,'T',5,28,39,32,9.75,9.75,9.65),(74,'756964002221','JABON GALLO GRANDE',0,'JABON GALLO GRANDE 3 BOLAS',13.22,14.25,'2016-03-05',20,'T',5,16,39,32,14.25,14.25,14.15),(75,'7401001612231','JABON CORONA',0,'JABON CORONA 4 BOLAS',9.5,10.75,'2016-03-05',20,'T',5,18,40,41,10.75,10.75,10.65),(76,'7406171016162','JABON AMBAR',0,'JABON AMBAR 3 BOLAS',11.75,12.5,'2016-03-05',20,'T',5,33,39,42,12.5,12.5,12.4),(77,'7421001013135','JABON CENTELLA',0,'JABON CENTELLA 3 BOLAS',13.5,14.5,'2016-03-05',20,'T',5,13,39,43,14.5,14.5,14.4),(78,'7411000300404','JABON XTRA LIMON',0,'JABON XTRA LOMON 3 BOLAS',15.5,18,'2016-03-05',20,'T',5,13,39,44,18,18,17.9),(79,'7411000386507','JABON XTRA ROSADO',0,'JABON XTRA ROSADO',15.5,18,'2016-03-05',20,'T',5,16,39,44,18,18,17.9),(80,'7411000386385','JABON XTRA BLANCO',0,'JABON XTRA BLANCO',15.5,18,'2016-03-05',20,'T',5,17,39,44,18,18,17.9),(81,'7421001643509','JABON MAX BLANCO',0,'JABON MAX BLANCO 3 BOLAS',16.67,17.25,'2016-03-05',20,'T',5,5,39,45,17.25,17.25,17.15),(82,'7421001613540','JABON MAX AZUL',0,'JABON MAX AZUL 3 BOLAS',16.67,17.25,'2016-03-05',20,'T',5,21,39,45,17.25,17.25,17.15),(83,'7421001651894','JABON MAX AMARILLO',0,'JABON MAX AMARILLO 3 BOLAS',16.67,17.25,'2016-03-05',20,'T',5,16,39,45,17.25,17.25,17.15),(84,'7421001644551','JABON MAX VERDE',0,'JABON MAX VERDE 3 BOLAS',16.67,17.25,'2016-03-05',20,'T',5,22,39,45,17.25,17.25,17.15),(85,'7421001651979','JABON MAX ROSADO',0,'JABON MAX ROSADO 3 BOLAS',16.67,17.25,'2016-03-05',20,'T',5,24,39,45,17.25,17.25,17.15),(86,'7421001651931','JABON MAX VERDE FLUORECENTE',0,'JABON MAX VERDE FLUORECENTE',16.67,17.25,'2016-03-05',20,'T',5,8,39,45,17.25,17.25,17.15),(87,'7421001613861','JABON MAX MELON',0,'JABON MAX MELON 3 BOLAS',16.67,17.25,'2016-03-05',20,'T',5,22,39,45,17.25,17.25,17.15),(88,'099176003410','JABON POTENSOL',0,'JABON POTENSOL',4.5,5,'2016-03-05',20,'T',5,49,19,46,5,5,4.9),(89,'7406171013277','JABON TEX',0,'JABON TEX',2.25,2.75,'2016-03-05',20,'T',5,74,41,48,2.75,2.75,2.65),(90,'099176004530','JABON DOÑA BLANCA',0,'JABON DOÑA BLANCA 85 G',1.35,1.5,'2016-03-05',20,'T',5,109,21,47,1.5,1.5,1.45),(91,'099176004547','JABON DOÑA BLANCA MEDIANO',0,'JABON DOÑA BLANCA MEDIANO',2.75,3,'2016-03-05',20,'T',5,70,42,47,3,3,1.9),(92,'099176004554','JABON DOÑA BLANCA GRANDE',0,'JABON DOÑA BLANCA GRANDE',4.5,4.9,'2016-03-05',20,'T',5,43,33,47,4.9,4.9,4.8),(93,'099176004561','JABON DOÑA BLANCA MEGA GRANDE',0,'JABON DOÑA BLANCA MEGA GRANDE',5.42,5.9,'2016-03-05',20,'T',5,47,43,47,5.9,5.9,5.8),(94,'7406171009072','ESPUMIL EN BARRA',0,'ESPUMIL EN BARRA 4 UNIDADES',9.25,10.25,'2016-03-05',20,'T',5,18,44,28,10.25,10.25,10.1),(95,'7506195163702','CLORO MAGIA BLANCA POPULINO',0,'CLORO MAGIA BLANCA 12 UNIDADES',10.8,13,'2016-03-05',19,'T',5,420,45,36,13,13,12.9),(96,'7401147800066','CLORO CLORAL PAQ. 6 UNID.',0,'CLORO CLORAL PAQUETE DE 6 UNIDADES',3.25,3.65,'2016-03-05',19,'T',5,92,46,37,3.65,3.65,3.5),(97,'7404004200177','CLORO MAX BLANKO 6 PAQ.',0,'CLORO MAX BLANKO 6 UNIDADES',4.25,4.5,'2016-03-05',19,'T',5,48,46,45,4.5,4.5,4.4),(98,'7501020546477','LECHE LIQUIDA NUTRI LETY',0,'LECHE LIQUIDA NUTRI LETY 1 LT',7.92,8.5,'2016-03-05',21,'T',5,29,37,50,8.5,8.5,8.4),(99,'763517010114','LECHE ENTERA FOREMOST',0,'LECHE ENTERA FOREMOST 900 ML',7.92,8.5,'2016-03-05',21,'T',5,14,48,51,8.5,8.5,8.4),(100,'7441008163312','PAPEL SCOTT JUMBO',0,'PAPEL SCOTT JUMBO',17.92,19,'2016-03-05',23,'T',5,7,49,52,19,19,18.8),(101,'099072000674','PAPEL PREMIER MEGA ROLLO',0,'PAPEL PREMIER MEGA ROLLO 4 ROLLOS',10,11,'2016-03-05',23,'T',5,10,49,53,11,11,10.9),(102,'7416502200504','PAPEL ENCANTO 1000 HOJAS',0,'PAPEL ENCANTO 1000 HOJAS 4 ROLLOS',17.5,18.75,'2016-03-05',23,'T',5,5,49,54,18.75,18.75,18.6),(103,'7416502201617','PAPEL ENCANTO ECOLOGICO',0,'PAPEL ENCANTO ECOLOGICO 4 ROLLOS',15.42,17.25,'2016-03-05',23,'T',5,10,49,54,17.25,17.25,17.1),(104,'7501017376476','PAPEL FLAMINGO ',0,'PAPEL FLAMINGO 4 ROLLOS',3.96,4.5,'2016-03-05',23,'T',5,19,49,55,4.5,4.5,4.3),(105,'7441008126683','PAPEL SCOTT PLUS',0,'PAPEL SCOTT PLUS 4 ROLLOS',6,6.75,'2016-03-05',23,'T',5,7,49,52,6.75,6.75,6.55),(106,'842135000537','PAPEL ENCANTO BASICO',0,'PAPEL ENCANTO BASICO',5,5.75,'2016-03-05',23,'T',5,49,49,54,5.75,5.75,5.6),(107,'842135000544','PAPEL ENCANTO BASICO',0,'PAPEL ENCANTO BASICO 12 ROLLOS',15,16.5,'2016-03-05',23,'T',5,3,51,54,16.5,16.5,16.5),(108,'7501060500101','ACEITE PATRONA 1 LT',0,'ACEITE PATRONA 1 LT',10.42,11.5,'2016-03-05',4,'T',5,17,37,16,11.5,11.5,11.4),(109,'7501060500354','ACEITE PATRONA MEDIO LITRO',0,'ACEITE PATRONA MEDIO LITRO',5.21,6.5,'2016-03-05',4,'T',5,49,52,16,6.5,6.5,6.4),(110,'7501039121436','ACEITE AVE',0,'ACEITE AVE 1 LT',8.75,9.75,'2016-03-05',4,'T',5,99,37,57,9.75,9.75,9.6),(111,'7501531900003','ACEITE VILLA DEL CAMPO',0,'ACEITES VILLA DEL CAMPO 1 LT',8.75,9.75,'2016-03-05',4,'T',5,7,37,58,9.75,9.75,9.6),(112,'7501060500507','ACEITE TEPEYAC',0,'ACEITE TEPEYAC 1 LT',9.16,10,'2016-03-05',4,'T',5,58,37,59,10,10,10),(113,'7401004301309','ACEITE REGIA',0,'ACEITE REGIA 1 LT',10,10.5,'2016-03-05',4,'T',5,46,37,15,10.5,10.5,10.4),(114,'731653200836','ACEITE OLMECA',0,'ACEITE OLMECA MEDIO LITRO',5.21,5.5,'2016-03-05',4,'T',5,27,52,61,5.5,5.5,5.3),(115,'0101010','BANDEJA PLATO NORMAL SIN MARCA',0,'BANDEJA DE PLATO NORMAL 50 UNIDADES',6.5,7,'2016-03-05',24,'T',5,18,53,62,7,7,6.8),(116,'0202020','BANDEJA PLATO CON DIVISION',0,'BANDEJA DE PLATOS CON DIVISION 50 UNIDADES',13.75,14.5,'2016-03-05',24,'T',5,0,53,62,14.5,14.5,14.3),(117,'764246002562','BANDEJA PLATOS TAPA LISA',0,'BANDEJA PLATOS TERMO FOM 50 UNIDADES',32,33.5,'2016-03-05',24,'T',5,12,53,63,33.5,33.5,33.3),(118,'7401107400312','PAPEL ALUMINIO',0,'PAPEL ALUMINIO 25 PIES',4.5,6,'2016-03-05',24,'T',5,38,54,64,6,6,5.7),(119,'7404004200597','SERVILLETAS 100 UNIDADES',0,'SERVILLETAS 100 UNIDADES',2.9,3.75,'2016-03-05',24,'T',5,65,55,65,3.75,3.75,3.55),(120,'0303030','PAJILLAS FIESTA',0,'PAJILLAS FIESTA UNIDADES',0.8,1.5,'2016-03-05',24,'T',5,231,55,66,1.5,1.5,1.3),(121,'0404040','CUCHARA FIESTA GRANIZADA',0,'PAQUETE DE CUCHARAS FIESTA',1.87,2.5,'2016-03-05',24,'T',5,78,55,66,2.5,2.5,2.3),(122,'0505050','TENEDOR FIESTA',0,'TENEDOR FIESTA PAQUETE',2.32,3,'2016-03-05',24,'T',5,74,55,66,3,3,2.8),(123,'7401010100224','CUCHARA VIVA PARA GRANIZADA',0,'CUCHARAS PARA GRANIZADAS 100 UNIDADES',7,7.75,'2016-03-05',24,'T',5,19,56,67,7.75,7.75,7.6),(124,'089674060183','FRUTY FRESCO SURTIDO',0,'FRUTY FRESCO SABORES 18 UNIDADES',14.69,15.5,'2016-03-05',25,'T',5,10,57,68,15.5,15.5,15.4),(125,'7401002307761','NARANJADA CON SODA',0,'NARANJADA CON SODA UNIDAD',1.89,3,'2016-03-05',26,'T',5,94,58,69,3,3,2.8),(126,'7401002305613','SUPER LEMON',0,'GASEOSA SUPER LEMON',1.87,3,'2016-03-05',26,'T',5,95,58,71,3,3,2.8),(127,'7401002304517','GASEOSA UVA SALVAVIDAS',0,'GASEOSA SALVAVIDAS UVA',1.87,3,'2016-03-05',26,'T',5,93,58,21,3,3,2.8),(128,'0606060','SAL PESADA SIN MARCA',0,'SAL PESADA SIN MARCA',0.52,0.85,'2016-03-05',27,'T',5,82,59,74,0.85,0.85,0.75),(129,'0707070','ARROZ ENTERO PESADOSIN MARCA',0,'ARROZ PESADO SIN MARCA',2.38,2.9,'2016-03-05',29,'T',5,464,59,62,2.9,2.9,2.8),(130,'0808080','FRIJOL PESADO',0,'FRIJOL PESADO SIN MARCA 1 LB',3.33,3.75,'2016-03-05',30,'T',5,602,59,62,3.75,3.75,3.6),(131,'0909090','AZUCAR PESADA SIN MARCA',0,'AZUCAR PESADA SIN MARCA',2.26,2.75,'2016-03-05',28,'T',5,86,59,62,2.75,2.75,2.6),(132,'11011011','PROTEMAS PESADO SIN MARCA',0,'PROTEMAS SIN MARCA LIBRA',6,10,'2016-03-05',31,'T',5,46,59,62,10,10,9.8),(133,'7404001570181','AZUCAR DON JUSTO CAVAL',0,'AZUCAR DON JUSTO CAVAL 1 KILO',6.2,6.5,'2016-03-05',28,'T',5,150,60,76,6.5,6.6,6.4),(134,'781179001035','AZUCAR CAÑA REAL',0,'AZUCAR CAÑA REAL 1 LB',3.17,3.35,'2016-03-05',28,'T',5,756,59,75,3.35,3.35,3.25),(135,'1212120','AZUCAR CAÑA REAL 3X10',0,'AZUCAR CAÑA REAL 3X10',9.33,10,'2016-03-05',28,'T',5,471,58,75,10,10,9.9),(136,'7401001716168','CAFE INCASA FRASCO',0,'CAFE INCASA FRASCO 50 G',11.25,12.25,'2016-03-05',32,'T',5,36,61,77,12.25,12.25,12.1),(137,'7401001795767','CAFE INCASA FRASCO GRANDE',0,'CAFE INCASA FRASCO GRANDE 250 G',42,43.5,'2016-03-05',32,'T',5,8,33,77,43.5,43.5,43.3),(138,'7501059242449','CAFE MUSUN SUAVE PEQUEÑO',0,'CAFE MUSUN PEQUEÑO 50 G',9.17,10,'2016-03-05',32,'T',5,13,61,78,10,10,9.8),(139,'7501059242463','CAFE MUSUN MEDIANO',0,'CAFE MUSUN FRASCO GRANDE',28,30,'2016-03-05',32,'T',0,14,62,78,30,30,29.8),(140,'7501059283268','CAFE NESCAFE',0,'CAFE NESCAFE PEQUEÑO 50 G ',12.5,13.25,'2016-03-05',32,'T',5,8,61,79,13.25,13.25,13),(141,'7501059283282','NESCAFE CLASICO',0,'NECAFE CLASICO MEDIANO',24,25,'2016-03-05',32,'T',5,23,36,79,25,25,25),(142,'7501059283275','NESCAFE CLASICO',0,'NESCAFE CLASICO GRANDE',38.5,39,'2016-03-05',32,'T',5,21,63,79,39,39,38.8),(143,'7401004301200','ACEITE REGIA GALON',0,'ACEITE REGIA 1 GALON',40.5,42,'2016-03-05',4,'T',5,5,38,15,42,42,41.8),(144,'088169424318','SOPA POLLO CON FIDEOS MAGGI',0,'SOBRE SOPA DE POLLO MAGGI CON FIDEOS',2.01,2.3,'2016-03-05',5,'T',5,264,64,80,2.3,2.3,2.2),(145,'088169430586','COLA DE RES MAGGI',0,'SOPAS DE COLA DE RES MAGGI',4.16,4.5,'2016-03-05',5,'T',5,283,65,80,4.5,4.5,4.4),(146,'088313002966','SOBRE DE FRIJO VOLTEADOS DUCAL',0,'SOBRE DE FRIJOL VOLTEADOS DUCAL ',2.75,2.9,'2016-03-05',30,'T',5,42,66,81,2.9,2.9,2.8),(147,'088313261585','FRIJOLES NEGROS DUCAL',0,'SOBRE DE FRIJOLES NEGROS DUCAL',4.5,5,'2016-03-05',30,'T',5,13,67,81,5,5,4.8),(148,'7501001600105','LECHE CONDENSADA NESTLE',0,'LATA LECHE CONDENSADA NESTLE',9.37,10,'2016-03-05',33,'T',5,32,68,82,10,10,9.8),(149,'088313062267','LATA FRIJOL DUCAL BLACK PEQUEÑA',0,'LATA PEQUEÑA FRJOL DUCLA',3,3.5,'2016-03-05',30,'T',5,93,70,81,3.5,3.5,3.4),(150,'088313062281','LATA FRIJOL DUCAL BLACK MEDIANO',0,'LATA FRIJOL DUCAL BLACK MEDIANO',6.5,7,'2016-03-05',30,'T',5,42,71,81,7,7,6.8),(151,'088313001365','LATA DE FRIJOL DUCAL BLACK GRANDE',0,'LATA DE FRIJOL DUCLA BLACK GRANDE',8.25,9,'2016-03-05',30,'T',5,16,69,81,9,9,8.9),(152,'088313062946','LATA FRIJOL DUCAL EXTRAGRANDE',0,'LATA DE FRIJOL DUCAL EXTRAGRANDE',13.33,14.2,'2016-03-05',30,'T',5,10,72,81,14.2,14.2,14),(153,'7411000344859','SALSITAS NATURA´S RANCHERAS',0,'SALSITAS NATURAS RANCHERAS UNIDAD DE 106G',2.65,3,'2016-03-06',6,'T',5,228,58,11,3,3,2.8),(154,'7501003124241','LATA DE GRANOS DE ELOTE HERDEZ',0,'LATA DE GRANOS HERDEZ 400 G',7.71,8.25,'2016-03-06',34,'T',5,18,19,83,8.25,8.25,8.2),(155,'7501003124234','LATA DE GRANOS DE ELOTE PEQUEÑO HER',0,'LATA DE MAIZ HERDEZ PEQUEÑO',7,7.5,'2016-03-06',34,'T',5,22,74,83,7.5,7.5,7.3),(156,'088169429900','SOBRE DE CREMA DE MARISCOS MAGGI',0,'SOBRE DE CREMA DE MARISCOS MAGGI',4.16,4.5,'2016-03-06',35,'T',5,281,58,80,4.5,4.5,4.3),(157,'7411000344842','SOBRE SALSITAS NATURA\'S QUESO',0,'SOBRE DE SALSAS NATURA´S DE QUESO',2.65,3,'2016-03-06',6,'T',5,89,58,11,3,3,2.8),(158,'738777020029','CHILE JALAPEÑO ByB PICANTE',0,'CHILE JALAPEÑO PICANTE ByB 180 G',4.17,5,'2016-03-06',7,'T',5,44,62,84,5,5,4.9),(159,'738777020036','CHILE JALAPEÑO SEMIPICANTEPICANTE ByB',0,'CHILE JALPEÑO SEMIPICANTE ENLATADO 180G',4.17,5,'2016-03-06',34,'T',5,46,62,84,5,5,4.9),(160,'738777310014','LATA FRIJO NEGROS VOLTEADOS ByB ',0,'LATA FRIJOLES VOLTEADOS NEGROS ByB',2.5,3,'2016-03-06',34,'T',5,45,62,84,3,3,2.85),(161,'088313590807','PASTA DE TOMATE KERN\'S',0,'SOBRE DE PASTA DE TOMATE KERN\'S',3.25,3.75,'2016-03-06',6,'T',5,44,75,19,3.75,3.75,3.6),(162,'7501008075708','BOLSA DE CHOCO KRISPIS',0,'BOLSA DE CHOCO KRISPIS DE 150G ',7.75,8,'2016-03-06',3,'T',5,92,5,6,8,8,8),(163,'7401165800109','PAQUETE DEL CAFE',0,'PAQUETE DEL CAFE 27 SOBRES',26,27,'2016-03-06',32,'T',5,18,55,85,27,27,26.8),(164,'7401091700245','SOBRE CAFE VELERO MIRAMAR MED. LIB.',0,'SOBRE CAFE VELERO MIRAMAR MEDIA LIBRA ',6.5,7,'2016-03-06',32,'T',5,10,2,86,7,7,6.85),(165,'7401091700115','PAQUETE CAFE FARO MIRAMAR',0,'PAQUETE CAFE FARO MIRAMAR UNA LIBRA',10,11,'2016-03-06',32,'T',0,24,59,86,11,11,10.8),(166,'7401165800024','SOBRE CAFE DELCAFE',0,'SOBRE DELCAFE MEDIA LIBRA',8.5,9,'2016-03-06',32,'T',5,8,2,85,9,9,8.8),(167,'7401103700577','VINAGRE CyQ GALON',0,'VINAGRE CyQ galon',15,18,'2016-03-06',11,'T',5,4,38,87,18,18,17.5),(168,'7401103700089','SALSA INGLESA CyQ GALON',0,'SALSA INGLESA CyQ GALON',30,33,'2016-03-06',38,'T',5,4,38,87,33,33,32.8),(169,'7401103700041','SALSA SOYA CyQ GALON',0,'SALSA SOYA CyQ galon',30,33,'2016-03-06',39,'T',5,3,38,87,33,33,32.8),(170,'753081200004','SALSA SOYA INA PEQUEÑO',0,'SALSA SOYA INA PEQUEÑO',3,3.5,'2016-03-06',39,'T',5,57,80,1,3.5,3.5,3.3),(171,'753081201001','SALSA INGLESA INA PEQUEÑO',0,'',3,3.5,'2016-03-06',38,'T',5,69,80,1,3.5,3.5,3.3),(172,'753081201100','SALSA INGLESA INA MEDIANO',0,'SALSA INGLESA INA MEDIANO',4.5,5,'2016-03-06',38,'T',5,38,81,1,5,5,5),(173,'738777230046','VINAGRE ByB BOTELLA',0,'VINAGRE ByB BOTELLA',3.5,4.25,'2016-03-06',11,'T',5,47,27,84,4.25,4.25,4.1),(174,'769470000032','SALSA CAMPERO BOTELLA',0,'SALSA CAMPERO BOTELLA',8,8.5,'2016-03-06',40,'T',5,15,68,88,8.5,8.5,8.2),(175,'7421001650002','KETCHUP CAMPOFRESCO',0,'KETCHUP CAMPOFRESCO',5,5.5,'2016-03-06',40,'T',5,17,68,89,5.5,5.5,5.3),(176,'758437179881','ROSTIZADOR EMPANIZADOR YAESTA',0,'ROSTIZADOR EMPANIZADOR YAESTA',3.2,4,'2016-03-06',41,'T',5,193,58,90,4,4,3.8),(177,'7401002911012','ARROZ GALLO DORADO',0,'ARROZ GALLO DORADO LIBRA',5,5.5,'2016-03-06',29,'T',5,22,59,91,5.5,5.5,5.4),(178,'131313130','SABORIN BOLSA CHAPIN',0,'SABORIN BOLSA CHAPIN',3,3.5,'2016-03-06',42,'T',5,42,58,92,3.5,3.5,3.3),(179,'141414140','ROSTIZADOR BOLSA CHAPIN',0,'ROSTIZADOR BOLSA CHAPIN',1.9,2.5,'2016-03-06',41,'T',5,43,58,92,2.5,2.5,2.4),(180,'7501118342202','SAL OSO BLANCO',0,'SAL OSO BLANCO 1 KILO',3.5,4,'2016-03-06',27,'T',5,26,60,73,4,4,3.8),(181,'089674003722','YUS SABOR FRESA',0,'YUS SABOR FRESA',1.8,1.9,'2016-03-06',25,'T',5,87,83,94,1.9,1.9,1.9),(182,'089674004125','YUS SABOR HORCHATA',0,'YUS SABOR HORCHATA',1.8,1.9,'2016-03-06',25,'T',5,88,83,94,1.9,1.9,1.9),(183,'089674004774','YUS SABOR MELON',0,'YUS SABOR MELON',1.8,1.9,'2016-03-06',25,'T',5,84,83,94,1.9,1.9,1.9),(184,'089674003739','YUS SABOR DURAZNO',0,'YUS SABOR DURAZNO',1.8,1.9,'2016-03-06',25,'T',5,102,83,94,1.9,1.9,1.9),(185,'089674004156','YUS SABOR JAMAICA',0,'YUS SABOR JAMAICA',1.8,1.9,'2016-03-06',25,'T',5,92,83,94,1.9,1.9,1.9),(186,'089674005245','YUS SABOR CREMITA',0,'YUS SABOR CREMITA',1.8,1.9,'2016-03-06',25,'T',5,100,83,94,1.9,1.9,1.9),(187,'089674003975','YUS SABOR GUANABA',0,'YUS SABOR GUANABA',1.8,1.9,'2016-03-06',25,'T',5,102,83,94,1.9,1.9,1.9),(188,'089674003951','YUS SABOR MANGO',0,'YUS SABOR MANGO',1.8,1.9,'2016-03-06',25,'T',5,101,83,94,1.9,1.9,1.9),(189,'089674003715','YUS SABOR MORA',0,'YUS SABOR MORA',1.8,1.9,'2016-03-06',25,'T',5,92,83,94,1.9,1.9,1.9),(190,'089674003968','YUS SABOR LIMONADA',0,'YUS SABOR LIMONADA',1.8,1.9,'2016-03-06',25,'T',5,98,83,94,1.9,1.9,1.9),(191,'089674003944','YUS SABOR MANDARINA',0,'YUS SABOR MANDARINA',1.8,1.9,'2016-03-06',25,'T',5,96,83,94,1.9,1.9,1.9),(192,'089674004064','YUS SABOR MANZANA',0,'YUS SABOR MANZANA',1.8,1.9,'2016-03-06',25,'T',5,93,83,94,1.9,1.9,1.9),(193,'089674003708','YUS SABOR NARANJA ',0,'YUS SABOR NARANJA',1.8,1.9,'2016-03-06',25,'T',5,102,83,94,1.9,1.9,1.9),(194,'089674003746','YUS SABOR PIÑA',0,'YUS SABOR PIÑA',1.8,1.9,'2016-03-06',25,'T',5,97,83,94,1.9,1.9,1.9),(195,'089674004132','YUS SABOR TAMARINDO',0,'YUS SABOR TAMARINDO',1.8,1.9,'2016-03-06',25,'T',5,88,83,94,1.9,1.9,1.9),(196,'7401002595014','VINAGRE SHARP',0,'VINAGRE SHARP 1 LT',11,11.75,'2016-03-06',11,'T',5,9,37,95,11.75,11.75,11.75),(197,'089674020316','BOTE CONSOME DE POLLO MALHER',0,'BOTE CONSOME DE POLLO MALHER UNA LIBRA',14.38,15,'2016-03-06',47,'T',0,14,84,96,15,15,15),(198,'089674020217','BOTE CONSOME DE POLLO MALHER MEDIA LIBRA',0,'CONSOME DE POLLO MALHER BOTE MEDIA LIBRA',10.5,11,'2016-03-06',47,'T',5,16,2,96,11,11,11),(199,'089674020408','BOTE CONSOME DONGUSTO LIBRA',0,'BOTE CONSOME DONGUSTO LIBRA',9.79,11,'2016-03-06',47,'T',5,20,59,98,11,11,11),(200,'089674000394','BOTE CONSOME DON GUSTO LIBRA Y MEDIA',0,'BOTE CONSOME DONGUSTO LIBRA Y MEDIA',14.5,15.5,'2016-03-06',47,'T',5,23,86,98,15.5,15.5,15.3),(201,'089674020415','BOTE CONSOME DE POLLO DONGUSTO MEDIA LIBRA',0,'BOTE CONSOME DON GUSTO MEDIA LIBRA',5.5,6,'2016-03-06',47,'T',5,14,2,98,6,6,6),(202,'738777260050','BOTE CONSOME DE POLLO ByB',0,'BOTE CONSOME DE POLLO ByB',11.25,12.25,'2016-03-06',47,'T',5,24,84,84,12.25,12.25,12.25),(203,'089674020279','BOTE CONSOME DE RES MALHER',0,'BOTE CONSOME DE RES MALHER 1 LB',14.5,15.5,'2016-03-06',47,'T',5,24,59,96,15.5,15.5,15.5),(204,'089674000677','BOTE CONSOME DE RES MALHER MED. LIB.',0,'BOTE CONSOME DE RES MALHEER',10.5,11.5,'2016-03-06',47,'T',5,24,2,96,11.5,11.5,11.4),(205,'7404001600420','BOTE CONSOME CAROL LIBRA',0,'BOTE CONSOME CAROL LIBRA',9.25,10.5,'2016-03-06',47,'T',5,21,59,97,10.5,10.5,10.5),(206,'7404001600444','BOTE CONSOME CAROL MEDIA LIBRA',0,'BOTE CONSOME CAROL MED. LIB.',5.25,6.5,'2016-03-06',47,'T',5,24,2,97,6.5,6.5,6.5),(207,'089674004767','BOLSA CONSOME DE POLLO MALHER LIBRA',0,'BOLSA CONSOME DE POLLO MALER LIBRA',12.5,13,'2016-03-06',47,'T',5,20,59,96,13,13,13),(208,'089674000899','BOLSA CONSOME DE POLLO MEDIA LIBRA',0,'BOLSA CONSOME DE POLLO MEDIA LIBRA',7.92,8.5,'2016-03-06',47,'T',5,19,2,96,8.5,8.5,8.5),(209,'089674004330','BOLSA CONSOME DE POLLO MALHER DOS LIBRAS',0,'BOLSA DE CONSOME MALHER DOS LIBRAS',25.5,25.75,'2016-03-06',47,'T',5,12,87,96,25.75,25.75,25.75),(210,'7501000910809','COMPOTA GERBER FRUTAS MIXTAS',0,'COMPOTA GERBER FRUTAS MIXTAS',4.5,5,'2016-03-06',50,'T',5,19,88,99,5,5,5),(211,'7501000910786','COMPOTA GERBER PERA',0,'COMPOTA GERBER PERA',4.5,5,'2016-03-06',50,'T',5,23,88,99,5,5,4.9),(212,'7411000342466','MAIZENA CAJA 47G',0,'MAIZENA CAJA 47G',1.9,2.25,'2016-03-06',53,'T',5,36,89,100,2.25,2.25,2),(213,'7401006210500','CERILLOS FOGATA PAQUETE',0,'CERILLOS FOGATA PAQUETE',2.5,3,'2016-03-06',51,'T',5,70,55,102,3,3,2.8),(214,'7421000102014','FOSFOROS PAPAGAYO',0,'FOSFOROS PAPAGAYO PAQUETE',2.35,3,'2016-03-06',51,'T',5,97,55,101,3,3,3),(215,'7401137102002','MERMELADA DE FRESA ANA BELLY',0,'MERMELADA DE FRESA ANA BELLY',9,10,'2016-03-06',52,'T',5,22,88,18,10,10,10),(216,'738777170137','SALSA PICANTE PICAMAS',0,'PICAMAS JUMBO',10,11,'2016-03-06',7,'T',5,20,90,109,11,11,10.9),(217,'755111732035','GALLETA COCTEL PAQUETE',0,'GALLETA COCTEL PAQUETE',5.21,6,'2016-03-06',15,'T',5,24,55,106,6,6,5.9),(218,'753079004041','GALLETA ESCOLAR PAQUETE',0,'GALLETA ESCOLAR PAQUETE',4.79,5.25,'2016-03-06',15,'T',5,24,55,103,5.25,5.25,5.25),(219,'086581005122','GALLETA CREMAS POZUELO',0,'GALLETA CREMAS POZUELO',8.75,9.25,'2016-03-06',15,'T',5,21,55,105,9.25,9.25,9.1),(220,'086581001070','GALLETA SODA POZUELO',0,'GALLETA SODA POZUELO PAQUETE',6.5,7,'2016-03-06',15,'T',5,12,55,110,7,7,6.9),(221,'7421001651504','GALLETA CHOCOLATE RIKITIKI',0,'GALLETAS CHOCOLATE RIKITIKI PAQUETE',4.5,5,'2016-03-06',15,'T',5,11,55,111,5,5,4.9),(222,'7421001651498','GALLETAS DE FRESA RIKITIKI',0,'GALLETAS DE FRESA RIKITIKI PAQUETE',4.5,5,'2016-03-06',15,'T',5,13,55,111,5,5,4.9),(223,'753079000708','GALLETA CAN CAN EXTRA PAQUETE',0,'GALLETA CAN CAN EXTRA PAQUETE',8.75,9.25,'2016-03-06',15,'T',5,15,55,107,9.25,9.25,9.2),(224,'086581002503','GALLETA CLUB EXTRA POZUELO',0,'GALLETA CLUB EXTRA POZUELO PAQUETE',8.75,9,'2016-03-06',15,'T',5,56,55,108,9,9,8.9),(225,'7406234004587','BOMBOM COLOMBINA ROJO FRESA',0,'',9,9.5,'2016-03-06',56,'T',5,12,92,112,9.5,9.5,9.3),(226,'7406234004662','BOMBOM COLOMBINA SABOR CHICLE',0,'BOMBON COLOMBINA SABOR CHICLE',9,9.5,'2016-03-06',56,'T',5,14,92,112,9.5,9.5,9.3),(227,'7406234000718','BOMBOM COLOMBINA YOGURT',0,'BOLSA BOMBOM COLOMBINA YOGURT',9,9.5,'2016-03-06',56,'T',5,41,92,112,9.5,9.5,9.3),(228,'7406234004594','BOMBOM COLOMBINA SURTIDO',0,'BOMBOM COLOMBINA SURTIDO',9,9.5,'2016-03-06',56,'T',5,14,92,112,9.5,9.5,9.3),(229,'7501056910150','BOMBOM BUBBALOO FRESA',0,'BOMBOM BUBBALOO BOLSA FRESA',13.75,18,'2016-03-06',56,'T',5,14,91,113,18,18,18),(230,'7501056910167','BOMBOM BUBBALOO MORA AZUL',0,'BOBMBOM BUBBALOO MORA AZUL',13.75,18,'2016-03-06',56,'T',5,16,91,113,18,18,17.5),(231,'7622210416773','CAJA CHICLE BUBBALOO FRESA',0,'CAJA CHICLE BUBBALOO FRESA',13.5,14,'2016-03-06',7,'T',5,30,89,113,14,14,13.9),(232,'7401018101094','ACEITE BABY CHIC',0,'ACEITE BABY CHIC4',4,4.5,'2016-03-07',58,'T',5,24,93,114,4.5,4.5,4.4),(233,'7411001630036','CREMA SUAVE',0,'CREMA SUAVE',9,12,'2016-03-07',59,'T',5,31,94,115,12,12,11.9),(234,'1616160','AGUACATINA',0,'AGUACATINA 4 ROSAS',6.5,7,'2016-03-07',58,'T',5,39,95,116,7,7,6.9),(235,'1717170','AGUACATINA',0,'AGUACATINA CUATRO ROSAS',4,4.5,'2016-03-07',58,'T',5,44,96,116,4,4.5,4.4),(236,'1818180','AGUACATINA PEQUEÑA',0,'AGUACATINA CUATRO ROSAS',2.75,3.25,'2016-03-07',58,'T',5,34,97,116,3.25,3.25,3.15),(237,'1919190','GELATINA HULK',0,'GELATINA HULK MEDIANA',7.5,8,'2016-03-07',60,'T',5,11,96,117,8,8,7.9),(238,'2020200','GELATINA HULK',0,'GELATINA HULK GRANDE',8.5,9,'2016-03-07',60,'T',5,11,95,117,9,9,8.9),(239,'2121210','BIJOL',0,'CAJA DE BIJOL',18,19,'2016-03-07',61,'T',5,9,98,118,19,19,18.9),(240,'7406233000092','TOALLAS POM POM',0,'TOALLAS HUMEDAS POM POM',8.33,8.5,'2016-03-07',62,'T',5,5,55,119,8.5,8.5,8.4),(241,'7401111601903','PEPITO',0,'PAQUETE DE PAÑAL PEPITO 50 UNIDADES',45,50,'2016-03-07',1,'T',5,5,55,120,50,50,49),(242,'2222220','PAÑAL PEPITO',0,'PAÑAL PEPITO POR UNIDAD',0.9,1,'2016-03-07',1,'T',5,5,58,120,1,1,1),(243,'7441008141440','HUGGUIES G3',0,'HUGGIES TALLA G/3',90,92,'2016-03-07',1,'T',5,2,55,121,92,92,92),(244,'2323230','HUGGIES',0,'PAÑAL INDIVIDUAL',1.8,2,'2016-03-07',1,'T',5,4,58,121,2,2,2),(245,'7441008141457','HUGGUIES XG4',0,'PAQUETE DE HUGGIES XG/4',90,92,'2016-03-07',1,'T',5,3,55,121,92,92,92),(246,'7441008141433','HUGGIES M2',0,'PAQUETE HUGGIES M/2',90,92,'2016-03-07',1,'T',5,4,55,121,92,92,92),(247,'7509546044453','SUAVITEL AMARILLO',0,'SUAVITEL LITRO',10,12,'2016-03-07',63,'T',5,9,37,123,12,12,12),(248,'7509546044347','SUAVITEL ACQUA',0,'SUAVITEL LITRO',10,12,'2016-03-07',63,'T',5,8,37,123,12,12,12),(249,'7509546044415','SUAVITEL CELESTE',0,'SUAVITEL LITRO',10,12,'2016-03-07',63,'T',5,9,37,123,12,12,12),(250,'7509546056005','SUAVITEL ORQUIDEAS',0,'SUAVITEL LITRO',10,12,'2016-03-07',63,'T',5,8,37,123,12,12,12),(251,'7509546044507','SUAVITEL ANARANJADO',0,'SUAVITEL LITRO',10,12,'2016-03-07',63,'T',5,10,37,123,12,12,12),(252,'099176132509','DESINFECTANTE FABULOSO',0,'FABULOSO POPULINO',18.36,19.5,'2016-03-07',64,'T',5,69,45,124,19.5,19.5,19.5),(253,'099176231912','SUAVITEL BOLSA CELESTE',0,'SUAVITEL BOLSA 12 UNIDADES',18.36,19.5,'2016-03-07',63,'T',5,70,45,123,19.5,19.5,19.5),(254,'099176232001','SUAVITEL BOLSA AMARILLO',0,'SUAVITEL BOLSA',18.36,19.5,'2016-03-07',63,'T',5,70,45,123,19.5,19.5,19.5),(255,'099176132547','AZISTIN',0,'BOLSA DE AZISTIN',18.36,19.5,'2016-03-07',64,'T',5,70,45,125,19.5,19.5,19.5),(256,'7401002901204','MOSHITO CAMPO RICO',0,'ATOL MOSH CAMPO RICO',6,7,'2016-03-07',53,'T',5,83,59,126,7,7,7),(257,'758985260116','LECHE HOLSTEIN BOLSA',0,'LECHE BOLSA HOLSTEIN',5,6,'2016-03-07',22,'T',5,47,99,127,6,6,6),(258,'7406007005315','INCAPARINA',0,'LIBRA INCAPARINA',8.5,9,'2016-03-07',53,'T',5,36,59,134,9,9,9),(259,'088169019620','LECHE ANCHOR',0,'LECHE ANCHOR BOLSA',27.5,28.5,'2016-03-07',22,'T',5,22,100,128,28.5,28.5,28.5),(260,'088169024181','LECHE ANCHOR',0,'LECHE ANCHOR SOBRE',8.22,9,'2016-03-07',22,'T',5,30,101,128,9,9,9),(261,'7501059281943','NIDO FORTIFICADA',0,'LECHE NIDO FORTIFICADA 120 G',7.92,8.5,'2016-03-07',22,'T',5,14,101,129,8.5,8.5,8.5),(262,'088169019804','NIDO FORTIFICADA',0,'NIDO FORTIFICADA 360 G',27.5,28,'2016-03-07',22,'T',5,21,100,129,28,28,28),(263,'7613034768728','NIDO ESENCIAL',0,'BOLSA NIDO ESENCIAL 360',24,25,'2016-03-07',22,'T',5,23,100,129,25,25,25),(264,'7613034758293','NIDO ESENCIAL',0,'NIDO ESENCIAL BOLSA',7.5,8,'2016-03-07',22,'T',5,44,101,129,8,8,8),(265,'7401044201263','NUTRIMOSH',0,'BOLSA DE NUTRIMOSH',3.5,4,'2016-03-07',53,'T',5,34,102,131,4,4,4),(266,'803275305012','MOSH QUAKER',0,'LIBRA DE AVENA QUAKER',8.5,9,'2016-03-07',53,'T',5,39,100,130,9,9,9),(267,'803275305005','AVENA MOLIDA QUAKER',0,'AVENA MOLIDA QUAKER 310',8.5,9,'2016-03-07',53,'T',0,44,7,130,9,9,9),(268,'753081150101','CORAZON DE TRIGO',0,'CORAZON DE TRIGO LIBRA',5.75,6.5,'2016-03-07',53,'T',5,45,59,132,6.5,6.5,6.5),(269,'7451101550445','LECHE BORDEN',0,'LECHE BORDEN',8,8.5,'2016-03-07',22,'T',5,48,101,133,8.5,8.5,8.5),(270,'2424240','PROTEMAS SELLADO',0,'PROTEMAS LIBRA',5.5,6,'2016-03-07',66,'T',5,48,59,135,6,6,6),(271,'7401007800120','ESENCIA CASTILLA CREMA',0,'CASTILLA CREMA ',3.25,3.5,'2016-03-07',67,'T',5,45,103,136,3.5,3.5,3.5),(272,'7401007800205','ESENCIA CASTILLA NARANJA',0,'ESENCIA CASTILLA ',3.25,3.5,'2016-03-07',67,'T',5,45,103,136,3.5,3.5,3.5),(273,'7401007800243','ESENCIA CASTILLA UVA',0,'ESENCIA CASTILLA UVA',3.25,3.5,'2016-03-07',67,'T',5,47,103,136,3.5,3.5,3.5),(274,'7401007800212','ESENCIA CASTILLA PIÑA',0,'ESENCIA CASTILLA PIÑA',3.25,3.5,'2016-03-07',67,'T',5,44,103,136,3.5,3.5,3.5),(275,'738777050187','HORCHATA BYB',0,'HORCHATA ByB 22.9 oz',15,16.5,'2016-03-07',68,'T',5,11,104,84,16.5,16.5,16.4),(276,'738777050040','HORCHATA ByB PEQUEÑO',0,'HORCHATA ByB pequeño',5.5,6.5,'2016-03-07',68,'T',5,18,105,84,6.5,6.5,6.4),(277,'2525250','PALOS PARA CHOCOBANANOS',0,'PALOS PARA CHOCOBANANO',2,3,'2016-03-07',69,'T',5,22,58,62,3,3,2.8),(278,'7501200485015','CHOCO KIWI',0,'CHOCO KIWI LIBRA',11.25,12,'2016-03-07',70,'T',5,19,59,137,12,12,12),(279,'756956424246','CHOCOLATE BEST',0,'CHOCOLATE BEST LIBRA',8.8,9.75,'2016-03-07',70,'T',5,95,5,138,9.75,9.75,9.75),(280,'764351010735','CHOCOLATE GRANADA MARKETA',0,'CHOCOLATE GRANADA MARKETA',8.75,9.75,'2016-03-07',70,'T',5,22,59,139,9.75,9.75,9.75),(281,'7401007800557','GELATINA CASTILLA NARANJA',0,'GELATINA CASTILLA NARANJA',9.48,10,'2016-03-07',71,'T',5,45,59,136,10,10,10),(282,'7401007800571','GELATINA CASTILLA UVA',0,'GELATINA CASTILLA UVA',9.48,10,'2016-03-07',71,'T',5,47,59,136,10,10,10),(283,'7401007800533','GELATINA CASTILLA LIMON',0,'GELATINA CASTILLA LIMON',9.48,10,'2016-03-07',71,'T',5,49,59,136,10,10,10),(284,'7401007800595','GELATINA CASTILLA CHICLE',0,'GELATINA CASTILLA ',9.48,10,'2016-03-07',71,'T',5,49,59,136,10,10,10),(285,'7401044200303','GELATINA JOBY FRESA',0,'GELATINA JOBY',7.92,8.5,'2016-03-07',71,'T',5,49,59,140,8.5,8.5,8.5),(286,'7401044200310','GELATINA JOBY UVA',0,'GELATINA JOBY UVA',7.92,8.5,'2016-03-07',71,'T',5,25,59,140,8.5,8.5,8.5),(287,'7401044200945','GELATINA JOBY CHICLE',0,'GELATINA JOBY CHICLE',7.92,8.8,'2016-03-07',71,'T',5,24,59,140,8.5,8.5,8.5),(288,'7401044200341','GELATINA JOBY PIÑA',0,'GELATINA JOBY PIÑA LIBRA',7.92,8.5,'2016-03-07',71,'T',5,25,59,140,8.5,8.5,8.5),(289,'7401004206086','SALSA PICANTE REGIA',0,'SALSA PICANTE REGIA MEDIO GALON',17.5,18.5,'2016-03-07',10,'T',5,12,108,15,18.5,18.5,18.5),(290,'7401004206109','SALSA PICANTE ',0,'SALSA PICANTE 110 G',1.77,2.5,'2016-03-07',10,'T',5,47,106,15,2.5,2.5,2.5),(291,'7401004206055','SALSA PICANTE REGIA',0,'SALSA PICANTE REGIA DOS LIBRAS',9.44,10.5,'2016-03-07',10,'T',5,18,107,15,10.5,10.5,10.5),(292,'7401004213022','ADEREZO REGIA MEDIO GALON',0,'ADEREZO REGIA MEDIO GALON',18.75,19.5,'2016-03-07',73,'T',5,9,108,15,19.5,19.5,19.5),(293,'7401004201135','MAYONESA REGIA',0,'MAYONESA REGIA 4 OZ',2.75,3,'2016-03-07',74,'T',5,46,109,15,3,3,3),(294,'7401004201081','MAYONESA REGIA',0,'MAYONESA REGIA LIBRA',8.5,9,'2016-03-07',74,'T',5,89,59,15,9,9,9),(295,'7401004201128','MAYONESA REGIA',0,'MAYONESA REGIA MEDIA LIBRA',4.5,5,'2016-03-07',74,'T',5,45,2,15,5,5,5),(296,'7401137100053','MAYONESA ANA BELLY',0,'MAYONESA ANA BELLY 04 OZ',2.66,3,'2016-03-07',74,'T',5,29,109,18,3,3,3),(297,'7401137100084','MAYONESA ANA BELLY',0,'MAYONESA ANA BELLY DOS LIBRAS',18.5,19,'2016-03-07',74,'T',5,2,3,18,19,19,19),(298,'7401137100107','MAYONESA ANA BELLY',0,'MAYONESA ANA BELLY GALON',60,62,'2016-03-07',74,'T',5,4,38,18,62,62,62),(299,'7401137100060','MAYONESA ANA BELLY',0,'MAYONESA ANA BELLY MEDIA LIBRA',5.25,6,'2016-03-07',74,'T',5,81,2,18,6,6,6),(300,'7401137100091','MAYONESA ANA BELLY',0,'MAYONESA ANA BELLY MEDIO GALON',32.5,33,'2016-03-07',74,'T',5,7,108,18,33,33,33),(301,'738777100103','MAYONESA BYB',0,'MAYONESA ByB 4 OZ',2.7,2.95,'2016-03-07',74,'T',5,46,109,84,2.95,2.95,2.95),(302,'738777100110','MAYONESA BYB',0,'MAYONESA BYB MEDIA LIBRA',4.5,5,'2016-03-07',74,'T',5,47,2,84,5,5,5),(303,'7401137101050','SALSA ANA BELLY',0,'SALSA ANA BELLY GALON',27.5,29,'2016-03-07',75,'T',5,4,38,18,29,29,29),(304,'7401137101005','SALSA ANA BELLY',0,'SALSA ANA BELLY 04 OZ',1.5,2,'2016-03-07',75,'T',5,48,109,18,2,2,2),(305,'7401137101012','SALSA ANA BELLY',0,'SALSA ANA BELLY MEDIA LIBRA',2.19,2.75,'2016-03-07',75,'T',5,86,2,18,2.75,2.75,2.75),(306,'7401137101043','SALSA ANA BELLY',0,'SALSA ANA BELLY MEDIO GALON',14.17,15,'2016-03-07',75,'T',5,3,108,18,15,15,15),(307,'738777190036','SALSA BYB',0,'SALSA BYB LIBRA',5,5.5,'2016-03-07',75,'T',5,24,59,84,5.5,5.5,5.4),(308,'738777190111','SALSA ByB medio galon',0,'SALSA DULCE MEDIO GALON',17,17.5,'2016-03-07',75,'T',5,8,108,84,17.5,17.5,17.4),(309,'738777190135','SALSA DULCE ByB',0,'SALSA DULCE MEDIA LIBRA',3,3.5,'2016-03-07',75,'T',5,44,2,84,3.5,3.5,3.3),(310,'738777190074','SALSA KETCHUP ByB dos libras',0,'salsa ketchup byb dos libras',9.25,10,'2016-03-07',75,'T',5,15,87,84,10,10,9.9),(311,'738777190128','SALSA BYB 4OZ',0,'SALSA DULCE BYB 4 OZ',1.75,2,'2016-03-07',75,'T',5,42,109,84,2,2,1.9),(312,'738777180181','SALSA PICAMAS',0,'SALSA PICAMAS MEDIA LIBRA',3.25,3.75,'2016-03-07',10,'T',5,37,2,109,3.75,3.75,3.6),(313,'7509546028996','SHAMPOO PALMOLIVE ANTIPASPA 24 U.',0,'',12.5,13.5,'2016-03-07',76,'T',5,14,89,141,13.5,13.5,13.5),(314,'7509546047942','SHAMPOO PALMOLIVE REPARACIÓN',0,'SHAMPO PALMOLIVE REPARACION',12.5,13.5,'2016-03-07',76,'T',5,20,89,141,13.5,13.5,13.4),(315,'760896130228','INSTA WAX CAFE',0,'INSTA WAX CAFE',2.92,3.5,'2016-03-07',77,'T',5,23,110,142,3.5,3.5,3.5),(316,'760896130211','INSTA WAX NEGRO',0,'INSTA WAX NEGRO',2.92,3.5,'2016-03-07',77,'T',5,9,110,142,3.5,3.5,3.5),(317,'760896130235','INSTA WAX BLANCO',0,'INSTA WAX BLANCO',2.92,3.5,'2016-03-07',77,'T',5,24,110,142,3.5,3.5,3.5),(319,'2626260','ACEITE OLIVA',0,'ACEITE OLIVA ',5,5.5,'2016-03-07',4,'T',5,41,111,143,5.5,5.5,5.5),(320,'2727270','AGUA OXIGENADA',0,'AGUA OXIGENADA',1.46,2,'2016-03-07',78,'T',5,47,111,144,2,2,2),(321,'2828280','ALCOHOL',0,'ALCOHOL',1.5,2,'2016-03-07',79,'T',5,21,111,144,2,2,2),(322,'7509546059310','PROTEX BALANCE',0,'JABON PROTEX ',6.25,7,'2016-03-07',20,'T',5,61,58,148,7,7,7),(323,'752121291088','JABONITO FAMILIAR',0,'JABONITO FAMILIAR',5.97,6.5,'2016-03-07',20,'T',5,30,55,146,6.5,6.5,6.5),(324,'7509546059235','JABON PALMOLIVE MELON',0,'JABON PALMOLIVE MELON',5,6,'2016-03-07',20,'T',5,59,58,141,6,6,6),(325,'7406171013697','JABONITO FAMILIAR FRESH',0,'JABONITO FAMILIAR FRESH',5.97,6.5,'2016-03-07',20,'T',5,28,55,146,6.5,6.5,6.5),(326,'7406171013703','JABON DK12',0,'JABON DK12',5,6,'2016-03-07',20,'T',5,45,58,147,6,6,6),(327,'27506339394072','SHAMPOO HEAD SHOULDERS',0,'HEAD SHOULDERS',17.7,18,'2016-03-07',76,'T',5,18,92,149,18,18,18),(328,'7503002163191','GELATINA XTREME PEQUEÑA',0,'GELATINA XTREME PEQUEÑA',3.5,4,'2016-03-07',60,'T',5,23,112,150,4,4,4),(329,'7503002163023','GELATINA XTREME',0,'GELATINA XTREME 250 G',5,6,'2016-03-07',60,'T',5,20,33,150,6,6,6),(330,'7506192505383','GELATINA EGO POWER',0,'GELATINA EGO POWER',13.75,15,'2016-03-07',60,'T',5,22,114,151,15,15,15),(331,'7506192505376','GELATINA EGO POWER',0,'GELATINA EGO POWER 1000 ML',21.67,25,'2016-03-07',60,'T',5,12,113,151,25,25,25),(332,'088169424196','CARTON SOPA MAGGI PEQUEÑA',0,'CARTON SOPA MAGGI PEQUEÑA',12.29,13,'2016-03-07',5,'T',5,22,45,80,13,13,13),(333,'089674040116','SOPA MALHER CARTON',0,'CARTON SOPA MALHER',11,12,'2016-03-07',5,'T',5,23,45,96,12,12,12),(334,'089674020002','CONSOME DE POLLO MALHER CARTON',0,'CONSOME DE POLLO MALHER CARTON',9.12,10,'2016-03-07',47,'T',5,31,45,96,10,10,10),(335,'089674002121','CONSOME DE RES MALHER CARTON',0,'CARTON CONSOME DE RES MALHER',9.12,10,'2016-03-07',47,'T',5,39,45,96,10,10,10),(336,'089674020330','CONSOME DON GUSTO CARTON',0,'CARTON CONSOME DON GUSTO ',3.2,4,'2016-03-07',47,'T',5,24,45,98,4,4,4),(337,'089674050641','CANELA MALHER',0,'CANELA MALHER',7.2,8,'2016-03-07',80,'T',5,59,45,96,8,8,8),(338,'089674050467','CARTON SAL DE AJO ',0,'CARTON SAL DE AJO',7.2,8,'2016-03-07',81,'T',5,43,45,96,8,8,8),(339,'089674050375','CARTON SAL DE CEBOLLA',0,'CARTON SAL DE CEBOLLA',7.2,8,'2016-03-07',81,'T',5,45,45,96,8,8,8),(340,'089674050559','CARTOIN PIMIENTA NEGRA',0,'CARTON PIMIENTA NEGRA',7.2,8,'2016-03-07',81,'T',5,54,45,96,8,8,8),(341,'089674003166','CONSOME DE CAMARON ',0,'CONSOME DE CAMARON MALHER',9.11,10,'2016-03-07',47,'T',5,38,45,96,10,10,10),(342,'089674050009','SAZON COMPLETO MALHER',0,'SAZON COMPLETO MALHER',7.2,8,'2016-03-07',81,'T',5,36,45,96,8,8,8),(343,'089674050191','ABLANDADOR Y SAZONADOR',0,'ABLANDADOR Y SAZONADOR MALHER',7.2,8,'2016-03-07',81,'T',0,35,45,96,8,8,8),(344,'089674050733','SAZONADOR MALHER',0,'CARTON SAZONADOR MALHER',7.2,8,'2016-03-07',81,'T',5,79,45,96,8,8,8),(345,'089674060152','TOKI SURTIDO',0,'TOKI SURTIDO 24 UNIDADES',9.5,10,'2016-03-07',25,'T',5,24,47,152,10,10,10),(346,'751689100313','SHAMPOO ROSY SABILA',0,'SHAMPOO ROSY SABILA',6.5,9,'2016-03-07',76,'T',5,10,117,153,9,9,9),(347,'7401005403866','ACETONA',0,'REMOVEDOR ACETONA\n',3,4,'2016-03-07',82,'T',5,32,58,154,4,4,4),(348,'7702031787570','TOALLAS STAYFREE',0,'TOALLAS STAYFREE',5.5,6,'2016-03-07',83,'T',5,20,55,155,6,6,6),(349,'7441057267085','TOALLA SABA CLASICA',0,'TOALLA SABA CLASICA CON ALAS',5.5,6,'2016-03-07',83,'T',5,21,55,156,6,6,6),(350,'7501019006623','TOALLA SABA BUENAS NOCHES',0,'SABA BUENAS NOCHES',9.5,10,'2016-03-07',83,'T',5,9,55,156,10,10,10),(351,'099176480518','KIT CEPILLADO COLGATE',0,'KIT CEPILLADO COLGATE',3.47,4,'2016-03-07',84,'T',5,140,58,158,4,4,4),(352,'7441008164821','TOALLAS ESENCIAL ROSADO',0,'TOALLAS ESENCIAL ROSADO',6.05,6.75,'2016-03-07',83,'T',5,24,55,157,6.75,6.75,6.75),(353,'7441008155508','TOALLAS ESENCIAL VERDE',0,'TOALLAS ESENCIAL VERDE',6.05,6.75,'2016-03-07',83,'T',5,23,55,157,6.75,6.75,6.75),(354,'099176300120','PASTA DENTAL COLGATE',0,'PASTA DENTAL COLGATE',6.73,7,'2016-03-07',86,'T',5,66,89,158,7,7,7),(355,'099176300397','PASTA COLGATE MAXIMA PROTECCION',0,'COLGATE MAXIMA PROTECCIO',6.73,7,'2016-03-07',86,'T',5,59,89,158,7,7,7),(356,'7441008126751','PAPEL HIGIENICO SCOTT',0,'PAPEL HIGIENICO SCOTT',1.75,2,'2016-03-07',23,'T',5,23,58,52,2,2,2),(357,'7501059242180','NIDO FORTIFICADA BOTE',0,'BOTE NIDO FORTIFICADA 840 G',50,55,'2016-03-07',22,'T',5,19,3,129,55,55,55),(358,'7501059278547','NIDO FOTIFICADA 7 LIBRAS',0,'NIDO FORTIFICADO 7 LIBRAS',108.33,120,'2016-03-07',22,'T',5,13,118,129,120,120,120),(359,'7501059286412','NIDO KINDER',0,'NIDO KINDER 7 LIBRAS',130,132,'2016-03-07',22,'T',5,3,118,129,132,132,132),(360,'7501059235243','NAN 1',0,'',51.04,52.5,'2016-03-07',22,'T',5,24,59,159,52.5,52.5,52.5),(361,'7501059235298','NAN 1',0,'NAN 1 DOS LIBRAS Y MEDIA',100,105,'2016-03-07',22,'T',5,23,119,159,105,105,105),(363,'2929290','CAL',0,'CAL LIBRA',0.85,1,'2016-03-07',88,'T',5,100,59,162,1,1,1),(364,'7421001651597','MI ZZOPITA  POLLO VASO',0,'SOPA MI ZZOPITA POLLO',2.25,2.9,'2016-03-07',17,'T',5,52,58,163,2.9,2.9,2.9),(365,'7421001651603','MI ZZOPITA CAMARON',0,'SOPA VASO MI ZZOPITA CAMARON',2.25,2.9,'2016-03-07',17,'T',5,54,58,163,2.9,2.9,2.9),(366,'756956683889','CHOCO PANDA CAJA',0,'CAJA CHOCO PANDA',7.5,8,'2016-03-07',70,'T',5,31,89,164,8,8,8),(367,'7613032269913','NESTUM TRIGO MIEL',0,'CAJA NESTUM TRIGO MIEL',18.75,19.5,'2016-03-07',3,'T',5,21,89,165,19.5,19.5,19.5),(368,'7802950069679','CEREVITA',0,'CAJA DE CEREVITA',13.33,14,'2016-03-07',3,'T',5,23,89,166,14,14,14),(369,'089674050023','CHILE COBANERO POLVO',0,'CARTON CHILE COBANERO POLVO',7.2,8,'2016-03-07',7,'T',5,45,45,96,8,8,8),(370,'7401137101029','SALSA ANA BELLY',0,'SALSA ANA BELLY LIBRA',4,4.5,'2016-03-07',75,'T',0,23,59,18,4.5,4.5,4.5),(371,'7506192505055','GEL EGO',0,'GEL EGO POWER 200 ML',5.21,7.5,'2016-03-07',60,'T',5,16,27,151,7.5,7.5,7.5),(372,'088169013147','LECHE NIDO TIRA 12',0,'LECHE NIDO BOLSITA 12 U',32.92,33.5,'2016-03-07',22,'T',5,24,45,129,33.5,33.5,33.5),(373,'751689030092','ROLLON KENT AZUL',0,'DESODORANDO KENT AZUL',6.75,7.5,'2016-03-07',92,'T',5,16,121,167,7.5,7.5,7.5),(374,'751689030023','ROLLON KENT ROJO',0,'DOSODORANTE ROLLON KENT ROJO',6.75,7.5,'2016-03-07',92,'T',5,8,121,167,7.5,7.5,7.5),(375,'751689030030','ROLLON KENT VERDE',0,'DESODORANTE ROLLON KENT VERDE',6.75,7.5,'2016-03-07',92,'T',5,5,121,167,7.5,7.5,7.5),(376,'7509546030258','LADY SPEED STICK MORADO',0,'LADY SPEED STICK MORADO',5.94,6.75,'2016-03-07',92,'T',5,45,58,168,6.75,6.75,6.75),(377,'7509546064635','LADY SPEED STICK AZUL',0,'LADY SPEED STICK AZUL',5.94,6.75,'2016-03-07',92,'T',5,9,58,168,6.75,6.75,6.75),(378,'783094001015','BATERIA RAYOVAC',0,'PAR BATERIA RAYOVAC',5.5,6,'2016-03-07',93,'T',5,57,122,169,6,6,6),(379,'759364010087','CEPILLO DENTAL K-DENT',0,'CEPILLO DENTAL K-DENT',1,1.5,'2016-03-07',85,'T',5,99,58,170,1.5,1.5,1.4),(380,'7501059225411','BOTE NIDO KINDER LIBRA',0,'BOTE NIDO DE UNA LIBRA',26,30,'2016-03-07',22,'T',5,29,59,129,30,30,29),(381,'7501059225350','BOTE NIDO KINDER 2 LIB. Y MEDIA',0,'BOTE NIDO KINDER DOS LIB Y MED',51.25,60,'2016-03-07',22,'T',0,17,119,129,60,60,59),(383,'3030303','FRIJOL BLANCO',0,'FRIJOL BLANCO LIB.',6.19,8,'2016-03-07',30,'T',5,88,59,62,8,8,7.9),(384,'34343434','frijol colorado',0,'frijol colorado libriado',6.19,8,'2016-03-07',30,'T',5,93,59,62,8,8,7.9),(385,'7401005988561','ADRENALINA',0,'ADRENALINA UNIDAD',8.54,10,'2016-03-07',94,'T',5,16,58,171,10,10,10),(386,'3030300','MOSH PESADO',0,'MOSH PESADO LIBRA',3.3,4,'2016-03-07',53,'T',5,23,59,62,4,4,4),(387,'7411000345405','SOPA COSTILLA DE RES',0,'SOPA COSTILLA DE RES',1.98,2.25,'2016-03-07',5,'T',5,141,58,10,2.25,2.25,2.25),(388,'3131310','ARROZ PRECOCIDO',0,'ARROZ PRECOCIDO',3.48,4,'2016-03-07',29,'T',5,70,59,62,4,4,4),(389,'738777170038','PICAMAS BOTELLITA',0,'BOTELLITA DE PICAMAS',2.6,3,'2016-03-07',7,'T',5,67,123,109,3,3,3),(390,'750894621330','MARGARINA MAZOLA',0,'MARGARINA MAZOLA',7,8,'2016-03-07',8,'T',5,43,55,173,8,8,8),(391,'750894620845','ACEITE MAZOLA BOLSA',0,'ACEITE MAZOLA',14.16,15,'2016-03-07',4,'T',5,53,124,173,15,15,15),(392,' 070662242025','SOPA NISSIN',0,'SOPA NISSIN ',2.42,2.9,'2016-03-07',5,'T',5,120,58,174,2.9,2.9,2.9),(393,'7406308000071','BANDEJA CON DIVISION FIESTA',0,'BANDEJA CON DIVISION',6.5,7.5,'2016-03-07',24,'T',5,20,125,175,7.5,7.5,7.5),(394,'7501590675003','ALUMINIO USA FOIL',0,'ALUMINIO USA FOIL',4.5,5,'2016-03-07',24,'T',5,14,125,176,5,5,5),(395,'764246002883','VASO TERMO NO. 6',0,'VASO TERMO CUPS',3.37,4,'2016-03-07',24,'T',5,37,125,177,4,4,4),(396,'7502208800183','VASO REYMA NO. 8',0,'VASO REYMA NO. 8',3.37,4.5,'2016-03-07',24,'T',5,63,125,178,4.5,4.5,4.5),(397,'041594206607','VASO DART NO. 10',0,'VASO DART NO. 10',4.37,5,'2016-03-07',24,'T',5,77,125,179,5,5,5),(398,'7502208800091','VASO NO. 12 REYMA TRANSPARENTE',0,'VASO REYMA NO. 12 TRANSPARENTE',10.5,11.75,'2016-03-07',24,'T',5,10,53,178,11.75,11.75,11.75),(399,'7502208800114','VASO REYMA NO. 16 TRANSPARENTE',0,'VASO NO. 16 REYMA TRANSPARENTE',7.62,8.5,'2016-03-07',24,'T',5,37,125,178,8.5,8.5,8.5),(400,'3232320','BOLSA 3X8',0,'BOLSA 3X8 500 UNIDADES',7,8,'2016-03-07',95,'T',5,50,132,62,8,8,8),(401,'3333330','BOLSA 4X8',0,'BOLSA 4X8 TRANSPARENTE',9.5,10,'2016-03-07',95,'T',5,49,132,62,10,10,10),(402,'3434340','BOLSA 5X8',0,'BOLSA 5X8 TRANSPARENTE',12.5,13,'2016-03-07',95,'T',5,50,132,62,13,13,13),(403,'3535350','BOLSA 7X10',0,'BOLSA 7X10 TRANSPARENTE',15,16,'2016-03-07',95,'T',5,50,132,62,16,16,16),(404,'3636360','BOLSA 8X12',0,'BOLSA 8X12 TRANSPARENTE',20,21,'2016-03-07',95,'T',5,50,132,62,21,21,21),(405,'3737370','BOLSA 9X15',0,'BOLSA 9X15 TRANPARENTE',23.5,24,'2016-03-07',95,'T',5,49,132,62,24,24,24),(406,'3838380','BOLSA 7X10',0,'BOLSA 7X10 COLOR',9,9.5,'2016-03-07',95,'T',5,47,132,62,9.5,9.5,9.5),(407,'3939390','BOLSA 8X11',0,'BOLSA 8X11 COLOR',11.2,12,'2016-03-07',95,'T',5,48,132,62,12,12,12),(408,'4040400','BOLSA 9X14',0,'BOLSA 9X14 COLOR',16.5,17,'2016-03-07',95,'T',5,48,132,62,17,17,17),(409,'4141410','BOLSA DE GABACHA PEQUEÑA',0,'BOLSA DE GABACHA 100 UN',5,6,'2016-03-07',95,'T',5,49,129,62,6,6,6),(410,'4242420','BOLSA DE GABACHA NORMAL',0,'BOLSA DE GABACHA NORMAL 100 UN',7.5,8,'2016-03-07',95,'T',5,44,129,62,8,8,8),(411,'4343430','BOLSA GABACHA YUMBO',0,'BOLSA DE GABACHA YUMBO 100 UN',16,17,'2016-03-07',95,'T',5,50,129,62,17,17,17),(412,'4444440','BANDEJA PLATO PEQUEÑO',0,'BANDEJA PLATO PEQUEÑO',6.25,6.5,'2016-03-07',24,'T',5,19,53,62,6.5,6.5,6.5),(413,'4545450','PLATO PASTELERO',0,'PLATO PASTELERO 25 UN',1.75,2.25,'2016-03-07',24,'T',5,90,125,62,2.25,2.25,2.25),(414,'4747470','PLATO HONDO PEQUEÑO',0,'PLATO HONDO PEQUEÑO',3.25,4,'2016-03-07',24,'T',5,95,125,62,4,4,4),(415,'4848480','JABON INVICTO',0,'JABON INVICTO UNIDAD',1.45,2,'2016-03-07',20,'T',5,286,58,180,2,2,2),(416,'763517010497','LECHE MILKOS',0,'LECHE MILKOS',7.5,8.5,'2016-03-07',21,'T',5,50,37,181,8.5,8.5,8.5),(417,'7406171019330','CLORO ACTICLOR',0,'PAQUETE ACTICLOR 6 UNIDADES',3.42,4.5,'2016-03-07',19,'T',5,53,46,182,4.5,4.5,4.5),(418,'7411000384879','JABON XTRA GRANDE VERDE',0,'JABON XTRA VERDE',15.5,18,'2016-03-07',20,'T',5,58,39,44,18,18,18),(419,'7401004206024','SALSA PICANTE REGIA',0,'SALSA PICANTE REGIA 1 LB',4.5,5,'2016-03-07',10,'T',5,47,59,15,5,5,5),(420,'7401004213114','MAYONESA CRIOLLA LIBRA',0,'MAYONESA CRIOLLA LIBRA',4.5,5,'2016-03-07',74,'T',5,44,59,183,5,5,5),(421,'610711600118','CERA GLIN LAVANDA',0,'CERA GLIN LAVANDA GALON',18,19,'2016-03-07',96,'T',5,3,38,184,19,19,19),(422,'610711400282','DESINFECTANTE GLIN CITRONELA',0,'DESINFECTANTE CITRONELLA',15,18,'2016-03-07',64,'T',5,3,38,184,18,18,18),(423,'610711400251','DESINFECTANTE GLIN  MANZANA',0,'DESINFECTANTE GLIN MANZANA',15,18,'2016-03-07',64,'T',5,4,38,184,18,18,18),(424,'766457001419','PAÑAL ANGELITO M',0,'PAÑAL ANGELITO M',43.5,50,'2016-03-07',1,'T',5,108,55,185,50,50,50),(425,'766457001426','PAÑAL ANGELITO G',0,'PAÑAL ANGELITO G PAQUETE',43.5,50,'2016-03-07',1,'T',5,106,55,185,50,50,50),(426,'766457001433','PAÑAL ANGELITO XG',0,'PAÑAL ANGELITO XG',43.5,50,'2016-03-07',1,'T',5,107,55,185,50,50,50),(427,'766457001440','PAÑAL ANGELITO P',0,'PAÑAL ANGELITO P',43.5,50,'2016-03-07',1,'T',5,110,55,185,50,50,50),(428,'4949490','PAÑAL ANGELITO',0,'PAÑAL DESECHABLE UNIDAD',0.87,1,'2016-03-07',1,'T',5,0,58,185,1,1,1),(429,'7401147801032','LIMPIA VIDRIOS CLORAL',0,'LIMPIA VIDRIO CLORAL',10,11,'2016-03-07',64,'T',5,24,37,37,11,11,11),(430,'7501056913595','CHICLES CLOREST CAJA',0,'CAJA CHICLES CLOREST',10.5,11.5,'2016-03-07',97,'T',5,30,89,186,11.5,11.5,11.5),(431,'7501056912444','CHICLE ADAMS CAJA',0,'CHICLES ADAMS CAJA',19.69,20.5,'2016-03-07',97,'T',5,30,89,187,20.5,20.5,20.5),(432,'7506105611194','CHICLES MAX AIR CAJA',0,'CAJA DE CHICLES MAX AIR',21.41,22.5,'2016-03-07',97,'T',5,31,89,188,22.5,22.5,22.5),(433,'797936200078','GALLETA CREMAS MOLI',0,'PAQUETE DE GALLETAS CREMAS MOLI',4.75,5.5,'2016-03-07',15,'T',5,30,55,189,5.5,5.5,5.5),(434,'7501003150219','MOLE DOÑA MARIA',0,'MOLE DOÑA MARIA 125 G',7.25,8,'2016-03-07',98,'T',5,21,112,190,8,8,8),(435,'088313006230','SALSA KETCHUP KERNS',0,'SALSA KETCHUP KERNS',7.29,8,'2016-03-07',75,'T',5,19,136,19,8,8,8),(436,'753081200103','SALSA SOYA INA 50 OZ',0,'SALA SOYA INA',4.37,5,'2016-03-07',39,'T',5,38,81,1,5,5,5),(437,'752088910015','CAFE LEON LIBRA',0,'CAFE LEON LIBRA',20.25,21,'2016-03-07',32,'T',5,12,59,191,21,21,21),(438,'752088910022','CAFE LEON MEDIA LIBRA',0,'CAFE LEON MEDIA LIBRA',10.2,11,'2016-03-07',32,'T',5,23,2,191,11,11,11),(439,'7406171015936','ULTRA KLIN AZUL',0,'ULTRA KLIN MEDIO KILO',4.25,5,'2016-03-08',18,'T',5,18,35,34,5,5,4.9),(440,'7501059242456','CAFE MUSUN 100G',0,'CAFE MUSUM 100 G',17.92,18,'2016-03-08',32,'T',5,23,36,78,18,18,17.95),(441,'7401006800657','ACEITE CAPULLO LITRO',0,'ACEITE CAPULLO 1 LITRO',10.67,11,'2016-03-08',4,'T',5,9,37,8,11,11,11),(442,'070662242025','SOPA NISSIN CAMARON',0,'SOPA BASO NISSIN',2.42,2.9,'2016-03-08',17,'T',5,77,58,174,2.9,2.9,2.8),(443,'089674003289','CONSOME DON GUNSTO SOBRES',0,'CONSOME DON GUSTO',3.7,4,'2016-03-08',47,'T',5,16,45,98,4,4,4),(444,'7506195166702','CLORO PAQ12',0,'CLORO MAGIABLANCA',3.3,13,'2016-03-08',19,'T',5,12,55,36,13,13,13),(445,'7401147800073','CLORO CLORAR PAK 6 UNI',0,'CLORAL PAQ 6',3.15,3.65,'2016-03-08',19,'T',5,0,46,37,3.65,3.65,3.65),(446,'5555555555','HUEVOS FRESCOS EXTRA',0,'HUEVOS FRESCOS CARTON',20.83,24,'2016-03-08',99,'T',5,26,139,62,24,24,24),(447,'777777777','HUEVOS FRESCOS',0,'HUEVOS MEDIO CARTON',10.42,12,'2016-03-08',99,'T',5,7,138,62,12,12,12),(448,'8888888888','AGUA PURA DEL BOSQUE',0,'BOLSA DE AGUA PURA DEL BOSQUE',4,5,'2016-03-08',100,'T',5,90,140,192,5,5,5),(449,'123123123','REFRESCO ISO MAX',0,'BOLAS DE REFRESCOS ISOMAX',23,25,'2016-03-08',101,'T',5,10,140,194,25,25,25),(450,'321321321','REFRESCOS YUMPY',0,'BOLSA DE REFRESCOS YUMPY',13,15,'2016-03-08',101,'T',5,19,140,193,15,15,14.9),(451,'43214321','REFRESCOS TATOS',0,'BOSLA DE REFRESCOS TATOS',13,15,'2016-03-08',101,'T',5,3,140,195,15,15,14.75),(452,'7401000702414','CERBEZA GALLO LATA',0,'CERBEZA GALLO LATA',8,8.5,'2016-03-08',102,'T',5,175,58,201,8.5,8.5,8.4),(453,'7401000701288','CERBEZA ICE',0,'CERBEZA ICE LATA',4.5,5,'2016-03-08',102,'T',0,67,58,199,5,5,4.9),(454,'7401002303015','AGUA TIKY LATA',0,'AGUA LATA TITY',4.5,5,'2016-03-08',26,'T',5,69,58,196,5,5,4.9),(455,'7401002300021','AGUA LATA NARANJA CRUSH',0,'AGUA NARANJA LATA CRUSH',3.5,4,'2016-03-08',26,'T',5,50,58,197,4,4,4),(456,'7401002301271','SUPER COLA 1.5 LT',0,'SUPER COLA LITRO Y MEDIO',5.5,6,'2016-03-08',26,'T',0,23,141,71,6,6,6),(457,'7401002304708','SALVAVIDAS UVA 1.5LT',0,'SALVAVIDAS UVA 1.5 LITROS',5.6,6,'2016-03-08',26,'T',5,24,141,21,6,6,6),(458,'7401002305606','SUPER LEMON 1.5LT',0,'SUPER LEMON 1.5 LT',5.6,6,'2016-03-08',26,'T',5,29,141,71,6,6,6),(459,'7401002304678','YUMBO SALVAVIDAS UVA',0,'YUMBO SALVAVIDAS UVA 3.300 LT',10.5,11,'2016-03-08',26,'T',5,50,143,21,11,11,11),(460,'7401002303206','YUMBO TIKY 3LT',0,'YUMBO TIKY 3LT',13.5,14,'2016-03-08',26,'T',5,48,142,196,14,14,14),(461,'7401002308430','YUMBO NARANJADA 3 LT',0,'YUMBO NARANJADA 3LT',13.5,14,'2016-03-08',26,'T',5,48,142,69,14,14,14),(462,'7401002300267','ORANGE CRUSH 3 LTS',0,'ORANGE CRUSH',12.66,14,'2016-03-08',26,'T',5,74,144,203,14,14,14),(463,'7401002301394','SUPER COLA',0,'SUPER COLA 3 LTS\n',9.16,11,'2016-03-08',26,'T',5,66,144,71,11,11,11),(464,'7401002305675','SUPER LIME LEMON 3 LTS',0,'SUPER LIME LEMON 3 LTS',9.16,11,'2016-03-08',26,'T',5,54,144,204,11,11,11),(465,'738777230022','VINAGRE ByB PEQUEÑO',0,'VINAGRE ByB PEQUEÑO',1.75,2,'2016-03-09',11,'T',5,71,145,84,2,2,2),(466,'760861000396','SOBRE CAFE MUSUN',0,'SOBRE CAFE MUSUM 8G',1.6,1.9,'2016-03-09',32,'T',5,157,146,78,1.9,1.9,1.9),(467,'7401001790137','SOBRE CAFE LA JARRILLITA',0,'SOBRE CAFE LA JARRILLITA 8G',1.6,1.9,'2016-03-09',32,'T',5,230,146,205,1.9,1.9,1.9),(468,'7401007800144','ESENCIA CASTILLA FRESA',0,'ESENCIA CASTILLA FRESA',3.25,3.5,'2016-03-09',67,'T',5,19,103,136,3.5,3.5,3.5),(469,'7401007800267','ESENCIA CASTILLA VAINILLA',0,'ESENCIA CASTILLA FRASCO',3.25,3.5,'2016-03-09',67,'T',5,24,103,136,3.5,3.5,3.5),(470,'7401001503386','ACEITE IDEAL 800 ML',0,'ACEITE IDEAL 800 ML',13.75,14.75,'2016-03-09',4,'T',5,19,148,7,14.75,14.75,14.75),(471,'089674050917','CARTON MALHER SUAVIRICO',0,'CARTON MALHER SUAVIRICO',7.12,8,'2016-03-09',61,'T',5,39,139,96,8,8,8),(472,'764246002890','BASOS DESECHABLES 10 OZ',0,'BASOS TERMO 10 OZ',4.37,5,'2016-03-09',24,'T',5,40,55,63,5,5,5),(473,'45698524','VASOS DESECHABLES PEQUEÑOS',0,'VASOS DESECHABLES 4.5 OZ',2.44,3.25,'2016-03-09',24,'T',5,77,55,62,3.25,3.25,3.25),(474,'766324303509','PAPEL DE BAÑO NUBE BLANCA',0,'PAPEL DE BAÑO NUBE BLANCA 4 ROLLOS',17.08,19,'2016-03-09',23,'T',5,10,49,206,19,19,19),(475,'766324304094','PAPEL DE BAÑO ROSAL',0,'PAPEL DE BAÑO ROSAL',5,6,'2016-03-09',23,'T',5,5,49,207,6,6,6),(476,'7401001507315','SHAKA LAKA CHOCOLATE',0,'SHAKA LAKA CHOCOLATE',2.71,3,'2016-03-09',103,'T',5,46,27,208,3,3,3),(477,'7401001507308','SHAKA LAKA FRESA',0,'SHAKA LAKA FRESA',2.71,3,'2016-03-09',103,'T',5,54,27,208,3,3,3),(478,'099176132646','FABULOSO  ROSADO BOTELLA 900 ML',0,'FABULOSO ROSADO BOTELLA 900 ML',4.5,5.5,'2016-03-09',64,'T',5,5,48,124,5.5,5.5,5.5),(479,'099176132622','FABULOSO MORADO 900 ML',0,'FABULOSO MORADO 900 ML',4.5,5.5,'2016-03-09',64,'T',5,7,48,124,5.5,5.5,5.5),(480,'099176005612','AZISTIN BOTELLA 900 ML',0,'AZISTIN BOTELLA 900 ML',4.5,5.5,'2016-03-09',64,'T',5,5,48,125,5.5,5.5,5.5),(481,'7501026027536','BLANCA NIEVES 1KILO',0,'BLANCA NIEVES 1 KILO',12,13.5,'2016-03-09',18,'T',5,10,60,35,13.5,13.5,13.5),(482,'7401000707723','RAP TOR 600 ML',0,'RAP TOR 600 ML',5.25,6,'2016-03-09',104,'T',5,25,26,209,6,6,6),(483,'7406171016896','JABON BEX VERDE',0,'JABON BEX VERDE',16.67,17.25,'2016-03-09',20,'T',5,14,39,40,17.25,17.25,17.25),(484,'47896542','CHAROLA ORANGE-TIKY',0,'CHAROLAS TIKI-ORANGE 24 UNIDADES',52,53,'2016-03-09',26,'T',5,5,47,201,53,53,53),(485,'89653214','CHAROLA SUPER COLA',0,'CHAROLA SUPER COLA 24 UNIDADES',46,48,'2016-03-09',26,'T',5,4,47,204,48,48,48),(486,'74569823','CHAROLA ICE',0,'CHAROLA ICE',90,90,'2016-03-09',102,'T',5,5,47,199,90,90,90),(487,'89564123','CHAROLA GALLO',0,'CHAROLA GALLO',178,180,'2016-03-09',102,'T',5,5,47,201,180,180,180),(488,'5254698725','CHAROLA YUMBOS 3.300 LT',0,'CHAROLA SUPER COLA 3.300 LT',55,58,'2016-03-09',26,'T',5,5,46,71,58,58,58),(489,'4569824756','CHAROLA YUMBOS DE TIKI-ORANGE',0,'CHAROLA YOMBOS 6 UNIDADES ORANG-TIKY',76,76,'2016-03-09',26,'T',5,5,46,201,76,76,76),(490,'879654521','CHAROLA YUMBITOS 1.5 LT',0,'CHAROLA YUMBITOS',30,30,'2016-03-09',26,'T',5,9,46,71,30,30,30),(491,'7214563321028','FARDO DE AZUCAR CAÑA REAL',0,'FARDO DE AZUCAR CAÑA REAL',94.8,96,'2016-03-09',28,'T',5,21,140,75,96,96,96),(492,'7501026027567','BLANCA NIEVE',0,'DETERGENTE BLANCA NIEVES 100 G',1.2,1.5,'2016-03-10',18,'T',5,84,36,35,1.5,1.5,1.5),(493,'7501026026577','DETERGENTE FOCA',0,'DETERGENTE FOCA 250 G',3.15,3.75,'2016-03-10',18,'T',5,37,33,29,3.75,3.75,3.75),(494,'7501035911376','COLGATE TOTAL 12',0,'COLGATE TOTAL 12',15,20,'2016-03-10',86,'T',5,4,58,158,20,20,20),(495,'7401001507278','SHAKA LAKA VAINILLA',0,'SHAKA LAKA VAINILLA',2.71,3,'2016-03-10',70,'T',5,63,27,208,3,3,3),(496,'738777230220','VINAGRE BYB 1 LITRO',0,'VINAGRE BYB LITRO',7.25,9,'2016-03-10',11,'T',5,12,37,84,9,9,9),(497,'7401004204013','VINAGRE REGIA GALON',0,'VINAGRE REGIA GALON',16.25,19,'2016-03-10',37,'T',5,4,38,15,19,19,19),(498,'7509546000350','COLGATE TRIPLE ACCION',0,'COLGATE TRIPLE ACCION',10,12,'2016-03-10',86,'T',5,2,58,158,12,12,12),(499,'7501035911079','COLGATE DOBLE FRESCURA GRANDE',0,'COLGATE DOBLE FRESCURA GRANDE',9,12,'2016-03-10',86,'T',5,1,58,158,12,12,12),(500,'7501003340139','MAYONESA MCCORMICK',0,'MAYONESA MCCORMICK',18,20,'2016-03-10',74,'T',5,4,153,211,20,20,20),(501,'7501003340122','MAYONESA MCCORMICK PEQUEÑA',0,'MAYONESA MCCORMICK PEQUEÑA',8,10,'2016-03-10',74,'T',4,2,154,211,10,10,10),(502,'7406007080718','CORN FLAKES',0,'CAJA DE KORN FLAKES',13.07,16,'2016-03-10',3,'T',18,13,89,212,16,16,16),(503,'7406007006329','INCAPARINA MATERNAL',0,'INCAPARINA MATERNA 1 LIBRA',7.9,8.5,'2016-03-10',53,'T',5,25,59,134,8.5,8.5,8.5),(504,'7406007006336','CRECIMAX',0,'INCAPARINA CRECIMAX 1 LIBRA',7.9,8.5,'2016-03-10',53,'T',5,24,59,134,8.5,8.5,8.5),(505,'7402000016488','LECHE AUSTRALIANA',0,'LECHE AUSTRALIANA',6.83,8.5,'2016-03-10',22,'T',5,56,101,213,8.5,8.5,8.5),(506,'024000323020','DEL MONTE MELOCOTON',0,'JUGO DEL MONTE',1.84,2.25,'2016-03-10',13,'T',5,12,27,214,2.25,2.25,2.25),(507,'024000323013','DEL MONTE MANZANA',0,'JUGO DEL MONTE MANZANA',1.84,2.25,'2016-03-10',13,'T',5,19,27,214,2.25,2.25,2.25),(508,'7501026015489','PURO SOL',0,'DETERGENTE PURO SOL',2.62,3.5,'2016-03-10',18,'T',5,23,33,215,3.5,3.5,3.5),(509,'766324305503','ROSAL GRANDE',0,'PAPEL ROSAL GRANDE',15,17,'2016-03-11',23,'T',5,10,49,207,17,17,17),(510,'7401137100077','MAYONESA ANA BELLY LIBRA',0,'MAYONESA ANA BELLY LIBRA',9.79,11,'2016-03-11',74,'T',5,22,59,18,11,11,11),(511,'7401107800525','SERVILLETA BLUE SKY',0,'SERVILLETA BLUE SKY',2.85,3.5,'2016-03-11',107,'T',5,8,55,216,3.5,3.5,3.5),(512,'7404001800097','SOPA LAKY POLLO SOBRE',0,'SOPA LAKY POLLO SOBRE',1.67,2.5,'2016-03-11',5,'T',5,66,155,25,2.5,2.5,2.5),(513,'5050500','CAJA SOPA LAKY POLLO',0,'CAJA LAKY POLLO',40.08,44,'2016-03-11',5,'T',5,10,89,25,44,44,44),(514,'7404001800073','SOPA LAKY CAMARON SOBRE',0,'SOBRE SOPA LAKY CAMARON',1.67,2.5,'2016-03-11',5,'T',5,70,155,25,2.5,2.5,2.5),(515,'5151510','CAJA SOPA LAKY CAMARON',0,'CAJA SOPA LAKY CAMARON',40.08,44,'2016-03-11',5,'T',5,10,89,25,44,44,44),(516,'8998899001753','AUTAN VERDE',0,'AUTAN VERDE',3.75,4,'2016-03-11',108,'T',5,29,89,217,4,4,4),(517,'8998899001760','AUTAN MORADO',0,'AUTAN MORADO',3.75,4,'2016-03-11',108,'T',5,30,89,217,4,4,4),(518,'7404001800134','SOPA BASO LAKY CAMARON',0,'SOPA LAKY VASO CAMARON',2.66,2.9,'2016-03-11',17,'T',5,120,58,25,2.9,2.9,2.9),(519,'7406171021241','ULTRA KILIN AZUL',0,'ULTRA KLIN AZUL',8.8,9.5,'2016-03-11',18,'T',5,0,60,34,9.5,9.5,9.5),(520,'7401001508015','FRUVITA MANZANA',0,'JUGO FRUVITA MANZANA',1.9,2.3,'2016-03-11',13,'T',5,22,27,22,2.3,2.3,2.3),(521,'764246002821','BANDEJA TERMO 25',0,'BANDEJA NORMAL TERMO FOM',6.5,7.5,'2016-03-11',24,'T',5,17,53,63,7.5,7.5,7.5),(522,'5858580','CUCHARA TRANPARENTE',0,'CUCHARA PARA GRANIZADA',5.5,6,'2016-03-11',24,'T',5,0,55,62,6,6,6),(523,'601700050144','MEDALLONES',0,'MEDALLONES ',21.6,24,'2016-03-11',109,'T',2,2,89,218,24,24,24),(524,'601700050175','ALITAS A LA BARBACOA',0,'ALITAS A LA BARBACOA',21.6,24,'2016-03-11',109,'T',2,3,89,218,24,24,24),(525,'7401000810751','SALCHICHA PARRILLERA',0,'SALCHICHA PARILLERA',15.75,17.75,'2016-03-11',109,'T',2,3,58,219,17.75,17.75,17.75),(526,'7401000810775','SALCHICHA DE PAVO',0,'SALCHUCHA DE PAVO 40 UNID',20.6,23.5,'2016-03-12',109,'T',2,5,58,219,23.5,23.5,23.5),(527,'7401000812014','SALCHICHA  DE PAVO LIBRA',0,'SALCHICHA DE PAVO UNA LIBRA',14.8,17.5,'2016-03-12',109,'T',2,5,59,219,17.5,17.5,17.5),(528,'7401000810461','SALCHICHA CINTA ROJA',0,'SALCHICHA CINTA ROJA 54 UNID',22,25,'2016-03-12',109,'T',2,4,55,220,25,25,25),(529,'7401000851044','LONGANIZA HOTDOQUERA',0,'LONGANIZA HOTDOQUERA',14,17,'2016-03-12',109,'T',2,5,55,53,17,17,17),(530,'7401000850252','CHORIZO TIPICO CHAPIN ',0,'CHORIZO TIPICO CHAPIN',7.75,10.5,'2016-03-12',109,'T',2,5,55,219,10.5,10.5,10.5),(531,'7401000821184','JAMON DE POLLO PREMIER',0,'JAMON DE POLLO PREMIER',10.75,12.5,'2016-03-12',109,'T',2,4,55,53,12.5,12.5,12.5),(532,'7401000820163','JAMON SADWICH REFA',0,'JAMON PARA LA REFA',5.3,7.5,'2016-03-12',109,'T',2,5,55,219,7.5,7.5,7.5),(533,'7401000823355','JAMON ESPECIAL DE PAVO',0,'JAMON ESPECIAL DE PAVO',16.55,18.5,'2016-03-12',109,'T',2,5,55,219,18.5,18.5,18.5),(534,'7401000821221','JAMON CALIFORNIA',0,'JAMON CALIFORNIA',9.75,11.5,'2016-03-12',109,'T',2,3,55,53,11.5,11.5,11.5),(535,'7401000830599','CARNE PRENSADA',0,'CARNE PRENSADA',11.85,14,'2016-03-12',109,'T',2,2,59,53,14,14,14),(536,'7401000830575','CARNE MOLIDA',0,'CARNE MOLIDA',13.65,16.5,'2016-03-12',109,'T',2,4,59,219,16.5,16.5,16.5),(537,'7401000860039','TOCINO AHUMADO',0,'TOCINO AHUMADO',14.4,17.5,'2016-03-12',109,'T',2,4,55,219,17.5,17.5,17.5),(538,'7401000850269','LONGANIZA CHAPINA',0,'LONGANIZA CHAPINA',7.75,9.5,'2016-03-12',109,'T',2,4,46,219,9.5,9.5,9.5),(539,'7441014704189','YOPLAIT FRESA',0,'YOPLAIT DE FRESA',3.98,4.5,'2016-03-12',110,'T',5,18,156,222,4.5,4.5,4.5),(540,'7441014706510','YOPLAIT MORA',0,'YOPLAIT MORA',4.86,5.25,'2016-03-12',110,'T',5,2,156,222,5.25,5.25,5.25),(541,'7441014704172','YOPLAIT ALBARICOQUE',0,'YOPLAIT ALBARICOQUE',4.86,5.25,'2016-03-12',110,'T',5,2,156,222,5.25,5.25,5.25),(542,'7441014707326','YOPLAIT ARANDANO',0,'YOPLAIT ARANDANO',4.86,5.25,'2016-03-12',110,'T',5,1,156,222,5.25,5.25,5.25),(543,'7441014703724','QUESO CREMA',0,'QUESO CREMA',5.33,6,'2016-03-12',111,'T',3,5,36,223,6,6,6),(544,'7441014703700','QUESO CREMA',0,'QUESO CREMA',10.9,11.5,'2016-03-12',111,'T',3,2,74,223,11.5,11.5,11.5),(545,'7501040081460','QUESO AMERICANO',0,'QUESO AMERICANO',6.25,6.75,'2016-03-12',112,'T',3,12,55,224,6.75,6.75,6.75),(546,'746905014444','JAMON ZURQUI',0,'JAMON ZURQUI',4.16,6,'2016-03-12',109,'T',3,5,55,225,6,6,6),(547,'746905014437','JAMON DE PAVO CHIMEX',0,'JAMON CHIMEX',5.01,6.5,'2016-03-12',109,'T',2,5,55,226,6.5,6.5,6.51),(548,'7501040009761','SALCHICHA DE PAVO',0,'SALCHICHA DE PAVO',6.89,7.5,'2016-03-12',109,'T',3,4,55,227,7.5,7.5,7.5),(549,'7441008945048','CHORIZO CHIMEX',0,'CHORIZO CHIMEX',6.79,8.25,'2016-03-12',109,'T',3,6,46,226,8.25,8.25,8.25),(550,'746905014482','SALCHICHA CHIMEX',0,'SALCHICHA CHIMEX',20.5,24.5,'2016-03-12',109,'T',2,2,55,226,24.5,24.5,24.5),(551,'7441014703694','LA VILLITA BOLSA PEQUEÑA',0,'LA VILLITA BOLSA PEQUEÑA',2.96,4,'2016-03-12',36,'T',2,10,58,224,4,4,4),(552,'7441014703540','LA VILLITA MEDIANA',0,'LA VILLITA BOLSA MEDIANA',5.69,8,'2016-03-12',36,'T',5,6,58,224,8,8,8),(553,'753331110022','ILGUA VASO ROJO',0,'CREMA ILGUA VASO ROJO',10.5,12.5,'2016-03-12',36,'T',3,10,157,228,12.5,12.5,12.5),(554,'753331110107','ILGUA VASO AZUL',0,'VASO ILGUA AZUL',10.5,12,'2016-03-12',36,'T',3,12,157,228,12,12,12),(555,'753331110091','ILGUA BOLSA',0,'CREMA ILGUA BOLSA',4.5,6,'2016-03-12',36,'T',2,12,140,228,6,6,6),(556,'753331220141','QUESO',0,'QUESO DURO',9,10,'2016-03-12',112,'T',2,12,58,228,10,10,10),(557,'7401004535193','SALCHICHA TOLEDO',0,'SALCHICHA TOLEDO',22.5,24.5,'2016-03-12',109,'T',2,4,55,229,24.5,24.5,24.5),(558,'7401004559021','TORTAS DE CARNE',0,'TORTAS DE CARNE',14.5,16.5,'2016-03-12',109,'T',2,5,55,229,16.5,16.5,16.5),(559,'7401004511234','JAMON TOLEDO',0,'JAMON TOLEDO',5,6,'2016-03-12',109,'T',2,5,55,229,6,6,6),(560,'764246002906','PLATO HONDO TERMO FOM',0,'PLATO HONDO TERMO FOM',3.75,4.5,'2016-03-12',24,'T',2,40,125,63,4.5,4.5,4.5),(561,'7404002350324','WHITE COTTON',0,'SERVILLETAS WHITE COTTON',2.9,3.5,'2016-03-12',107,'T',5,7,55,230,3.5,3.5,3.5),(562,'5959590','BOLSA 10 UNIDADES',0,'BOLSA PARA BASURA 10 UNIDADES',6,8.5,'2016-03-12',95,'T',5,10,140,62,8.5,8.5,8.5),(563,'6060600','BOLSA PARA BASURA UNIDAD',0,'BOLSA UNIDAD PARA BASURA',0.6,1,'2016-03-12',95,'T',5,50,58,62,1,1,1),(564,'7613032295493','NESTUM  TRIGO LECHE',0,'NESTUM TRIGO LECHE',21,22.5,'2016-03-12',53,'T',5,24,89,82,22.5,22.5,22.5),(566,'6161610','CAMULIN',0,'CAMULIN',4,7,'2016-03-12',53,'T',5,11,59,62,7,7,7),(567,'760861000709','MUSUN',0,'CAFE MUSUN PLASTICO',10.83,12,'2016-03-12',32,'T',5,23,61,78,12,12,12),(568,'756964001248','1-2-3 ROCIO DEL CAMPO',0,'DETERGENTE 1-2-3',2.5,3.5,'2016-03-12',18,'T',5,30,158,231,3.5,3.5,3.5),(569,'083743318786','DETERGENTE 1-2-3 AZUL',0,'DETERGENTE 1-2-3 AZUL',8.5,9.75,'2016-03-13',18,'T',2,1,60,231,9.75,9.75,9.75),(570,'7501199405957','DETERGENTE 1-2-3 VERDE',0,'DETERGENTE 1-2-3 VERDE',8.5,9.75,'2016-03-13',18,'T',2,3,60,231,9.75,9.75,9.75),(571,'7501199402642','DETERGENTE 1-2-3 MORADO',0,'DETERGENTE 1-2-3 MORADO',8.5,9.75,'2016-03-13',18,'T',2,1,60,231,9.75,9.75,9.75),(572,'7501044613360','DETERGENTE 1-2-3 ROSADO',0,'DETERGENTE 1-2-3 ROSADO',8.5,9.75,'2016-03-13',18,'T',2,3,60,231,9.75,9.75,9.75),(573,'7401002304609','UVA SALVAVIDA',0,'AGUA UVA 600 ML',3,4.5,'2016-03-13',26,'T',5,0,26,21,4.5,4.5,4.5),(574,'7401002301295','SUPER COLA',0,'SUPER COLA 600 ML',3,4.5,'2016-03-13',26,'T',5,0,26,71,4.5,4.5,4.5),(575,'7401002305620','SUPER LIME LEMON',0,'SUPER LIME LEMON',3,4.5,'2016-03-13',26,'T',5,0,26,71,4.5,4.5,4.5),(576,'7401002307822','NARANJADA CON SODA',0,'NARANJADA CON SODA',3,4.5,'2016-03-13',26,'T',5,0,26,69,4.5,4.5,4.5),(577,'7501020514254','LALA',0,'YOGURT LALA',2.08,2.5,'2016-03-13',110,'T',5,24,58,233,2.5,2.5,2.5),(578,'7501032396114','ACTIVIA',0,'ACTIVIA',6,7.5,'2016-03-13',110,'T',2,3,58,232,7.5,7.5,7.5),(579,'7501032396121','ACTIVIA FRESA',0,'ACTIVIA',6,7,'2016-03-13',110,'T',2,3,58,232,7,7,7);
/*!40000 ALTER TABLE `producto` ENABLE KEYS */;
UNLOCK TABLES;

--
-- Table structure for table `proveedor`
--

DROP TABLE IF EXISTS `proveedor`;
/*!40101 SET @saved_cs_client     = @@character_set_client */;
/*!40101 SET character_set_client = utf8 */;
CREATE TABLE `proveedor` (
  `idproveedor` int(11) NOT NULL AUTO_INCREMENT,
  `nombre` varchar(150) CHARACTER SET latin1 DEFAULT NULL,
  `direccion` varchar(200) CHARACTER SET latin1 DEFAULT NULL,
  `correo` varchar(80) CHARACTER SET latin1 DEFAULT NULL,
  `nitp` varchar(16) CHARACTER SET latin1 NOT NULL,
  `telefono` varchar(14) CHARACTER SET latin1 DEFAULT NULL,
  `Estado` char(1) CHARACTER SET latin1 DEFAULT 'T',
  `fec_reg` date DEFAULT NULL,
  `contacto` varchar(150) CHARACTER SET latin1 DEFAULT NULL,
  PRIMARY KEY (`idproveedor`)
) ENGINE=InnoDB AUTO_INCREMENT=14 DEFAULT CHARSET=utf8 COLLATE=utf8_unicode_ci;
/*!40101 SET character_set_client = @saved_cs_client */;

--
-- Dumping data for table `proveedor`
--

LOCK TABLES `proveedor` WRITE;
/*!40000 ALTER TABLE `proveedor` DISABLE KEYS */;
INSERT INTO `proveedor` VALUES (2,'MULTIPRECIOS REU','RETALHULEU RETALHULEU','','','','T','2016-03-05',NULL),(3,'LA GALLO','CIUDAD','','','','T','2016-03-08',NULL),(4,'TORTRIX','CIUDAD','','','','T','2016-03-08',NULL),(5,'D.R. CORPORACION','3A. CALLE 7-38 ZONA 8 SAN CRISTOBAL','VENTAS@DECORPORACION.COM','','23271818','T','2016-03-08',NULL),(6,'MEXICANO','MEXICO','','','','T','2016-03-10',NULL),(7,'DISTRIBUIDORA SAGITARIO','RETALHULEU','','','','T','2016-03-10',NULL),(8,'BOLSI REU','RETALHULEU','','','','T','2016-03-11',NULL),(9,'EMPACADORA PERRY','REU','','','','T','2016-03-12',NULL),(10,'SIGMA ALIMENTOS','CHAMPERICO','','','','T','2016-03-12',NULL),(11,'LA GRANJA','RETALHULEU','','','','T','2016-03-12',NULL),(12,'ILGUA','REU','','','','T','2016-03-12',NULL),(13,'TOLEDO','REU','','','','T','2016-03-12',NULL);
/*!40000 ALTER TABLE `proveedor` ENABLE KEYS */;
UNLOCK TABLES;

--
-- Table structure for table `salida`
--

DROP TABLE IF EXISTS `salida`;
/*!40101 SET @saved_cs_client     = @@character_set_client */;
/*!40101 SET character_set_client = utf8 */;
CREATE TABLE `salida` (
  `idsalida` int(11) NOT NULL AUTO_INCREMENT,
  `salida` varchar(45) CHARACTER SET latin1 DEFAULT NULL,
  `estado` char(1) CHARACTER SET latin1 NOT NULL DEFAULT 'T',
  `fecha` date DEFAULT NULL,
  `total` float DEFAULT NULL,
  `clientes_idclientes` int(11) NOT NULL,
  `usuario_idusuario` int(11) NOT NULL,
  `numdoc` int(12) DEFAULT NULL,
  `saldo` float DEFAULT NULL,
  `tipopago_idtipopago` int(11) NOT NULL,
  `fechapago` date DEFAULT NULL,
  `interesactual` float NOT NULL DEFAULT '0',
  PRIMARY KEY (`idsalida`,`clientes_idclientes`,`usuario_idusuario`,`tipopago_idtipopago`),
  KEY `fk_salida_clientes1` (`clientes_idclientes`),
  KEY `fk_salida_usuario1` (`usuario_idusuario`),
  KEY `fk_salida_tipopago1_idx` (`tipopago_idtipopago`),
  CONSTRAINT `fk_salida_clientes1` FOREIGN KEY (`clientes_idclientes`) REFERENCES `clientes` (`idClientes`) ON DELETE NO ACTION ON UPDATE NO ACTION,
  CONSTRAINT `fk_salida_tipopago1` FOREIGN KEY (`tipopago_idtipopago`) REFERENCES `tipopago` (`idtipopago`) ON DELETE NO ACTION ON UPDATE NO ACTION,
  CONSTRAINT `fk_salida_usuario1` FOREIGN KEY (`usuario_idusuario`) REFERENCES `usuario` (`idusuario`) ON DELETE NO ACTION ON UPDATE NO ACTION
) ENGINE=InnoDB AUTO_INCREMENT=1021 DEFAULT CHARSET=utf8 COLLATE=utf8_unicode_ci;
/*!40101 SET character_set_client = @saved_cs_client */;

--
-- Dumping data for table `salida`
--

LOCK TABLES `salida` WRITE;
/*!40000 ALTER TABLE `salida` DISABLE KEYS */;
INSERT INTO `salida` VALUES (1,'501','F','2016-03-08',13,1,9,NULL,0,1,'2016-03-08',0),(2,'502','F','2016-03-08',120,1,9,NULL,0,1,'2016-03-08',0),(3,'503','F','2016-03-08',15,1,9,NULL,0,1,'2016-03-08',0),(4,'504','F','2016-03-08',8,1,9,NULL,0,1,'2016-03-08',0),(5,'505','F','2016-03-08',5,1,10,NULL,0,1,'2016-03-08',0),(6,'506','F','2016-03-08',17.25,1,10,NULL,0,1,'2016-03-08',0),(7,'507','F','2016-03-08',9.75,1,10,NULL,0,1,'2016-03-08',0),(8,'508','F','2016-03-08',42,1,10,NULL,0,1,'2016-03-08',0),(9,'509','F','2016-03-08',7.35,1,10,NULL,0,1,'2016-03-08',0),(10,'510','F','2016-03-08',37.4,1,10,NULL,0,1,'2016-03-08',0),(11,'511','F','2016-03-08',43.5,1,10,NULL,0,1,'2016-03-08',0),(12,'512','F','2016-03-08',9.75,1,10,NULL,0,1,'2016-03-08',0),(13,'513','F','2016-03-08',24.75,1,10,NULL,0,1,'2016-03-08',0),(14,'514','F','2016-03-08',6.75,1,10,NULL,0,1,'2016-03-08',0),(15,'515','F','2016-03-08',7,1,10,NULL,0,1,'2016-03-08',0),(16,'516','F','2016-03-08',40.6,1,10,NULL,0,1,'2016-03-08',0),(17,'517','F','2016-03-08',7,1,10,NULL,0,1,'2016-03-08',0),(18,'518','F','2016-03-08',25.25,1,10,NULL,0,1,'2016-03-08',0),(19,'519','F','2016-03-08',11.3,1,10,NULL,0,1,'2016-03-08',0),(20,'520','F','2016-03-08',22.1,1,10,NULL,0,1,'2016-03-08',0),(21,'521','F','2016-03-08',3.5,1,10,NULL,0,1,'2016-03-08',0),(22,'522','F','2016-03-08',10,1,10,NULL,0,1,'2016-03-08',0),(23,'523','F','2016-03-08',27.65,1,10,NULL,0,1,'2016-03-08',0),(24,'524','F','2016-03-08',29.5,1,10,NULL,0,1,'2016-03-08',0),(25,'525','F','2016-03-08',11.5,1,10,NULL,0,1,'2016-03-08',0),(26,'526','F','2016-03-08',19.35,1,10,NULL,0,1,'2016-03-08',0),(27,'527','F','2016-03-08',3,1,10,NULL,0,1,'2016-03-08',0),(28,'528','F','2016-03-08',20.1,1,10,NULL,0,1,'2016-03-08',0),(29,'529','F','2016-03-08',7,1,10,NULL,0,1,'2016-03-08',0),(30,'530','F','2016-03-08',19,1,10,NULL,0,1,'2016-03-08',0),(31,'531','F','2016-03-08',15.5,1,10,NULL,0,1,'2016-03-08',0),(32,'532','F','2016-03-08',10,1,10,NULL,0,1,'2016-03-08',0),(33,'533','F','2016-03-08',183,1,10,NULL,0,1,'2016-03-08',0),(34,'534','F','2016-03-08',153,1,10,NULL,0,1,'2016-03-08',0),(35,'535','F','2016-03-08',12.05,1,10,NULL,0,1,'2016-03-08',0),(36,'536','F','2016-03-08',15,1,10,NULL,0,1,'2016-03-08',0),(37,'537','F','2016-03-08',28,1,10,NULL,0,1,'2016-03-08',0),(38,'538','F','2016-03-08',31.75,1,10,NULL,0,1,'2016-03-08',0),(39,'539','F','2016-03-08',11.1,1,10,NULL,0,1,'2016-03-08',0),(40,'540','F','2016-03-08',25,1,10,NULL,0,1,'2016-03-08',0),(41,'541','F','2016-03-08',25.15,1,10,NULL,0,1,'2016-03-08',0),(42,'542','F','2016-03-08',11.75,1,10,NULL,0,1,'2016-03-08',0),(43,'543','F','2016-03-08',52.75,1,10,NULL,0,1,'2016-03-08',0),(44,'544','F','2016-03-08',51,1,10,NULL,0,1,'2016-03-08',0),(45,'545','F','2016-03-08',101.75,1,10,NULL,0,1,'2016-03-08',0),(46,'546','F','2016-03-08',13.5,1,10,NULL,0,1,'2016-03-08',0),(47,'547','F','2016-03-08',17,1,10,NULL,0,1,'2016-03-08',0),(48,'548','F','2016-03-08',12.5,1,10,NULL,0,1,'2016-03-08',0),(49,'549','F','2016-03-08',4.5,1,10,NULL,0,1,'2016-03-08',0),(50,'550','F','2016-03-08',3.75,1,10,NULL,0,1,'2016-03-08',0),(51,'551','F','2016-03-08',15,1,10,NULL,0,1,'2016-03-08',0),(52,'552','F','2016-03-08',26.8,1,10,NULL,0,1,'2016-03-08',0),(53,'553','F','2016-03-08',34,1,10,NULL,0,1,'2016-03-08',0),(54,'554','F','2016-03-08',10,1,10,NULL,0,1,'2016-03-08',0),(55,'555','F','2016-03-08',43.15,1,10,NULL,0,1,'2016-03-08',0),(56,'556','F','2016-03-08',30,1,10,NULL,0,1,'2016-03-08',0),(57,'557','F','2016-03-08',16.5,1,10,NULL,0,1,'2016-03-08',0),(58,'558','F','2016-03-08',114.65,1,10,NULL,0,1,'2016-03-08',0),(59,'559','F','2016-03-08',20.05,1,10,NULL,0,1,'2016-03-08',0),(60,'560','F','2016-03-08',9,1,10,NULL,0,1,'2016-03-08',0),(61,'561','F','2016-03-08',9.85,1,10,NULL,0,1,'2016-03-08',0),(62,'562','F','2016-03-08',38.6,1,10,NULL,0,1,'2016-03-08',0),(63,'563','F','2016-03-08',12.5,1,10,NULL,0,1,'2016-03-08',0),(64,'564','F','2016-03-08',54.9,1,10,NULL,0,1,'2016-03-08',0),(65,'565','F','2016-03-08',270.65,1,10,NULL,0,1,'2016-03-08',0),(66,'566','F','2016-03-08',122,1,10,NULL,0,1,'2016-03-08',0),(67,'567','F','2016-03-08',107.7,1,10,NULL,0,1,'2016-03-08',0),(69,'569','F','2016-03-08',6.5,1,10,NULL,0,1,'2016-03-08',0),(70,'570','F','2016-03-08',122.2,1,10,NULL,0,1,'2016-03-08',0),(71,'571','F','2016-03-08',55,1,10,NULL,0,1,'2016-03-08',0),(72,'572','F','2016-03-08',144.3,1,10,NULL,0,1,'2016-03-08',0),(73,'573','F','2016-03-08',10.65,1,10,NULL,0,1,'2016-03-08',0),(74,'574','F','2016-03-08',19,1,10,NULL,0,1,'2016-03-08',0),(75,'575','F','2016-03-08',7.5,1,10,NULL,0,1,'2016-03-08',0),(76,'576','F','2016-03-08',14.5,1,10,NULL,0,1,'2016-03-08',0),(77,'577','F','2016-03-08',35.3,1,10,NULL,0,1,'2016-03-08',0),(78,'578','F','2016-03-08',26.05,1,10,NULL,0,1,'2016-03-08',0),(79,'579','F','2016-03-08',97,1,10,NULL,0,1,'2016-03-08',0),(80,'580','F','2016-03-08',214.25,1,10,NULL,0,1,'2016-03-08',0),(81,'581','F','2016-03-08',10.25,1,10,NULL,0,1,'2016-03-08',0),(82,'582','F','2016-03-08',10.25,1,10,NULL,0,1,'2016-03-08',0),(83,'583','F','2016-03-08',5,1,10,NULL,0,1,'2016-03-08',0),(84,'584','F','2016-03-08',11.6,1,10,NULL,0,1,'2016-03-08',0),(85,'585','F','2016-03-08',146.4,1,10,NULL,0,1,'2016-03-08',0),(86,'586','F','2016-03-08',20.25,1,10,NULL,0,1,'2016-03-08',0),(87,'587','F','2016-03-08',24,1,10,NULL,0,1,'2016-03-08',0),(88,'588','F','2016-03-08',5.25,1,10,NULL,0,1,'2016-03-08',0),(89,'589','F','2016-03-08',11.85,1,10,NULL,0,1,'2016-03-08',0),(90,'590','F','2016-03-08',93.45,1,10,NULL,0,1,'2016-03-08',0),(91,'591','F','2016-03-08',24.75,1,10,NULL,0,1,'2016-03-08',0),(92,'592','F','2016-03-08',23.65,1,10,NULL,0,1,'2016-03-08',0),(93,'593','F','2016-03-08',3.5,1,10,NULL,0,1,'2016-03-08',0),(94,'594','F','2016-03-08',66.25,1,10,NULL,0,1,'2016-03-08',0),(95,'595','F','2016-03-08',6.5,1,10,NULL,0,1,'2016-03-08',0),(96,'596','F','2016-03-08',41.25,1,10,NULL,0,1,'2016-03-08',0),(97,'597','F','2016-03-08',14.75,1,10,NULL,0,1,'2016-03-08',0),(98,'598','F','2016-03-08',15.05,1,10,NULL,0,1,'2016-03-08',0),(99,'599','F','2016-03-08',16,1,10,NULL,0,1,'2016-03-08',0),(100,'600','F','2016-03-08',12.35,1,10,NULL,0,1,'2016-03-08',0),(101,'601','F','2016-03-08',29,1,10,NULL,0,1,'2016-03-08',0),(102,'602','F','2016-03-08',14.25,1,10,NULL,0,1,'2016-03-08',0),(103,'603','F','2016-03-08',43.95,1,10,NULL,0,1,'2016-03-08',0),(104,'604','F','2016-03-08',24,1,10,NULL,0,1,'2016-03-08',0),(106,'606','F','2016-03-08',67.55,1,10,NULL,0,1,'2016-03-08',0),(107,'607','F','2016-03-08',89.15,1,10,NULL,0,1,'2016-03-08',0),(108,'608','F','2016-03-08',72.5,1,10,NULL,0,1,'2016-03-08',0),(109,'609','F','2016-03-08',19.5,1,10,NULL,0,1,'2016-03-08',0),(110,'610','F','2016-03-08',14,1,10,NULL,0,1,'2016-03-08',0),(111,'611','F','2016-03-08',23.8,1,10,NULL,0,1,'2016-03-08',0),(112,'612','F','2016-03-08',39,1,10,NULL,0,1,'2016-03-08',0),(113,'613','F','2016-03-08',10,1,10,NULL,0,1,'2016-03-08',0),(114,'614','F','2016-03-08',82.55,1,10,NULL,0,1,'2016-03-08',0),(115,'615','F','2016-03-08',16.5,1,10,NULL,0,1,'2016-03-08',0),(116,'616','F','2016-03-08',14,1,10,NULL,0,1,'2016-03-08',0),(117,'617','F','2016-03-08',2.75,1,10,NULL,0,1,'2016-03-08',0),(118,'618','F','2016-03-08',14.5,1,10,NULL,0,1,'2016-03-08',0),(119,'619','F','2016-03-08',33,1,10,NULL,0,1,'2016-03-08',0),(120,'620','F','2016-03-08',20.9,1,10,NULL,0,1,'2016-03-08',0),(121,'621','F','2016-03-08',12.5,1,10,NULL,0,1,'2016-03-08',0),(122,'622','F','2016-03-08',16.95,1,10,NULL,0,1,'2016-03-08',0),(123,'623','F','2016-03-08',12,1,10,NULL,0,1,'2016-03-08',0),(124,'624','F','2016-03-08',44.25,1,10,NULL,0,1,'2016-03-08',0),(125,'625','F','2016-03-08',12.75,1,10,NULL,0,1,'2016-03-08',0),(126,'626','F','2016-03-08',38.5,1,10,NULL,0,1,'2016-03-08',0),(127,'627','F','2016-03-08',14,1,10,NULL,0,1,'2016-03-08',0),(128,'628','F','2016-03-08',11.4,1,10,NULL,0,1,'2016-03-08',0),(129,'629','F','2016-03-08',28.45,1,10,NULL,0,1,'2016-03-08',0),(130,'630','F','2016-03-08',2.75,1,10,NULL,0,1,'2016-03-08',0),(131,'631','F','2016-03-08',32.25,1,10,NULL,0,1,'2016-03-08',0),(132,'632','F','2016-03-08',48.15,1,10,NULL,0,1,'2016-03-08',0),(133,'633','F','2016-03-08',6.5,1,10,NULL,0,1,'2016-03-08',0),(134,'634','F','2016-03-08',24,1,10,NULL,0,1,'2016-03-08',0),(135,'635','F','2016-03-08',15,1,10,NULL,0,1,'2016-03-08',0),(136,'636','F','2016-03-08',151.95,1,10,NULL,0,1,'2016-03-08',0),(137,'637','F','2016-03-08',37.25,1,10,NULL,0,1,'2016-03-08',0),(138,'638','F','2016-03-08',13.95,1,10,NULL,0,1,'2016-03-08',0),(139,'639','F','2016-03-08',49.4,1,10,NULL,0,1,'2016-03-08',0),(140,'640','F','2016-03-08',24,1,10,NULL,0,1,'2016-03-08',0),(141,'641','F','2016-03-08',18,1,10,NULL,0,1,'2016-03-08',0),(142,'642','F','2016-03-08',132.35,1,10,NULL,0,1,'2016-03-08',0),(143,'643','F','2016-03-08',9.5,1,10,NULL,0,1,'2016-03-08',0),(144,'644','F','2016-03-08',6.9,1,10,NULL,0,1,'2016-03-08',0),(145,'645','F','2016-03-08',5,1,10,NULL,0,1,'2016-03-08',0),(146,'646','F','2016-03-08',10,1,10,NULL,0,1,'2016-03-08',0),(147,'647','F','2016-03-08',40,1,10,NULL,0,1,'2016-03-08',0),(148,'648','F','2016-03-08',13,1,10,NULL,0,1,'2016-03-08',0),(149,'649','F','2016-03-08',26.75,1,10,NULL,0,1,'2016-03-08',0),(150,'650','F','2016-03-08',4,1,10,NULL,0,1,'2016-03-08',0),(151,'651','F','2016-03-08',32.7,1,10,NULL,0,1,'2016-03-08',0),(152,'652','F','2016-03-08',11,1,10,NULL,0,1,'2016-03-08',0),(153,'653','F','2016-03-08',38.75,1,10,NULL,0,1,'2016-03-08',0),(154,'654','F','2016-03-08',19,1,10,NULL,0,1,'2016-03-08',0),(155,'655','F','2016-03-08',62.75,1,10,NULL,0,1,'2016-03-08',0),(156,'656','F','2016-03-08',7,1,10,NULL,0,1,'2016-03-08',0),(157,'657','F','2016-03-08',3,1,10,NULL,0,1,'2016-03-08',0),(158,'658','F','2016-03-09',5,1,9,NULL,0,1,'2016-03-09',0),(159,'659','F','2016-03-09',9,1,9,NULL,0,1,'2016-03-09',0),(160,'660','F','2016-03-09',24,1,9,NULL,0,1,'2016-03-09',0),(161,'661','F','2016-03-09',12,1,9,NULL,0,1,'2016-03-09',0),(162,'662','F','2016-03-09',74.25,1,9,NULL,0,1,'2016-03-09',0),(163,'663','F','2016-03-09',5,1,9,NULL,0,1,'2016-03-09',0),(164,'664','F','2016-03-09',17.65,1,9,NULL,0,1,'2016-03-09',0),(165,'665','F','2016-03-09',31.5,1,9,NULL,0,1,'2016-03-09',0),(166,'666','F','2016-03-09',20,1,9,NULL,0,1,'2016-03-09',0),(167,'667','F','2016-03-09',40,1,9,NULL,0,1,'2016-03-09',0),(168,'668','F','2016-03-09',70,1,9,NULL,0,1,'2016-03-09',0),(169,'669','F','2016-03-09',7.5,1,9,NULL,0,1,'2016-03-09',0),(170,'670','F','2016-03-09',29,1,9,NULL,0,1,'2016-03-09',0),(171,'671','F','2016-03-09',20.15,1,9,NULL,0,1,'2016-03-09',0),(172,'672','F','2016-03-09',31,1,9,NULL,0,1,'2016-03-09',0),(173,'673','F','2016-03-09',17,1,9,NULL,0,1,'2016-03-09',0),(174,'674','F','2016-03-09',3,1,9,NULL,0,1,'2016-03-09',0),(175,'675','F','2016-03-09',11.75,1,9,NULL,0,1,'2016-03-09',0),(176,'676','F','2016-03-09',8,1,9,NULL,0,1,'2016-03-09',0),(177,'677','F','2016-03-09',11.75,1,9,NULL,0,1,'2016-03-09',0),(178,'678','F','2016-03-09',10,1,9,NULL,0,1,'2016-03-09',0),(179,'679','F','2016-03-09',13.5,1,9,NULL,0,1,'2016-03-09',0),(180,'680','F','2016-03-09',5,1,9,NULL,0,1,'2016-03-09',0),(182,'682','F','2016-03-09',14.5,1,10,NULL,0,1,'2016-03-09',0),(183,'683','F','2016-03-09',52.85,1,10,NULL,0,1,'2016-03-09',0),(184,'684','F','2016-03-09',4.8,1,10,NULL,0,1,'2016-03-09',0),(185,'685','F','2016-03-09',5.5,1,10,NULL,0,1,'2016-03-09',0),(186,'686','F','2016-03-09',24,1,10,NULL,0,1,'2016-03-09',0),(187,'687','F','2016-03-09',63.95,1,10,NULL,0,1,'2016-03-09',0),(188,'688','F','2016-03-09',12.8,1,10,NULL,0,1,'2016-03-09',0),(189,'689','F','2016-03-09',63.35,1,10,NULL,0,1,'2016-03-09',0),(190,'690','F','2016-03-09',5,1,10,NULL,0,1,'2016-03-09',0),(191,'691','F','2016-03-09',31.25,1,10,NULL,0,1,'2016-03-09',0),(192,'692','F','2016-03-09',115.25,1,10,NULL,0,1,'2016-03-09',0),(193,'693','F','2016-03-09',13.75,1,10,NULL,0,1,'2016-03-09',0),(194,'694','F','2016-03-09',20.5,1,10,NULL,0,1,'2016-03-09',0),(195,'695','F','2016-03-09',13.5,1,10,NULL,0,1,'2016-03-09',0),(196,'696','F','2016-03-09',35,1,10,NULL,0,1,'2016-03-09',0),(197,'697','F','2016-03-09',10,1,10,NULL,0,1,'2016-03-09',0),(198,'698','F','2016-03-09',26,1,10,NULL,0,1,'2016-03-09',0),(199,'699','F','2016-03-09',33.75,1,10,NULL,0,1,'2016-03-09',0),(200,'700','F','2016-03-09',2.9,1,10,NULL,0,1,'2016-03-09',0),(201,'701','F','2016-03-09',26,1,10,NULL,0,1,'2016-03-09',0),(202,'702','F','2016-03-09',24,1,10,NULL,0,1,'2016-03-09',0),(203,'703','F','2016-03-09',154.5,1,10,NULL,0,1,'2016-03-09',0),(204,'704','F','2016-03-09',27,1,10,NULL,0,1,'2016-03-09',0),(205,'705','F','2016-03-09',5,1,10,NULL,0,1,'2016-03-09',0),(206,'706','F','2016-03-09',135,1,10,NULL,0,1,'2016-03-09',0),(207,'707','F','2016-03-09',10.4,1,10,NULL,0,1,'2016-03-09',0),(208,'708','F','2016-03-09',35.25,1,10,NULL,0,1,'2016-03-09',0),(209,'709','F','2016-03-09',80,1,10,NULL,0,1,'2016-03-09',0),(210,'710','F','2016-03-09',2.9,1,10,NULL,0,1,'2016-03-09',0),(211,'711','F','2016-03-09',20,1,10,NULL,0,1,'2016-03-09',0),(212,'712','F','2016-03-09',20.25,1,10,NULL,0,1,'2016-03-09',0),(213,'713','F','2016-03-09',4.95,1,10,NULL,0,1,'2016-03-09',0),(214,'714','F','2016-03-09',20.9,1,10,NULL,0,1,'2016-03-09',0),(215,'715','F','2016-03-09',110.95,1,10,NULL,0,1,'2016-03-09',0),(216,'716','F','2016-03-09',6,1,10,NULL,0,1,'2016-03-09',0),(217,'717','F','2016-03-09',9.4,1,10,NULL,0,1,'2016-03-09',0),(218,'718','F','2016-03-09',72.25,1,10,NULL,0,1,'2016-03-09',0),(219,'719','F','2016-03-09',31.75,1,10,NULL,0,1,'2016-03-09',0),(220,'720','F','2016-03-09',9.5,1,10,NULL,0,1,'2016-03-09',0),(221,'721','F','2016-03-09',29.5,1,10,NULL,0,1,'2016-03-09',0),(222,'722','F','2016-03-09',28.75,1,10,NULL,0,1,'2016-03-09',0),(223,'723','F','2016-03-09',0,1,10,NULL,0,1,'2016-03-09',0),(224,'724','F','2016-03-09',12,1,10,NULL,0,1,'2016-03-09',0),(225,'725','F','2016-03-09',40.1,1,10,NULL,0,1,'2016-03-09',0),(226,'726','F','2016-03-09',21,1,10,NULL,0,1,'2016-03-09',0),(227,'727','F','2016-03-09',15.6,1,10,NULL,0,1,'2016-03-09',0),(228,'728','F','2016-03-09',29.5,1,10,NULL,0,1,'2016-03-09',0),(229,'729','F','2016-03-09',2.9,1,10,NULL,0,1,'2016-03-09',0),(230,'730','F','2016-03-09',142.5,1,10,NULL,0,1,'2016-03-09',0),(231,'731','F','2016-03-09',11.3,1,10,NULL,0,1,'2016-03-09',0),(232,'732','F','2016-03-09',15,1,10,NULL,0,1,'2016-03-09',0),(233,'733','F','2016-03-09',10,1,10,NULL,0,1,'2016-03-09',0),(234,'734','F','2016-03-09',49.4,1,10,NULL,0,1,'2016-03-09',0),(235,'735','F','2016-03-09',20.5,1,10,NULL,0,1,'2016-03-09',0),(236,'736','F','2016-03-09',8.65,1,10,NULL,0,1,'2016-03-09',0),(237,'737','F','2016-03-09',102.6,1,10,NULL,0,1,'2016-03-09',0),(238,'738','F','2016-03-09',71.05,1,10,NULL,0,1,'2016-03-09',0),(239,'739','F','2016-03-09',23.25,1,10,NULL,0,1,'2016-03-09',0),(240,'740','F','2016-03-09',22.75,1,10,NULL,0,1,'2016-03-09',0),(241,'741','F','2016-03-09',24,1,10,NULL,0,1,'2016-03-09',0),(242,'742','F','2016-03-09',73,1,10,NULL,0,1,'2016-03-09',0),(243,'743','F','2016-03-09',50,1,10,NULL,0,1,'2016-03-09',0),(244,'744','F','2016-03-09',51,1,10,NULL,0,1,'2016-03-09',0),(245,'745','F','2016-03-09',140,1,10,NULL,0,1,'2016-03-09',0),(246,'746','F','2016-03-09',12,1,10,NULL,0,1,'2016-03-09',0),(247,'747','F','2016-03-09',39.25,1,10,NULL,0,1,'2016-03-09',0),(248,'748','F','2016-03-09',23.75,1,10,NULL,0,1,'2016-03-09',0),(249,'749','F','2016-03-09',11,1,10,NULL,0,1,'2016-03-09',0),(250,'750','F','2016-03-09',5.25,1,10,NULL,0,1,'2016-03-09',0),(251,'751','F','2016-03-09',7,1,10,NULL,0,1,'2016-03-09',0),(252,'752','F','2016-03-09',9.75,1,10,NULL,0,1,'2016-03-09',0),(253,'753','F','2016-03-09',143.3,1,10,NULL,0,1,'2016-03-09',0),(255,'755','F','2016-03-09',35.8,1,10,NULL,0,1,'2016-03-09',0),(256,'756','F','2016-03-09',4,1,10,NULL,0,1,'2016-03-09',0),(257,'757','F','2016-03-09',26,1,10,NULL,0,1,'2016-03-09',0),(258,'758','F','2016-03-09',11.5,1,10,NULL,0,1,'2016-03-09',0),(259,'759','F','2016-03-09',6,1,10,NULL,0,1,'2016-03-09',0),(260,'760','F','2016-03-09',10.5,1,10,NULL,0,1,'2016-03-09',0),(261,'761','F','2016-03-09',3.75,1,10,NULL,0,1,'2016-03-09',0),(262,'762','F','2016-03-09',6,1,10,NULL,0,1,'2016-03-09',0),(263,'763','F','2016-03-09',11.5,1,10,NULL,0,1,'2016-03-09',0),(264,'764','F','2016-03-09',7.5,1,10,NULL,0,1,'2016-03-09',0),(265,'765','F','2016-03-09',8,1,10,NULL,0,1,'2016-03-09',0),(266,'766','F','2016-03-09',84.5,1,10,NULL,0,1,'2016-03-09',0),(267,'767','F','2016-03-09',46.95,1,10,NULL,0,1,'2016-03-09',0),(268,'768','F','2016-03-09',24,1,10,NULL,0,1,'2016-03-09',0),(269,'769','F','2016-03-09',62.65,1,10,NULL,0,1,'2016-03-09',0),(270,'770','F','2016-03-09',70.8,1,10,NULL,0,1,'2016-03-09',0),(271,'771','F','2016-03-09',132.55,1,10,NULL,0,1,'2016-03-09',0),(272,'772','F','2016-03-09',249.9,1,10,NULL,0,1,'2016-03-09',0),(273,'773','F','2016-03-09',14,1,10,NULL,0,1,'2016-03-09',0),(274,'774','F','2016-03-09',3.5,1,10,NULL,0,1,'2016-03-09',0),(275,'775','F','2016-03-09',20.9,1,10,NULL,0,1,'2016-03-09',0),(276,'776','F','2016-03-09',52.75,1,10,NULL,0,1,'2016-03-09',0),(277,'777','F','2016-03-09',46.25,1,10,NULL,0,1,'2016-03-09',0),(278,'778','F','2016-03-09',11.75,1,10,NULL,0,1,'2016-03-09',0),(279,'779','F','2016-03-09',11,1,10,NULL,0,1,'2016-03-09',0),(280,'780','F','2016-03-09',32.3,1,10,NULL,0,1,'2016-03-09',0),(281,'781','F','2016-03-09',17.5,1,10,NULL,0,1,'2016-03-09',0),(282,'782','F','2016-03-09',113.75,1,10,NULL,0,1,'2016-03-09',0),(283,'783','F','2016-03-09',5.5,1,10,NULL,0,1,'2016-03-09',0),(284,'784','F','2016-03-09',62.55,1,10,NULL,0,1,'2016-03-09',0),(285,'785','F','2016-03-09',40,1,10,NULL,0,1,'2016-03-09',0),(286,'786','F','2016-03-09',21,1,10,NULL,0,1,'2016-03-09',0),(287,'787','F','2016-03-09',14.5,1,10,NULL,0,1,'2016-03-09',0),(288,'788','F','2016-03-09',23.75,1,10,NULL,0,1,'2016-03-09',0),(289,'789','F','2016-03-09',88.3,1,10,NULL,0,1,'2016-03-09',0),(290,'790','F','2016-03-09',17.25,1,10,NULL,0,1,'2016-03-09',0),(291,'791','F','2016-03-09',110.6,1,10,NULL,0,1,'2016-03-09',0),(292,'792','F','2016-03-09',30,1,10,NULL,0,1,'2016-03-09',0),(293,'793','F','2016-03-09',15,1,10,NULL,0,1,'2016-03-09',0),(294,'794','F','2016-03-09',40,1,10,NULL,0,1,'2016-03-09',0),(295,'795','F','2016-03-09',4,1,10,NULL,0,1,'2016-03-09',0),(296,'796','F','2016-03-09',248.5,1,10,NULL,0,1,'2016-03-09',0),(297,'797','F','2016-03-09',16.5,1,10,NULL,0,1,'2016-03-09',0),(298,'798','F','2016-03-09',34,1,10,NULL,0,1,'2016-03-09',0),(299,'799','F','2016-03-09',30.7,1,10,NULL,0,1,'2016-03-09',0),(300,'800','F','2016-03-09',7.5,1,10,NULL,0,1,'2016-03-09',0),(301,'801','F','2016-03-09',24,1,10,NULL,0,1,'2016-03-09',0),(302,'802','F','2016-03-09',39.75,1,10,NULL,0,1,'2016-03-09',0),(303,'803','F','2016-03-09',5.25,1,10,NULL,0,1,'2016-03-09',0),(304,'804','F','2016-03-09',15,1,10,NULL,0,1,'2016-03-09',0),(305,'805','F','2016-03-09',17.25,1,10,NULL,0,1,'2016-03-09',0),(306,'806','F','2016-03-09',28.6,1,10,NULL,0,1,'2016-03-09',0),(307,'807','F','2016-03-09',38.75,1,10,NULL,0,1,'2016-03-09',0),(308,'808','F','2016-03-09',5,1,10,NULL,0,1,'2016-03-09',0),(309,'809','F','2016-03-09',7.5,1,10,NULL,0,1,'2016-03-09',0),(310,'810','F','2016-03-09',23.5,1,10,NULL,0,1,'2016-03-09',0),(311,'811','F','2016-03-09',11,1,10,NULL,0,1,'2016-03-09',0),(312,'812','F','2016-03-09',5,1,10,NULL,0,1,'2016-03-09',0),(313,'813','F','2016-03-09',55.05,1,10,NULL,0,1,'2016-03-09',0),(314,'814','F','2016-03-09',15.5,1,10,NULL,0,1,'2016-03-09',0),(316,'816','F','2016-03-09',17.65,1,10,NULL,0,1,'2016-03-09',0),(317,'817','F','2016-03-09',20,1,10,NULL,0,1,'2016-03-09',0),(318,'818','F','2016-03-09',5.5,1,10,NULL,0,1,'2016-03-09',0),(319,'819','F','2016-03-09',11.5,1,10,NULL,0,1,'2016-03-09',0),(320,'820','F','2016-03-09',24,1,10,NULL,0,1,'2016-03-09',0),(321,'821','F','2016-03-09',18,1,10,NULL,0,1,'2016-03-09',0),(322,'822','F','2016-03-09',13.15,1,10,NULL,0,1,'2016-03-09',0),(323,'823','F','2016-03-09',17.75,1,10,NULL,0,1,'2016-03-09',0),(324,'824','F','2016-03-09',4.5,1,10,NULL,0,1,'2016-03-09',0),(325,'825','F','2016-03-09',49.5,1,10,NULL,0,1,'2016-03-09',0),(326,'826','F','2016-03-09',7.5,1,10,NULL,0,1,'2016-03-09',0),(327,'827','F','2016-03-09',5,1,10,NULL,0,1,'2016-03-09',0),(328,'828','F','2016-03-09',16.8,1,10,NULL,0,1,'2016-03-09',0),(329,'829','F','2016-03-09',6.3,1,10,NULL,0,1,'2016-03-09',0),(330,'830','F','2016-03-09',46.15,1,10,NULL,0,1,'2016-03-09',0),(331,'831','F','2016-03-09',20,1,10,NULL,0,1,'2016-03-09',0),(332,'832','F','2016-03-09',61.45,1,10,NULL,0,1,'2016-03-09',0),(333,'833','F','2016-03-09',9.65,1,10,NULL,0,1,'2016-03-09',0),(334,'834','F','2016-03-09',5.25,1,10,NULL,0,1,'2016-03-09',0),(335,'835','F','2016-03-09',104.25,1,10,NULL,0,1,'2016-03-09',0),(337,'837','F','2016-03-09',36.85,2,10,NULL,0,1,'2016-03-09',0),(338,'838','F','2016-03-09',30,1,10,NULL,0,1,'2016-03-09',0),(339,'839','F','2016-03-09',8.9,1,10,NULL,0,1,'2016-03-09',0),(340,'840','F','2016-03-09',43.25,1,10,NULL,0,1,'2016-03-09',0),(341,'841','F','2016-03-10',9.4,1,10,NULL,0,1,'2016-03-10',0),(342,'842','F','2016-03-10',20,1,10,NULL,0,1,'2016-03-10',0),(343,'843','F','2016-03-10',8.5,1,10,NULL,0,1,'2016-03-10',0),(344,'844','F','2016-03-10',5,1,10,NULL,0,1,'2016-03-10',0),(345,'845','F','2016-03-10',5,1,10,NULL,0,1,'2016-03-10',0),(346,'846','F','2016-03-10',22.75,1,10,NULL,0,1,'2016-03-10',0),(347,'847','F','2016-03-10',5,1,10,NULL,0,1,'2016-03-10',0),(348,'848','F','2016-03-10',20,1,10,NULL,0,1,'2016-03-10',0),(349,'849','F','2016-03-10',25.9,1,10,NULL,0,1,'2016-03-10',0),(350,'850','F','2016-03-10',15.9,1,10,NULL,0,1,'2016-03-10',0),(351,'851','F','2016-03-10',24,1,10,NULL,0,1,'2016-03-10',0),(352,'852','F','2016-03-10',15.5,1,10,NULL,0,1,'2016-03-10',0),(354,'854','F','2016-03-10',15.5,1,10,NULL,0,1,'2016-03-10',0),(355,'855','F','2016-03-10',12.75,1,10,NULL,0,1,'2016-03-10',0),(356,'856','F','2016-03-10',133.75,1,10,NULL,0,1,'2016-03-10',0),(357,'857','F','2016-03-10',16.25,1,10,NULL,0,1,'2016-03-10',0),(358,'858','F','2016-03-10',5,1,10,NULL,0,1,'2016-03-10',0),(359,'859','F','2016-03-10',9,1,10,NULL,0,1,'2016-03-10',0),(360,'860','F','2016-03-10',36,1,10,NULL,0,1,'2016-03-10',0),(361,'861','F','2016-03-10',7,1,10,NULL,0,1,'2016-03-10',0),(362,'862','F','2016-03-10',6.55,1,10,NULL,0,1,'2016-03-10',0),(363,'863','F','2016-03-10',18.75,3,10,NULL,0,1,'2016-03-10',0),(364,'864','F','2016-03-10',15.5,1,10,NULL,0,1,'2016-03-10',0),(365,'865','F','2016-03-10',23,1,10,NULL,0,1,'2016-03-10',0),(366,'866','F','2016-03-10',9,1,10,NULL,0,1,'2016-03-10',0),(368,'868','F','2016-03-10',2.9,1,10,NULL,0,1,'2016-03-10',0),(369,'869','F','2016-03-10',24.3,1,10,NULL,0,1,'2016-03-10',0),(370,'870','F','2016-03-10',15.8,1,10,NULL,0,1,'2016-03-10',0),(371,'871','F','2016-03-10',15.5,1,10,NULL,0,1,'2016-03-10',0),(372,'872','F','2016-03-10',3.75,1,10,NULL,0,1,'2016-03-10',0),(373,'873','F','2016-03-10',3.75,1,10,NULL,0,1,'2016-03-10',0),(374,'874','F','2016-03-10',10,1,10,NULL,0,1,'2016-03-10',0),(375,'875','F','2016-03-10',2.9,1,10,NULL,0,1,'2016-03-10',0),(377,'877','F','2016-03-10',80,1,10,NULL,0,1,'2016-03-10',0),(378,'878','F','2016-03-10',9,1,10,NULL,0,1,'2016-03-10',0),(379,'879','F','2016-03-10',7.5,1,10,NULL,0,1,'2016-03-10',0),(380,'880','F','2016-03-10',51,1,10,NULL,0,1,'2016-03-10',0),(381,'881','F','2016-03-10',6,1,10,NULL,0,1,'2016-03-10',0),(382,'882','F','2016-03-10',7,1,10,NULL,0,1,'2016-03-10',0),(383,'883','F','2016-03-10',36.5,1,10,NULL,0,1,'2016-03-10',0),(384,'884','F','2016-03-10',6,1,10,NULL,0,1,'2016-03-10',0),(385,'885','F','2016-03-10',10,3,10,NULL,0,1,'2016-03-10',0),(386,'886','F','2016-03-10',35,1,10,NULL,0,1,'2016-03-10',0),(387,'887','F','2016-03-10',19.25,1,10,NULL,0,1,'2016-03-10',0),(388,'888','F','2016-03-10',5.5,1,10,NULL,0,1,'2016-03-10',0),(389,'889','F','2016-03-10',48.3,1,10,NULL,0,1,'2016-03-10',0),(390,'890','F','2016-03-10',91,1,10,NULL,0,1,'2016-03-10',0),(392,'892','F','2016-03-10',13.3,1,10,NULL,0,1,'2016-03-10',0),(393,'893','F','2016-03-10',40.5,1,10,NULL,0,1,'2016-03-10',0),(394,'894','F','2016-03-10',6,1,10,NULL,0,1,'2016-03-10',0),(395,'895','F','2016-03-10',3.5,1,10,NULL,0,1,'2016-03-10',0),(396,'896','F','2016-03-10',115.1,1,10,NULL,0,1,'2016-03-10',0),(397,'897','F','2016-03-10',40.65,1,10,NULL,0,1,'2016-03-10',0),(399,'899','F','2016-03-10',10,1,10,NULL,0,1,'2016-03-10',0),(400,'900','F','2016-03-10',10,1,10,NULL,0,1,'2016-03-10',0),(401,'901','F','2016-03-10',16.15,1,10,NULL,0,1,'2016-03-10',0),(402,'902','F','2016-03-10',11.5,1,10,NULL,0,1,'2016-03-10',0),(403,'903','F','2016-03-10',15.3,1,10,NULL,0,1,'2016-03-10',0),(404,'904','F','2016-03-10',10,1,10,NULL,0,1,'2016-03-10',0),(405,'905','F','2016-03-10',8.5,1,10,NULL,0,1,'2016-03-10',0),(406,'906','F','2016-03-10',15,1,10,NULL,0,1,'2016-03-10',0),(407,'907','F','2016-03-10',7.25,1,10,NULL,0,1,'2016-03-10',0),(408,'908','F','2016-03-10',28,1,10,NULL,0,1,'2016-03-10',0),(409,'909','F','2016-03-10',29.25,1,10,NULL,0,1,'2016-03-10',0),(410,'910','F','2016-03-10',4,1,10,NULL,0,1,'2016-03-10',0),(411,'911','F','2016-03-10',46.15,1,10,NULL,0,1,'2016-03-10',0),(412,'912','F','2016-03-10',24,1,10,NULL,0,1,'2016-03-10',0),(413,'913','F','2016-03-10',7,1,10,NULL,0,1,'2016-03-10',0),(414,'914','F','2016-03-10',4.5,1,10,NULL,0,1,'2016-03-10',0),(415,'915','F','2016-03-10',58.5,1,10,NULL,0,1,'2016-03-10',0),(416,'916','F','2016-03-10',27.3,1,10,NULL,0,1,'2016-03-10',0),(417,'917','F','2016-03-10',21.75,1,10,NULL,0,1,'2016-03-10',0),(418,'918','F','2016-03-10',3.65,1,10,NULL,0,1,'2016-03-10',0),(419,'919','F','2016-03-10',44.75,1,10,NULL,0,1,'2016-03-10',0),(420,'920','F','2016-03-10',10,1,10,NULL,0,1,'2016-03-10',0),(421,'921','F','2016-03-10',27.9,1,10,NULL,0,1,'2016-03-10',0),(422,'922','F','2016-03-10',33.5,1,10,NULL,0,1,'2016-03-10',0),(423,'923','F','2016-03-10',19,1,10,NULL,0,1,'2016-03-10',0),(424,'924','F','2016-03-10',174.05,1,10,NULL,0,1,'2016-03-10',0),(425,'925','F','2016-03-10',50.8,1,10,NULL,0,1,'2016-03-10',0),(426,'926','F','2016-03-10',5.5,1,10,NULL,0,1,'2016-03-10',0),(427,'927','F','2016-03-10',27.5,1,10,NULL,0,1,'2016-03-10',0),(428,'928','F','2016-03-10',38.5,3,10,NULL,0,1,'2016-03-10',0),(429,'929','F','2016-03-10',143.7,3,10,NULL,0,1,'2016-03-10',0),(430,'930','F','2016-03-10',36,3,10,NULL,0,1,'2016-03-10',0),(431,'931','F','2016-03-10',7.15,1,10,NULL,0,1,'2016-03-10',0),(432,'932','F','2016-03-10',20.5,1,10,NULL,0,1,'2016-03-10',0),(433,'933','F','2016-03-10',10,1,10,NULL,0,1,'2016-03-10',0),(434,'934','F','2016-03-10',18.75,1,10,NULL,0,1,'2016-03-10',0),(435,'935','F','2016-03-10',10,1,10,NULL,0,1,'2016-03-10',0),(436,'936','F','2016-03-10',39.25,1,10,NULL,0,1,'2016-03-10',0),(437,'937','F','2016-03-10',24,1,10,NULL,0,1,'2016-03-10',0),(438,'938','F','2016-03-10',11.6,1,10,NULL,0,1,'2016-03-10',0),(439,'939','F','2016-03-10',38,1,10,NULL,0,1,'2016-03-10',0),(440,'940','F','2016-03-10',18,1,10,NULL,0,1,'2016-03-10',0),(441,'941','F','2016-03-10',6,1,10,NULL,0,1,'2016-03-10',0),(442,'942','F','2016-03-10',1.9,1,10,NULL,0,1,'2016-03-10',0),(443,'943','F','2016-03-10',2.5,1,10,NULL,0,1,'2016-03-10',0),(444,'944','F','2016-03-10',7.5,1,10,NULL,0,1,'2016-03-10',0),(445,'945','F','2016-03-10',15,1,10,NULL,0,1,'2016-03-10',0),(446,'946','F','2016-03-10',76.85,1,10,NULL,0,1,'2016-03-10',0),(447,'947','F','2016-03-10',23.7,1,10,NULL,0,1,'2016-03-10',0),(448,'948','F','2016-03-10',34,1,10,NULL,0,1,'2016-03-10',0),(449,'949','F','2016-03-10',20.15,1,10,NULL,0,1,'2016-03-10',0),(450,'950','F','2016-03-10',44,1,10,NULL,0,1,'2016-03-10',0),(451,'951','F','2016-03-10',6.75,1,10,NULL,0,1,'2016-03-10',0),(452,'952','F','2016-03-10',3.5,1,10,NULL,0,1,'2016-03-10',0),(453,'953','F','2016-03-10',7.8,1,10,NULL,0,1,'2016-03-10',0),(454,'954','F','2016-03-10',6.7,1,10,NULL,0,1,'2016-03-10',0),(455,'955','F','2016-03-10',17,1,10,NULL,0,1,'2016-03-10',0),(456,'956','F','2016-03-10',12,1,10,NULL,0,1,'2016-03-10',0),(457,'957','F','2016-03-10',12.8,1,10,NULL,0,1,'2016-03-10',0),(458,'958','F','2016-03-10',4.6,1,10,NULL,0,1,'2016-03-10',0),(459,'959','F','2016-03-10',23,1,10,NULL,0,1,'2016-03-10',0),(460,'960','F','2016-03-10',6,1,10,NULL,0,1,'2016-03-10',0),(461,'961','F','2016-03-10',77,1,10,NULL,0,1,'2016-03-10',0),(462,'962','F','2016-03-10',37.5,1,10,NULL,0,1,'2016-03-10',0),(463,'963','F','2016-03-10',96,1,10,NULL,0,1,'2016-03-10',0),(464,'964','F','2016-03-10',13.5,1,10,NULL,0,1,'2016-03-10',0),(465,'965','F','2016-03-10',76.15,1,10,NULL,0,1,'2016-03-10',0),(466,'966','F','2016-03-10',46.25,1,10,NULL,0,1,'2016-03-10',0),(467,'967','F','2016-03-10',15,1,10,NULL,0,1,'2016-03-10',0),(468,'968','F','2016-03-10',30,1,10,NULL,0,1,'2016-03-10',0),(469,'969','F','2016-03-10',509,1,10,NULL,0,1,'2016-03-10',0),(470,'970','F','2016-03-10',5,1,10,NULL,0,1,'2016-03-10',0),(471,'971','F','2016-03-10',63.9,1,10,NULL,0,1,'2016-03-10',0),(472,'972','F','2016-03-10',24,1,10,NULL,0,1,'2016-03-10',0),(473,'973','F','2016-03-10',13.75,1,10,NULL,0,1,'2016-03-10',0),(474,'974','F','2016-03-10',3.75,1,10,NULL,0,1,'2016-03-10',0),(475,'975','F','2016-03-10',12,1,10,NULL,0,1,'2016-03-10',0),(476,'976','F','2016-03-10',17.4,1,10,NULL,0,1,'2016-03-10',0),(477,'977','F','2016-03-10',15,1,10,NULL,0,1,'2016-03-10',0),(478,'978','F','2016-03-10',22,1,10,NULL,0,1,'2016-03-10',0),(479,'979','F','2016-03-10',23,1,10,NULL,0,1,'2016-03-10',0),(480,'980','F','2016-03-10',5.5,1,10,NULL,0,1,'2016-03-10',0),(481,'981','F','2016-03-10',39,1,10,NULL,0,1,'2016-03-10',0),(482,'982','F','2016-03-10',58.25,1,10,NULL,0,1,'2016-03-10',0),(483,'983','F','2016-03-10',34.2,1,10,NULL,0,1,'2016-03-10',0),(484,'984','F','2016-03-10',43.5,1,10,NULL,0,1,'2016-03-10',0),(485,'985','F','2016-03-10',96.55,1,10,NULL,0,1,'2016-03-10',0),(486,'986','F','2016-03-10',21.3,1,10,NULL,0,1,'2016-03-10',0),(487,'987','F','2016-03-10',43,1,10,NULL,0,1,'2016-03-10',0),(488,'988','F','2016-03-10',3.35,1,10,NULL,0,1,'2016-03-10',0),(489,'989','F','2016-03-10',38,1,10,NULL,0,1,'2016-03-10',0),(490,'990','F','2016-03-10',87.5,1,10,NULL,0,1,'2016-03-10',0),(491,'991','F','2016-03-10',41.75,1,10,NULL,0,1,'2016-03-10',0),(492,'992','F','2016-03-10',13,1,10,NULL,0,1,'2016-03-10',0),(493,'993','F','2016-03-10',3,1,10,NULL,0,1,'2016-03-10',0),(494,'994','F','2016-03-10',33.7,1,10,NULL,0,1,'2016-03-10',0),(495,'995','F','2016-03-10',20,1,10,NULL,0,1,'2016-03-10',0),(496,'996','F','2016-03-10',2.25,1,10,NULL,0,1,'2016-03-10',0),(498,'998','F','2016-03-10',99.15,1,10,NULL,0,1,'2016-03-10',0),(499,'999','F','2016-03-10',43,1,10,NULL,0,1,'2016-03-10',0),(500,'1000','F','2016-03-10',165.3,1,10,NULL,0,1,'2016-03-10',0),(501,'1001','F','2016-03-10',53,1,10,NULL,0,1,'2016-03-10',0),(502,'1002','F','2016-03-10',6,1,10,NULL,0,1,'2016-03-10',0),(503,'1003','F','2016-03-10',4,9,10,NULL,0,1,'2016-03-10',0),(504,'1004','F','2016-03-10',7.5,1,10,NULL,0,1,'2016-03-10',0),(505,'1005','F','2016-03-10',10.5,1,10,NULL,0,1,'2016-03-10',0),(506,'1006','F','2016-03-10',10,1,10,NULL,0,1,'2016-03-10',0),(507,'1007','F','2016-03-10',24,1,10,NULL,0,1,'2016-03-10',0),(508,'1008','F','2016-03-10',6.5,1,10,NULL,0,1,'2016-03-10',0),(509,'1009','F','2016-03-10',106.05,1,10,NULL,0,1,'2016-03-10',0),(510,'1010','F','2016-03-10',74.25,1,10,NULL,0,1,'2016-03-10',0),(511,'1011','F','2016-03-10',8.7,1,10,NULL,0,1,'2016-03-10',0),(512,'1012','F','2016-03-10',10.4,1,10,NULL,0,1,'2016-03-10',0),(513,'1013','F','2016-03-10',8.5,1,10,NULL,0,1,'2016-03-10',0),(514,'1014','F','2016-03-10',29.5,1,10,NULL,0,1,'2016-03-10',0),(515,'1015','F','2016-03-10',12,1,10,NULL,0,1,'2016-03-10',0),(516,'1016','F','2016-03-10',1.9,1,10,NULL,0,1,'2016-03-10',0),(518,'1018','F','2016-03-10',20.75,1,10,NULL,0,1,'2016-03-10',0),(519,'1019','F','2016-03-10',24,1,10,NULL,0,1,'2016-03-10',0),(520,'1020','F','2016-03-10',18.75,1,10,NULL,0,1,'2016-03-10',0),(521,'1021','F','2016-03-10',9.05,1,10,NULL,0,1,'2016-03-10',0),(522,'1022','F','2016-03-11',48,10,10,NULL,0,1,'2016-03-11',0),(523,'1023','F','2016-03-11',32.5,1,10,NULL,0,1,'2016-03-11',0),(524,'1024','F','2016-03-11',4,1,10,NULL,0,1,'2016-03-11',0),(525,'1025','F','2016-03-11',3.35,1,10,NULL,0,1,'2016-03-11',0),(526,'1026','F','2016-03-11',5,1,10,NULL,0,1,'2016-03-11',0),(527,'1027','F','2016-03-11',13.35,1,10,NULL,0,1,'2016-03-11',0),(528,'1028','F','2016-03-11',11,1,10,NULL,0,1,'2016-03-11',0),(529,'1029','F','2016-03-11',153.7,1,10,NULL,0,1,'2016-03-11',0),(530,'1030','F','2016-03-11',10.4,1,10,NULL,0,1,'2016-03-11',0),(531,'1031','F','2016-03-11',16.25,1,10,NULL,0,1,'2016-03-11',0),(532,'1032','F','2016-03-11',10,1,10,NULL,0,1,'2016-03-11',0),(533,'1033','F','2016-03-11',37.9,1,10,NULL,0,1,'2016-03-11',0),(534,'1034','F','2016-03-11',10,1,10,NULL,0,1,'2016-03-11',0),(535,'1035','F','2016-03-11',49.25,1,10,NULL,0,1,'2016-03-11',0),(536,'1036','F','2016-03-11',11.5,1,10,NULL,0,1,'2016-03-11',0),(537,'1037','F','2016-03-11',22.95,1,10,NULL,0,1,'2016-03-11',0),(538,'1038','F','2016-03-11',10,1,10,NULL,0,1,'2016-03-11',0),(539,'1039','F','2016-03-11',20,1,10,NULL,0,1,'2016-03-11',0),(540,'1040','F','2016-03-11',26.25,1,10,NULL,0,1,'2016-03-11',0),(541,'1041','F','2016-03-11',10,1,10,NULL,0,1,'2016-03-11',0),(542,'1042','F','2016-03-11',33.15,1,10,NULL,0,1,'2016-03-11',0),(543,'1043','F','2016-03-11',39,1,10,NULL,0,1,'2016-03-11',0),(544,'1044','F','2016-03-11',6.25,1,10,NULL,0,1,'2016-03-11',0),(545,'1045','F','2016-03-11',229.5,1,10,NULL,0,1,'2016-03-11',0),(546,'1046','F','2016-03-11',25,1,10,NULL,0,1,'2016-03-11',0),(547,'1047','F','2016-03-11',10,1,10,NULL,0,1,'2016-03-11',0),(548,'1048','F','2016-03-11',10.5,1,10,NULL,0,1,'2016-03-11',0),(549,'1049','F','2016-03-11',25.75,1,10,NULL,0,1,'2016-03-11',0),(550,'1050','F','2016-03-11',36,1,10,NULL,0,1,'2016-03-11',0),(551,'1051','F','2016-03-11',5.8,1,10,NULL,0,1,'2016-03-11',0),(552,'1052','F','2016-03-11',40.75,1,10,NULL,0,1,'2016-03-11',0),(553,'1053','F','2016-03-11',42.75,1,10,NULL,0,1,'2016-03-11',0),(554,'1054','F','2016-03-11',16.15,1,10,NULL,0,1,'2016-03-11',0),(555,'1055','F','2016-03-11',31.5,1,10,NULL,0,1,'2016-03-11',0),(556,'1056','F','2016-03-11',3.5,1,10,NULL,0,1,'2016-03-11',0),(557,'1057','F','2016-03-11',34.65,1,10,NULL,0,1,'2016-03-11',0),(558,'1058','F','2016-03-11',6.65,1,10,NULL,0,1,'2016-03-11',0),(559,'1059','F','2016-03-11',41.55,1,10,NULL,0,1,'2016-03-11',0),(560,'1060','F','2016-03-11',64.55,1,10,NULL,0,1,'2016-03-11',0),(561,'1061','F','2016-03-11',17.25,1,10,NULL,0,1,'2016-03-11',0),(562,'1062','F','2016-03-11',27.5,1,10,NULL,0,1,'2016-03-11',0),(563,'1063','F','2016-03-11',13.5,1,10,NULL,0,1,'2016-03-11',0),(564,'1064','F','2016-03-11',36.8,1,10,NULL,0,1,'2016-03-11',0),(565,'1065','F','2016-03-11',5.25,1,10,NULL,0,1,'2016-03-11',0),(566,'1066','F','2016-03-11',69.3,1,10,NULL,0,1,'2016-03-11',0),(567,'1067','F','2016-03-11',10,1,10,NULL,0,1,'2016-03-11',0),(568,'1068','F','2016-03-11',5.5,1,10,NULL,0,1,'2016-03-11',0),(569,'1069','F','2016-03-11',4,1,10,NULL,0,1,'2016-03-11',0),(570,'1070','F','2016-03-11',77.7,1,10,NULL,0,1,'2016-03-11',0),(571,'1071','F','2016-03-11',96,1,10,NULL,0,1,'2016-03-11',0),(572,'1072','F','2016-03-11',4.55,1,10,NULL,0,1,'2016-03-11',0),(573,'1073','F','2016-03-11',106.65,1,10,NULL,0,1,'2016-03-11',0),(574,'1074','F','2016-03-11',36.55,1,10,NULL,0,1,'2016-03-11',0),(575,'1075','F','2016-03-11',18.5,1,10,NULL,0,1,'2016-03-11',0),(576,'1076','F','2016-03-11',73.55,1,10,NULL,0,1,'2016-03-11',0),(577,'1077','F','2016-03-11',5,1,10,NULL,0,1,'2016-03-11',0),(578,'1078','F','2016-03-11',68.5,1,10,NULL,0,1,'2016-03-11',0),(579,'1079','F','2016-03-11',154,1,10,NULL,0,1,'2016-03-11',0),(580,'1080','F','2016-03-11',83.55,1,10,NULL,0,1,'2016-03-11',0),(581,'1081','F','2016-03-11',18,1,10,NULL,0,1,'2016-03-11',0),(582,'1082','F','2016-03-11',19.5,1,10,NULL,0,1,'2016-03-11',0),(583,'1083','F','2016-03-11',5.8,1,10,NULL,0,1,'2016-03-11',0),(584,'1084','F','2016-03-11',21.75,1,10,NULL,0,1,'2016-03-11',0),(585,'1085','F','2016-03-11',8,1,10,NULL,0,1,'2016-03-11',0),(586,'1086','F','2016-03-11',12,1,10,NULL,0,1,'2016-03-11',0),(587,'1087','F','2016-03-11',31.2,1,10,NULL,0,1,'2016-03-11',0),(588,'1088','F','2016-03-11',13.15,1,10,NULL,0,1,'2016-03-11',0),(589,'1089','F','2016-03-11',8.4,1,10,NULL,0,1,'2016-03-11',0),(590,'1090','F','2016-03-11',24.4,1,10,NULL,0,1,'2016-03-11',0),(591,'1091','F','2016-03-11',74.25,1,10,NULL,0,1,'2016-03-11',0),(592,'1092','F','2016-03-11',26.5,1,10,NULL,0,1,'2016-03-11',0),(593,'1093','F','2016-03-11',16.25,1,10,NULL,0,1,'2016-03-11',0),(594,'1094','F','2016-03-11',24,1,10,NULL,0,1,'2016-03-11',0),(595,'1095','F','2016-03-11',9.75,1,10,NULL,0,1,'2016-03-11',0),(596,'1096','F','2016-03-11',21,1,10,NULL,0,1,'2016-03-11',0),(597,'1097','F','2016-03-11',50.75,1,10,NULL,0,1,'2016-03-11',0),(598,'1098','F','2016-03-11',15.5,1,10,NULL,0,1,'2016-03-11',0),(599,'1099','F','2016-03-11',9.75,1,10,NULL,0,1,'2016-03-11',0),(600,'1100','F','2016-03-11',10,1,10,NULL,0,1,'2016-03-11',0),(601,'1101','F','2016-03-11',6,1,10,NULL,0,1,'2016-03-11',0),(602,'1102','F','2016-03-11',19.5,1,10,NULL,0,1,'2016-03-11',0),(603,'1103','F','2016-03-11',13,1,10,NULL,0,1,'2016-03-11',0),(604,'1104','F','2016-03-11',168.8,1,10,NULL,0,1,'2016-03-11',0),(605,'1105','F','2016-03-11',6.5,1,10,NULL,0,1,'2016-03-11',0),(606,'1106','F','2016-03-11',23.5,1,10,NULL,0,1,'2016-03-11',0),(607,'1107','F','2016-03-11',26.8,1,10,NULL,0,1,'2016-03-11',0),(608,'1108','F','2016-03-11',5.75,1,10,NULL,0,1,'2016-03-11',0),(609,'1109','F','2016-03-11',24,1,10,NULL,0,1,'2016-03-11',0),(610,'1110','F','2016-03-11',3,1,10,NULL,0,1,'2016-03-11',0),(611,'1111','F','2016-03-11',46.25,1,10,NULL,0,1,'2016-03-11',0),(612,'1112','F','2016-03-11',2.3,1,10,NULL,0,1,'2016-03-11',0),(613,'1113','F','2016-03-11',46.1,1,10,NULL,0,1,'2016-03-11',0),(614,'1114','F','2016-03-11',10,1,10,NULL,0,1,'2016-03-11',0),(615,'1115','F','2016-03-11',39.75,1,10,NULL,0,1,'2016-03-11',0),(616,'1116','F','2016-03-11',101.75,1,10,NULL,0,1,'2016-03-11',0),(617,'1117','F','2016-03-11',17.55,1,10,NULL,0,1,'2016-03-11',0),(618,'1118','F','2016-03-11',82.2,1,10,NULL,0,1,'2016-03-11',0),(619,'1119','F','2016-03-11',34.5,1,10,NULL,0,1,'2016-03-11',0),(620,'1120','F','2016-03-11',95,1,10,NULL,0,1,'2016-03-11',0),(621,'1121','F','2016-03-11',55.95,1,10,NULL,0,1,'2016-03-11',0),(622,'1122','F','2016-03-11',9.5,1,10,NULL,0,1,'2016-03-11',0),(623,'1123','F','2016-03-11',29,1,10,NULL,0,1,'2016-03-11',0),(624,'1124','F','2016-03-11',5,1,10,NULL,0,1,'2016-03-11',0),(625,'1125','F','2016-03-11',6.8,1,10,NULL,0,1,'2016-03-11',0),(626,'1126','F','2016-03-11',126.25,1,10,NULL,0,1,'2016-03-11',0),(627,'1127','F','2016-03-11',40,1,10,NULL,0,1,'2016-03-11',0),(628,'1128','F','2016-03-11',29.5,1,10,NULL,0,1,'2016-03-11',0),(629,'1129','F','2016-03-11',3.25,1,10,NULL,0,1,'2016-03-11',0),(630,'1130','F','2016-03-11',24,1,10,NULL,0,1,'2016-03-11',0),(631,'1131','F','2016-03-11',8.5,1,10,NULL,0,1,'2016-03-11',0),(632,'1132','F','2016-03-11',21.3,1,10,NULL,0,1,'2016-03-11',0),(633,'1133','F','2016-03-11',23,1,10,NULL,0,1,'2016-03-11',0),(634,'1134','F','2016-03-11',72,1,10,NULL,0,1,'2016-03-11',0),(635,'1135','F','2016-03-11',2.25,1,10,NULL,0,1,'2016-03-11',0),(636,'1136','F','2016-03-11',99,1,10,NULL,0,1,'2016-03-11',0),(637,'1137','F','2016-03-11',63.5,1,10,NULL,0,1,'2016-03-11',0),(639,'1139','F','2016-03-11',9,1,10,NULL,0,1,'2016-03-11',0),(640,'1140','F','2016-03-11',16.25,1,10,NULL,0,1,'2016-03-11',0),(641,'1141','F','2016-03-11',3.25,1,10,NULL,0,1,'2016-03-11',0),(642,'1142','F','2016-03-11',40.1,1,10,NULL,0,1,'2016-03-11',0),(643,'1143','F','2016-03-11',40,1,10,NULL,0,1,'2016-03-11',0),(644,'1144','F','2016-03-11',6,1,10,NULL,0,1,'2016-03-11',0),(645,'1145','F','2016-03-11',12,1,10,NULL,0,1,'2016-03-11',0),(646,'1146','F','2016-03-11',87.95,1,10,NULL,0,1,'2016-03-11',0),(647,'1147','F','2016-03-11',26.25,1,10,NULL,0,1,'2016-03-11',0),(648,'1148','F','2016-03-11',20,1,10,NULL,0,1,'2016-03-11',0),(649,'1149','F','2016-03-11',19.5,1,10,NULL,0,1,'2016-03-11',0),(650,'1150','F','2016-03-11',13.9,1,10,NULL,0,1,'2016-03-11',0),(651,'1151','F','2016-03-11',55.5,1,10,NULL,0,1,'2016-03-11',0),(652,'1152','F','2016-03-11',15,1,10,NULL,0,1,'2016-03-11',0),(653,'1153','F','2016-03-11',14,1,10,NULL,0,1,'2016-03-11',0),(654,'1154','F','2016-03-11',6.65,1,10,NULL,0,1,'2016-03-11',0),(655,'1155','F','2016-03-11',15,1,10,NULL,0,1,'2016-03-11',0),(656,'1156','F','2016-03-11',79.5,1,10,NULL,0,1,'2016-03-11',0),(657,'1157','F','2016-03-11',50.8,1,10,NULL,0,1,'2016-03-11',0),(658,'1158','F','2016-03-11',10,1,10,NULL,0,1,'2016-03-11',0),(659,'1159','F','2016-03-11',30.75,1,10,NULL,0,1,'2016-03-11',0),(660,'1160','F','2016-03-11',12,1,10,NULL,0,1,'2016-03-11',0),(661,'1161','F','2016-03-11',28,1,10,NULL,0,1,'2016-03-11',0),(662,'1162','F','2016-03-11',38,1,10,NULL,0,1,'2016-03-11',0),(663,'1163','F','2016-03-11',20.5,1,10,NULL,0,1,'2016-03-11',0),(664,'1164','F','2016-03-11',20,1,10,NULL,0,1,'2016-03-11',0),(665,'1165','F','2016-03-11',39.25,1,10,NULL,0,1,'2016-03-11',0),(666,'1166','F','2016-03-11',27.6,1,10,NULL,0,1,'2016-03-11',0),(667,'1167','F','2016-03-11',10,1,10,NULL,0,1,'2016-03-11',0),(669,'1169','F','2016-03-11',48.75,1,10,NULL,0,1,'2016-03-11',0),(670,'1170','F','2016-03-11',9.75,1,10,NULL,0,1,'2016-03-11',0),(671,'1171','F','2016-03-11',71.75,1,10,NULL,0,1,'2016-03-11',0),(672,'1172','F','2016-03-11',70,1,10,NULL,0,1,'2016-03-11',0),(673,'1173','F','2016-03-11',45,1,10,NULL,0,1,'2016-03-11',0),(674,'1174','F','2016-03-11',24,1,10,NULL,0,1,'2016-03-11',0),(675,'1175','F','2016-03-11',25.25,1,10,NULL,0,1,'2016-03-11',0),(676,'1176','F','2016-03-11',22.3,1,10,NULL,0,1,'2016-03-11',0),(677,'1177','F','2016-03-11',24.5,1,10,NULL,0,1,'2016-03-11',0),(679,'1179','F','2016-03-11',33.25,12,10,NULL,0,1,'2016-03-11',0),(680,'1180','F','2016-03-11',7.5,1,10,NULL,0,1,'2016-03-11',0),(681,'1181','F','2016-03-11',69.25,1,10,NULL,0,1,'2016-03-11',0),(682,'1182','F','2016-03-11',92.35,1,10,NULL,0,1,'2016-03-11',0),(683,'1183','F','2016-03-11',13.55,1,10,NULL,0,1,'2016-03-11',0),(684,'1184','F','2016-03-11',4.6,1,10,NULL,0,1,'2016-03-11',0),(685,'1185','F','2016-03-11',5,1,10,NULL,0,1,'2016-03-11',0),(686,'1186','F','2016-03-11',15.8,1,10,NULL,0,1,'2016-03-11',0),(687,'1187','F','2016-03-11',73.5,1,10,NULL,0,1,'2016-03-11',0),(688,'1188','F','2016-03-11',24,1,10,NULL,0,1,'2016-03-11',0),(689,'1189','F','2016-03-11',5,1,10,NULL,0,1,'2016-03-11',0),(690,'1190','F','2016-03-11',4,1,10,NULL,0,1,'2016-03-11',0),(691,'1191','F','2016-03-11',5.5,1,10,NULL,0,1,'2016-03-11',0),(692,'1192','F','2016-03-11',9,1,10,NULL,0,1,'2016-03-11',0),(693,'1193','F','2016-03-11',20,1,10,NULL,0,1,'2016-03-11',0),(694,'1194','F','2016-03-11',26.75,1,10,NULL,0,1,'2016-03-11',0),(695,'1195','F','2016-03-11',48,1,10,NULL,0,1,'2016-03-11',0),(696,'1196','F','2016-03-11',13.5,1,10,NULL,0,1,'2016-03-11',0),(697,'1197','F','2016-03-11',80,1,10,NULL,0,1,'2016-03-11',0),(698,'1198','F','2016-03-11',23.75,1,10,NULL,0,1,'2016-03-11',0),(699,'1199','F','2016-03-11',33.5,1,10,NULL,0,1,'2016-03-11',0),(700,'1200','F','2016-03-12',50.8,1,10,NULL,0,1,'2016-03-12',0),(701,'1201','F','2016-03-12',12,1,10,NULL,0,1,'2016-03-12',0),(702,'1202','F','2016-03-12',32.75,1,10,NULL,0,1,'2016-03-12',0),(703,'1203','F','2016-03-12',13.45,1,10,NULL,0,1,'2016-03-12',0),(704,'1204','F','2016-03-12',6,1,10,NULL,0,1,'2016-03-12',0),(705,'1205','F','2016-03-12',13,1,10,NULL,0,1,'2016-03-12',0),(706,'1206','F','2016-03-12',9.75,1,10,NULL,0,1,'2016-03-12',0),(707,'1207','F','2016-03-12',14,1,10,NULL,0,1,'2016-03-12',0),(708,'1208','F','2016-03-12',20,1,10,NULL,0,1,'2016-03-12',0),(709,'1209','F','2016-03-12',9,1,10,NULL,0,1,'2016-03-12',0),(710,'1210','F','2016-03-12',10.85,1,10,NULL,0,1,'2016-03-12',0),(711,'1211','F','2016-03-12',14,1,10,NULL,0,1,'2016-03-12',0),(712,'1212','F','2016-03-12',12.25,12,10,NULL,0,1,'2016-03-12',0),(713,'1213','F','2016-03-12',10.25,12,10,NULL,0,1,'2016-03-12',0),(714,'1214','F','2016-03-12',12,12,10,NULL,0,1,'2016-03-12',0),(715,'1215','F','2016-03-12',40.3,12,10,NULL,0,1,'2016-03-12',0),(716,'1216','F','2016-03-12',6.5,12,10,NULL,0,1,'2016-03-12',0),(717,'1217','F','2016-03-12',6,12,10,NULL,0,1,'2016-03-12',0),(718,'1218','F','2016-03-12',33.65,12,10,NULL,0,1,'2016-03-12',0),(719,'1219','F','2016-03-12',27.15,12,10,NULL,0,1,'2016-03-12',0),(720,'1220','F','2016-03-12',3.4,12,10,NULL,0,1,'2016-03-12',0),(721,'1221','F','2016-03-12',30,12,10,NULL,0,1,'2016-03-12',0),(722,'1222','F','2016-03-12',15.65,12,10,NULL,0,1,'2016-03-12',0),(723,'1223','F','2016-03-12',34.5,12,10,NULL,0,1,'2016-03-12',0),(724,'1224','F','2016-03-12',7.5,1,10,NULL,0,1,'2016-03-12',0),(725,'1225','F','2016-03-12',36,1,10,NULL,0,1,'2016-03-12',0),(726,'1226','F','2016-03-12',20.5,1,10,NULL,0,1,'2016-03-12',0),(727,'1227','F','2016-03-12',10,1,10,NULL,0,1,'2016-03-12',0),(728,'1228','F','2016-03-12',18.5,1,10,NULL,0,1,'2016-03-12',0),(729,'1229','F','2016-03-12',3.5,1,10,NULL,0,1,'2016-03-12',0),(730,'1230','F','2016-03-12',7.5,1,10,NULL,0,1,'2016-03-12',0),(731,'1231','F','2016-03-12',2.9,1,10,NULL,0,1,'2016-03-12',0),(732,'1232','F','2016-03-12',9.75,1,10,NULL,0,1,'2016-03-12',0),(733,'1233','F','2016-03-12',34,1,10,NULL,0,1,'2016-03-12',0),(734,'1234','F','2016-03-12',12,1,10,NULL,0,1,'2016-03-12',0),(735,'1235','F','2016-03-12',5.15,1,10,NULL,0,1,'2016-03-12',0),(736,'1236','F','2016-03-12',16.25,1,10,NULL,0,1,'2016-03-12',0),(737,'1237','F','2016-03-12',17,1,10,NULL,0,1,'2016-03-12',0),(738,'1238','F','2016-03-12',23,1,10,NULL,0,1,'2016-03-12',0),(739,'1239','F','2016-03-12',4.5,1,10,NULL,0,1,'2016-03-12',0),(740,'1240','F','2016-03-12',24.6,1,10,NULL,0,1,'2016-03-12',0),(741,'1241','F','2016-03-12',35.65,1,10,NULL,0,1,'2016-03-12',0),(742,'1242','F','2016-03-12',14.75,1,10,NULL,0,1,'2016-03-12',0),(743,'1243','F','2016-03-12',9.5,1,10,NULL,0,1,'2016-03-12',0),(744,'1244','F','2016-03-12',24,1,10,NULL,0,1,'2016-03-12',0),(745,'1245','F','2016-03-12',34.65,1,10,NULL,0,1,'2016-03-12',0),(746,'1246','F','2016-03-12',17.35,1,10,NULL,0,1,'2016-03-12',0),(748,'1248','F','2016-03-12',95,1,10,NULL,0,1,'2016-03-12',0),(749,'1249','F','2016-03-12',30.75,1,10,NULL,0,1,'2016-03-12',0),(750,'1250','F','2016-03-12',116,1,10,NULL,0,1,'2016-03-12',0),(751,'1251','F','2016-03-12',30.25,1,10,NULL,0,1,'2016-03-12',0),(752,'1252','F','2016-03-12',20.75,1,10,NULL,0,1,'2016-03-12',0),(753,'1253','F','2016-03-12',32.5,1,10,NULL,0,1,'2016-03-12',0),(754,'1254','F','2016-03-12',96,1,10,NULL,0,1,'2016-03-12',0),(755,'1255','F','2016-03-12',33.75,1,10,NULL,0,1,'2016-03-12',0),(756,'1256','F','2016-03-12',17,1,10,NULL,0,1,'2016-03-12',0),(757,'1257','F','2016-03-12',132,1,10,NULL,0,1,'2016-03-12',0),(758,'1258','F','2016-03-12',24.5,1,10,NULL,0,1,'2016-03-12',0),(759,'1259','F','2016-03-12',31,1,10,NULL,0,1,'2016-03-12',0),(760,'1260','F','2016-03-12',10.85,1,10,NULL,0,1,'2016-03-12',0),(761,'1261','F','2016-03-12',149.75,1,10,NULL,0,1,'2016-03-12',0),(762,'1262','F','2016-03-12',38.65,1,10,NULL,0,1,'2016-03-12',0),(763,'1263','F','2016-03-12',132.35,13,10,NULL,0,1,'2016-03-12',0),(764,'1264','F','2016-03-12',152,1,10,NULL,0,1,'2016-03-12',0),(765,'1265','F','2016-03-12',27.8,1,10,NULL,0,1,'2016-03-12',0),(766,'1266','F','2016-03-12',29.7,1,10,NULL,0,1,'2016-03-12',0),(767,'1267','F','2016-03-12',234,1,10,NULL,0,1,'2016-03-12',0),(768,'1268','F','2016-03-12',9.75,1,10,NULL,0,1,'2016-03-12',0),(769,'1269','F','2016-03-12',24,1,10,NULL,0,1,'2016-03-12',0),(770,'1270','F','2016-03-12',9.75,1,10,NULL,0,1,'2016-03-12',0),(771,'1271','F','2016-03-12',36.4,1,10,NULL,0,1,'2016-03-12',0),(772,'1272','F','2016-03-12',95.8,1,10,NULL,0,1,'2016-03-12',0),(773,'1273','F','2016-03-12',45.9,1,10,NULL,0,1,'2016-03-12',0),(774,'1274','F','2016-03-12',19,1,10,NULL,0,1,'2016-03-12',0),(775,'1275','F','2016-03-12',37,1,10,NULL,0,1,'2016-03-12',0),(776,'1276','F','2016-03-12',15,1,10,NULL,0,1,'2016-03-12',0),(777,'1277','F','2016-03-12',9.3,1,10,NULL,0,1,'2016-03-12',0),(778,'1278','F','2016-03-12',6,1,10,NULL,0,1,'2016-03-12',0),(779,'1279','F','2016-03-12',13.5,1,10,NULL,0,1,'2016-03-12',0),(780,'1280','F','2016-03-12',6,1,10,NULL,0,1,'2016-03-12',0),(781,'1281','F','2016-03-12',17.25,1,10,NULL,0,1,'2016-03-12',0),(782,'1282','F','2016-03-12',19,13,10,NULL,0,1,'2016-03-12',0),(783,'1283','F','2016-03-12',11,13,10,NULL,0,1,'2016-03-12',0),(784,'1284','F','2016-03-12',32,13,10,NULL,0,1,'2016-03-12',0),(785,'1285','F','2016-03-12',47.25,13,10,NULL,0,1,'2016-03-12',0),(786,'1286','F','2016-03-12',23.25,13,10,NULL,0,1,'2016-03-12',0),(787,'1287','F','2016-03-12',3.8,13,10,NULL,0,1,'2016-03-12',0),(788,'1288','F','2016-03-12',91.5,13,10,NULL,0,1,'2016-03-12',0),(789,'1289','F','2016-03-12',10,13,10,NULL,0,1,'2016-03-12',0),(790,'1290','F','2016-03-12',64.1,1,10,NULL,0,1,'2016-03-12',0),(791,'1291','F','2016-03-12',6,1,10,NULL,0,1,'2016-03-12',0),(792,'1292','F','2016-03-12',16.9,1,10,NULL,0,1,'2016-03-12',0),(793,'1293','F','2016-03-12',15,1,10,NULL,0,1,'2016-03-12',0),(794,'1294','F','2016-03-12',99.5,1,10,NULL,0,1,'2016-03-12',0),(795,'1295','F','2016-03-12',36.1,1,10,NULL,0,1,'2016-03-12',0),(796,'1296','F','2016-03-12',8.75,1,10,NULL,0,1,'2016-03-12',0),(797,'1297','F','2016-03-12',10,1,10,NULL,0,1,'2016-03-12',0),(798,'1298','F','2016-03-12',11,1,10,NULL,0,1,'2016-03-12',0),(799,'1299','F','2016-03-12',13.5,1,10,NULL,0,1,'2016-03-12',0),(800,'1300','F','2016-03-12',7,1,10,NULL,0,1,'2016-03-12',0),(801,'1301','F','2016-03-12',50,1,10,NULL,0,1,'2016-03-12',0),(802,'1302','F','2016-03-12',12.4,1,10,NULL,0,1,'2016-03-12',0),(803,'1303','F','2016-03-12',3,1,10,NULL,0,1,'2016-03-12',0),(804,'1304','F','2016-03-12',24,1,10,NULL,0,1,'2016-03-12',0),(805,'1305','F','2016-03-12',76.65,1,10,NULL,0,1,'2016-03-12',0),(806,'1306','F','2016-03-12',132,14,10,NULL,0,1,'2016-03-12',0),(807,'1307','F','2016-03-12',19.5,1,10,NULL,0,1,'2016-03-12',0),(808,'1308','F','2016-03-12',19,1,10,NULL,0,1,'2016-03-12',0),(809,'1309','F','2016-03-12',320.55,1,10,NULL,0,1,'2016-03-12',0),(810,'1310','F','2016-03-12',125.1,1,10,NULL,0,1,'2016-03-12',0),(811,'1311','F','2016-03-12',24.85,1,10,NULL,0,1,'2016-03-12',0),(812,'1312','F','2016-03-12',87.15,1,10,NULL,0,1,'2016-03-12',0),(813,'1313','F','2016-03-12',17.25,1,10,NULL,0,1,'2016-03-12',0),(814,'1314','F','2016-03-12',29.25,1,10,NULL,0,1,'2016-03-12',0),(815,'1315','F','2016-03-12',9,1,10,NULL,0,1,'2016-03-12',0),(816,'1316','F','2016-03-12',5,1,10,NULL,0,1,'2016-03-12',0),(817,'1317','F','2016-03-12',15,1,10,NULL,0,1,'2016-03-12',0),(818,'1318','F','2016-03-12',55,1,10,NULL,0,1,'2016-03-12',0),(819,'1319','F','2016-03-12',36,1,10,NULL,0,1,'2016-03-12',0),(820,'1320','F','2016-03-12',12,1,10,NULL,0,1,'2016-03-12',0),(821,'1321','F','2016-03-12',9,1,10,NULL,0,1,'2016-03-12',0),(822,'1322','F','2016-03-12',31.5,1,10,NULL,0,1,'2016-03-12',0),(823,'1323','F','2016-03-12',47.1,1,10,NULL,0,1,'2016-03-12',0),(824,'1324','F','2016-03-12',55.3,1,10,NULL,0,1,'2016-03-12',0),(825,'1325','F','2016-03-12',87.35,1,10,NULL,0,1,'2016-03-12',0),(826,'1326','F','2016-03-12',69.75,1,10,NULL,0,1,'2016-03-12',0),(827,'1327','F','2016-03-12',74.6,1,10,NULL,0,1,'2016-03-12',0),(828,'1328','F','2016-03-12',80,1,10,NULL,0,1,'2016-03-12',0),(829,'1329','F','2016-03-12',24,1,10,NULL,0,1,'2016-03-12',0),(830,'1330','F','2016-03-12',24,1,10,NULL,0,1,'2016-03-12',0),(831,'1331','F','2016-03-12',5.8,1,10,NULL,0,1,'2016-03-12',0),(832,'1332','F','2016-03-12',30,1,10,NULL,0,1,'2016-03-12',0),(833,'1333','F','2016-03-12',12.5,1,10,NULL,0,1,'2016-03-12',0),(834,'1334','F','2016-03-12',10,1,10,NULL,0,1,'2016-03-12',0),(835,'1335','F','2016-03-12',4,1,10,NULL,0,1,'2016-03-12',0),(836,'1336','F','2016-03-12',13.5,1,10,NULL,0,1,'2016-03-12',0),(837,'1337','F','2016-03-12',6,1,10,NULL,0,1,'2016-03-12',0),(838,'1338','F','2016-03-12',30.25,1,10,NULL,0,1,'2016-03-12',0),(839,'1339','F','2016-03-12',8.7,1,10,NULL,0,1,'2016-03-12',0),(840,'1340','F','2016-03-12',43.5,1,10,NULL,0,1,'2016-03-12',0),(841,'1341','F','2016-03-12',8.5,1,10,NULL,0,1,'2016-03-12',0),(842,'1342','F','2016-03-12',18,1,10,NULL,0,1,'2016-03-12',0),(843,'1343','F','2016-03-12',41.55,1,10,NULL,0,1,'2016-03-12',0),(844,'1344','F','2016-03-12',60,1,10,NULL,0,1,'2016-03-12',0),(845,'1345','F','2016-03-12',11,1,10,NULL,0,1,'2016-03-12',0),(846,'1346','F','2016-03-12',20.15,1,10,NULL,0,1,'2016-03-12',0),(847,'1347','F','2016-03-12',17,1,10,NULL,0,1,'2016-03-12',0),(848,'1348','F','2016-03-12',8,1,10,NULL,0,1,'2016-03-12',0),(849,'1349','F','2016-03-12',142.15,1,10,NULL,0,1,'2016-03-12',0),(850,'1350','F','2016-03-12',26.6,1,10,NULL,0,1,'2016-03-12',0),(851,'1351','F','2016-03-12',12,1,10,NULL,0,1,'2016-03-12',0),(852,'1352','F','2016-03-12',9.75,1,10,NULL,0,1,'2016-03-12',0),(853,'1353','F','2016-03-12',48.5,1,10,NULL,0,1,'2016-03-12',0),(854,'1354','F','2016-03-12',16.5,1,10,NULL,0,1,'2016-03-12',0),(855,'1355','F','2016-03-12',4,1,10,NULL,0,1,'2016-03-12',0),(856,'1356','F','2016-03-12',26.5,1,10,NULL,0,1,'2016-03-12',0),(857,'1357','F','2016-03-12',5.25,1,10,NULL,0,1,'2016-03-12',0),(858,'1358','F','2016-03-12',23,1,10,NULL,0,1,'2016-03-12',0),(859,'1359','F','2016-03-12',19.5,1,10,NULL,0,1,'2016-03-12',0),(860,'1360','F','2016-03-12',3.75,1,10,NULL,0,1,'2016-03-12',0),(861,'1361','F','2016-03-12',6.5,1,10,NULL,0,1,'2016-03-12',0),(862,'1362','F','2016-03-12',21,1,10,NULL,0,1,'2016-03-12',0),(863,'1363','F','2016-03-12',16,1,10,NULL,0,1,'2016-03-12',0),(864,'1364','F','2016-03-12',6.7,1,10,NULL,0,1,'2016-03-12',0),(865,'1365','F','2016-03-12',10.4,1,10,NULL,0,1,'2016-03-12',0),(866,'1366','F','2016-03-12',10,1,10,NULL,0,1,'2016-03-12',0),(867,'1367','F','2016-03-12',30,1,10,NULL,0,1,'2016-03-12',0),(868,'1368','F','2016-03-12',14.75,1,10,NULL,0,1,'2016-03-12',0),(869,'1369','F','2016-03-12',3.25,1,10,NULL,0,1,'2016-03-12',0),(870,'1370','F','2016-03-12',10.7,1,10,NULL,0,1,'2016-03-12',0),(871,'1371','F','2016-03-12',10.25,1,10,NULL,0,1,'2016-03-12',0),(873,'1373','F','2016-03-12',16.9,1,10,NULL,0,1,'2016-03-12',0),(874,'1374','F','2016-03-12',23,1,10,NULL,0,1,'2016-03-12',0),(875,'1375','F','2016-03-12',10.35,1,10,NULL,0,1,'2016-03-12',0),(876,'1376','F','2016-03-12',32.5,1,10,NULL,0,1,'2016-03-12',0),(877,'1377','F','2016-03-12',59.1,1,10,NULL,0,1,'2016-03-12',0),(878,'1378','F','2016-03-12',15.5,1,10,NULL,0,1,'2016-03-12',0),(879,'1379','F','2016-03-12',10,1,10,NULL,0,1,'2016-03-12',0),(880,'1380','F','2016-03-12',30,1,10,NULL,0,1,'2016-03-12',0),(881,'1381','F','2016-03-12',4,1,10,NULL,0,1,'2016-03-12',0),(882,'1382','F','2016-03-12',61,1,10,NULL,0,1,'2016-03-12',0),(883,'1383','F','2016-03-13',51.75,15,10,NULL,0,1,'2016-03-13',0),(884,'1384','F','2016-03-13',6,1,10,NULL,0,1,'2016-03-13',0),(885,'1385','F','2016-03-13',12.75,1,10,NULL,0,1,'2016-03-13',0),(886,'1386','F','2016-03-13',90.2,1,10,NULL,0,1,'2016-03-13',0),(887,'1387','F','2016-03-13',18.35,1,10,NULL,0,1,'2016-03-13',0),(888,'1388','F','2016-03-13',6.7,1,10,NULL,0,1,'2016-03-13',0),(889,'1389','F','2016-03-13',39,1,10,NULL,0,1,'2016-03-13',0),(890,'1390','F','2016-03-13',0.85,1,10,NULL,0,1,'2016-03-13',0),(891,'1391','F','2016-03-13',5,1,10,NULL,0,1,'2016-03-13',0),(892,'1392','F','2016-03-13',4,1,10,NULL,0,1,'2016-03-13',0),(893,'1393','F','2016-03-13',5.5,1,10,NULL,0,1,'2016-03-13',0),(894,'1394','F','2016-03-13',20.25,1,10,NULL,0,1,'2016-03-13',0),(895,'1395','F','2016-03-13',2.9,1,10,NULL,0,1,'2016-03-13',0),(896,'1396','F','2016-03-13',30.75,1,10,NULL,0,1,'2016-03-13',0),(897,'1397','F','2016-03-13',14.25,1,10,NULL,0,1,'2016-03-13',0),(898,'1398','F','2016-03-13',24,1,10,NULL,0,1,'2016-03-13',0),(899,'1399','F','2016-03-13',15.05,1,10,NULL,0,1,'2016-03-13',0),(900,'1400','F','2016-03-13',33.75,1,10,NULL,0,1,'2016-03-13',0),(901,'1401','F','2016-03-13',11.75,1,10,NULL,0,1,'2016-03-13',0),(902,'1402','F','2016-03-13',19.9,1,10,NULL,0,1,'2016-03-13',0),(903,'1403','F','2016-03-13',9,1,10,NULL,0,1,'2016-03-13',0),(904,'1404','F','2016-03-13',132,1,10,NULL,0,1,'2016-03-13',0),(905,'1405','F','2016-03-13',70,1,10,NULL,0,1,'2016-03-13',0),(906,'1406','F','2016-03-13',4.5,1,10,NULL,0,1,'2016-03-13',0),(907,'1407','F','2016-03-13',23.5,1,10,NULL,0,1,'2016-03-13',0),(908,'1408','F','2016-03-13',23.75,1,10,NULL,0,1,'2016-03-13',0),(909,'1409','F','2016-03-13',10,1,10,NULL,0,1,'2016-03-13',0),(910,'1410','F','2016-03-13',34.5,1,10,NULL,0,1,'2016-03-13',0),(911,'1411','F','2016-03-13',5.5,1,10,NULL,0,1,'2016-03-13',0),(912,'1412','F','2016-03-13',64,1,10,NULL,0,1,'2016-03-13',0),(913,'1413','F','2016-03-13',19.4,1,10,NULL,0,1,'2016-03-13',0),(915,'1415','F','2016-03-13',46.35,1,10,NULL,0,1,'2016-03-13',0),(916,'1416','F','2016-03-13',13.75,1,10,NULL,0,1,'2016-03-13',0),(917,'1417','F','2016-03-13',1.9,1,10,NULL,0,1,'2016-03-13',0),(918,'1418','F','2016-03-13',6.5,1,10,NULL,0,1,'2016-03-13',0),(919,'1419','F','2016-03-13',13.5,1,10,NULL,0,1,'2016-03-13',0),(920,'1420','F','2016-03-13',34.2,1,10,NULL,0,1,'2016-03-13',0),(921,'1421','F','2016-03-13',6.5,1,10,NULL,0,1,'2016-03-13',0),(922,'1422','F','2016-03-13',15,1,10,NULL,0,1,'2016-03-13',0),(923,'1423','F','2016-03-13',48,1,10,NULL,0,1,'2016-03-13',0),(924,'1424','F','2016-03-13',9.55,1,10,NULL,0,1,'2016-03-13',0),(925,'1425','F','2016-03-13',12,1,10,NULL,0,1,'2016-03-13',0),(926,'1426','F','2016-03-13',18.25,1,10,NULL,0,1,'2016-03-13',0),(927,'1427','F','2016-03-13',19,1,10,NULL,0,1,'2016-03-13',0),(928,'1428','F','2016-03-13',19,1,10,NULL,0,1,'2016-03-13',0),(929,'1429','F','2016-03-13',62.5,1,10,NULL,0,1,'2016-03-13',0),(930,'1430','F','2016-03-13',12,1,10,NULL,0,1,'2016-03-13',0),(931,'1431','F','2016-03-13',8.5,1,10,NULL,0,1,'2016-03-13',0),(932,'1432','F','2016-03-13',20,1,10,NULL,0,1,'2016-03-13',0),(933,'1433','F','2016-03-13',21.3,1,10,NULL,0,1,'2016-03-13',0),(934,'1434','F','2016-03-13',46.5,1,10,NULL,0,1,'2016-03-13',0),(935,'1435','F','2016-03-13',5.8,1,10,NULL,0,1,'2016-03-13',0),(936,'1436','F','2016-03-13',11.6,1,10,NULL,0,1,'2016-03-13',0),(937,'1437','F','2016-03-13',54.2,1,10,NULL,0,1,'2016-03-13',0),(938,'1438','F','2016-03-13',90.05,1,10,NULL,0,1,'2016-03-13',0),(939,'1439','F','2016-03-13',12,1,10,NULL,0,1,'2016-03-13',0),(940,'1440','F','2016-03-13',28,1,10,NULL,0,1,'2016-03-13',0),(941,'1441','F','2016-03-13',18,1,10,NULL,0,1,'2016-03-13',0),(942,'1442','F','2016-03-13',6.75,1,10,NULL,0,1,'2016-03-13',0),(943,'1443','F','2016-03-13',17.25,1,10,NULL,0,1,'2016-03-13',0),(944,'1444','F','2016-03-13',11.9,1,10,NULL,0,1,'2016-03-13',0),(945,'1445','F','2016-03-13',21.25,1,10,NULL,0,1,'2016-03-13',0),(946,'1446','F','2016-03-13',10.5,1,10,NULL,0,1,'2016-03-13',0),(947,'1447','F','2016-03-13',92.5,16,10,NULL,0,1,'2016-03-13',0),(948,'1448','F','2016-03-13',5,1,10,NULL,0,1,'2016-03-13',0),(949,'1449','F','2016-03-13',40.8,1,10,NULL,0,1,'2016-03-13',0),(950,'1450','F','2016-03-13',26.55,1,10,NULL,0,1,'2016-03-13',0),(951,'1451','F','2016-03-13',13.5,1,10,NULL,0,1,'2016-03-13',0),(952,'1452','F','2016-03-13',4,1,10,NULL,0,1,'2016-03-13',0),(953,'1453','F','2016-03-13',8,1,10,NULL,0,1,'2016-03-13',0),(954,'1454','F','2016-03-13',12,1,10,NULL,0,1,'2016-03-13',0),(955,'1455','F','2016-03-13',18.35,1,10,NULL,0,1,'2016-03-13',0),(956,'1456','F','2016-03-13',54,1,10,NULL,0,1,'2016-03-13',0),(957,'1457','F','2016-03-13',26.5,1,10,NULL,0,1,'2016-03-13',0),(958,'1458','F','2016-03-13',30.75,1,10,NULL,0,1,'2016-03-13',0),(959,'1459','F','2016-03-13',3,1,10,NULL,0,1,'2016-03-13',0),(960,'1460','F','2016-03-13',126,1,10,NULL,0,1,'2016-03-13',0),(961,'1461','F','2016-03-13',15.8,1,10,NULL,0,1,'2016-03-13',0),(962,'1462','F','2016-03-13',43.1,1,10,NULL,0,1,'2016-03-13',0),(963,'1463','F','2016-03-13',51.75,1,10,NULL,0,1,'2016-03-13',0),(964,'1464','F','2016-03-13',5.65,1,10,NULL,0,1,'2016-03-13',0),(965,'1465','F','2016-03-13',37,1,10,NULL,0,1,'2016-03-13',0),(966,'1466','F','2016-03-13',57.5,1,10,NULL,0,1,'2016-03-13',0),(967,'1467','F','2016-03-13',24,1,10,NULL,0,1,'2016-03-13',0),(968,'1468','F','2016-03-13',8.5,1,10,NULL,0,1,'2016-03-13',0),(969,'1469','F','2016-03-13',33.5,1,10,NULL,0,1,'2016-03-13',0),(970,'1470','F','2016-03-13',7.5,1,10,NULL,0,1,'2016-03-13',0),(971,'1471','F','2016-03-13',10,1,10,NULL,0,1,'2016-03-13',0),(972,'1472','F','2016-03-13',16.8,1,10,NULL,0,1,'2016-03-13',0),(973,'1473','F','2016-03-13',29,1,10,NULL,0,1,'2016-03-13',0),(974,'1474','F','2016-03-13',35,1,10,NULL,0,1,'2016-03-13',0),(975,'1475','F','2016-03-13',28.1,1,10,NULL,0,1,'2016-03-13',0),(976,'1476','F','2016-03-13',93.7,1,10,NULL,0,1,'2016-03-13',0),(977,'1477','F','2016-03-13',96.5,1,10,NULL,0,1,'2016-03-13',0),(978,'1478','F','2016-03-13',40.7,1,10,NULL,0,1,'2016-03-13',0),(979,'1479','F','2016-03-13',59.5,17,10,NULL,0,1,'2016-03-13',0),(980,'1480','F','2016-03-13',54,1,10,NULL,0,1,'2016-03-13',0),(981,'1481','F','2016-03-13',9,1,10,NULL,0,1,'2016-03-13',0),(983,'1483','F','2016-03-13',90,1,10,NULL,0,1,'2016-03-13',0),(984,'1484','F','2016-03-13',13.25,1,10,NULL,0,1,'2016-03-13',0),(985,'1485','F','2016-03-13',7.5,1,10,NULL,0,1,'2016-03-13',0),(986,'1486','F','2016-03-13',6,1,10,NULL,0,1,'2016-03-13',0),(987,'1487','F','2016-03-13',12.25,1,10,NULL,0,1,'2016-03-13',0),(988,'1488','F','2016-03-13',3.8,1,10,NULL,0,1,'2016-03-13',0),(989,'1489','F','2016-03-13',42,1,10,NULL,0,1,'2016-03-13',0),(990,'1490','F','2016-03-13',6.35,1,10,NULL,0,1,'2016-03-13',0),(991,'1491','F','2016-03-13',9.65,1,10,NULL,0,1,'2016-03-13',0),(992,'1492','F','2016-03-13',38.75,1,10,NULL,0,1,'2016-03-13',0),(993,'1493','F','2016-03-13',55.5,1,10,NULL,0,1,'2016-03-13',0),(994,'1494','F','2016-03-13',6.7,1,10,NULL,0,1,'2016-03-13',0),(995,'1495','F','2016-03-13',22.3,1,10,NULL,0,1,'2016-03-13',0),(996,'1496','F','2016-03-13',48.65,1,10,NULL,0,1,'2016-03-13',0),(997,'1497','F','2016-03-13',5.25,1,10,NULL,0,1,'2016-03-13',0),(998,'1498','F','2016-03-13',23.75,1,10,NULL,0,1,'2016-03-13',0),(999,'1499','F','2016-03-13',175.7,18,10,NULL,0,1,'2016-03-13',0),(1000,'1500','F','2016-03-13',35,1,10,NULL,0,1,'2016-03-13',0),(1001,'1501','F','2016-03-13',5,1,10,NULL,0,1,'2016-03-13',0),(1002,'1502','F','2016-03-13',10.5,1,10,NULL,0,1,'2016-03-13',0),(1003,'1503','F','2016-03-13',51.5,1,10,NULL,0,1,'2016-03-13',0),(1004,'1504','F','2016-03-13',9,1,10,NULL,0,1,'2016-03-13',0),(1005,'1505','F','2016-03-13',31,1,10,NULL,0,1,'2016-03-13',0),(1006,'1506','F','2016-03-13',15.3,1,10,NULL,0,1,'2016-03-13',0),(1007,'1507','F','2016-03-13',5.8,1,10,NULL,0,1,'2016-03-13',0),(1008,'1508','F','2016-03-13',32,1,10,NULL,0,1,'2016-03-13',0),(1009,'1509','F','2016-03-13',78.7,1,10,NULL,0,1,'2016-03-13',0),(1010,'1510','F','2016-03-13',13.75,1,10,NULL,0,1,'2016-03-13',0),(1011,'1511','F','2016-03-13',10,1,10,NULL,0,1,'2016-03-13',0),(1012,'1512','F','2016-03-13',11,1,10,NULL,0,1,'2016-03-13',0),(1013,'1513','F','2016-03-13',172.3,1,10,NULL,0,1,'2016-03-13',0),(1014,'1514','F','2016-03-13',25,1,10,NULL,0,1,'2016-03-13',0),(1015,'1515','F','2016-03-13',11.9,1,10,NULL,0,1,'2016-03-13',0),(1017,'1517','F','2016-07-10',12,13,1,NULL,0,1,'2016-07-10',0),(1020,'1520','T','2016-08-24',48,19,1,NULL,48,3,'2016-09-23',0);
/*!40000 ALTER TABLE `salida` ENABLE KEYS */;
UNLOCK TABLES;

--
-- Table structure for table `tipopago`
--

DROP TABLE IF EXISTS `tipopago`;
/*!40101 SET @saved_cs_client     = @@character_set_client */;
/*!40101 SET character_set_client = utf8 */;
CREATE TABLE `tipopago` (
  `idtipopago` int(11) NOT NULL AUTO_INCREMENT,
  `descripcion` varchar(100) CHARACTER SET utf8 NOT NULL,
  `dias` int(11) DEFAULT NULL,
  PRIMARY KEY (`idtipopago`)
) ENGINE=InnoDB AUTO_INCREMENT=8 DEFAULT CHARSET=utf8 COLLATE=utf8_unicode_ci;
/*!40101 SET character_set_client = @saved_cs_client */;

--
-- Dumping data for table `tipopago`
--

LOCK TABLES `tipopago` WRITE;
/*!40000 ALTER TABLE `tipopago` DISABLE KEYS */;
INSERT INTO `tipopago` VALUES (1,'CONTADO',0),(2,'CREDITO 15 DIAS',15),(3,'CREDITO 30 DIAS',30),(4,'CREDITO 60 DIAS',60),(5,'CREDITO 90 DIAS',90),(6,'CREDITO 120 DIAS',120),(7,'CREDITO 150 DIAS',150);
/*!40000 ALTER TABLE `tipopago` ENABLE KEYS */;
UNLOCK TABLES;

--
-- Table structure for table `unidad`
--

DROP TABLE IF EXISTS `unidad`;
/*!40101 SET @saved_cs_client     = @@character_set_client */;
/*!40101 SET character_set_client = utf8 */;
CREATE TABLE `unidad` (
  `idunidad` int(11) NOT NULL AUTO_INCREMENT,
  `Nombre` varchar(45) CHARACTER SET utf8 DEFAULT NULL,
  `fec_reg` date DEFAULT NULL,
  `Estado` char(1) CHARACTER SET utf8 DEFAULT 'T',
  PRIMARY KEY (`idunidad`),
  UNIQUE KEY `Nombre_UNIQUE` (`Nombre`)
) ENGINE=InnoDB AUTO_INCREMENT=159 DEFAULT CHARSET=utf8 COLLATE=utf8_unicode_ci;
/*!40101 SET character_set_client = @saved_cs_client */;

--
-- Dumping data for table `unidad`
--

LOCK TABLES `unidad` WRITE;
/*!40000 ALTER TABLE `unidad` DISABLE KEYS */;
INSERT INTO `unidad` VALUES (1,'TALLA 2 MM','2016-03-05','T'),(2,'Media Libra','2016-03-05','T'),(3,'2 LBS','2016-03-05','T'),(4,'560 G','2016-03-05','T'),(5,'150 G','2016-03-05','T'),(6,'730 G','2016-03-05','T'),(7,'310 G','2016-03-05','T'),(8,'3400 ML','2016-03-05','T'),(9,'1500 ML','2016-03-05','T'),(10,'445 ML','2016-03-05','T'),(11,'175 ML','2016-03-05','T'),(12,'400 ML','2016-03-05','T'),(13,'170 ML','2016-03-05','T'),(14,'3000 ML','2016-03-05','T'),(15,'946 ML','2016-03-05','T'),(16,'54 G','2016-03-05','T'),(17,'106 G','2016-03-05','T'),(18,'105 G','2016-03-05','T'),(19,'400 G','2016-03-05','T'),(20,'450 G','2016-03-05','T'),(21,'85 G','2016-03-05','T'),(22,'260 ML','2016-03-05','T'),(23,'330 ML','2016-03-05','T'),(25,'552 ML','2016-03-05','T'),(26,'600 ML','2016-03-05','T'),(27,'200 ML','2016-03-05','T'),(28,'ROLLO','2016-03-05','T'),(29,'335 G','2016-03-05','T'),(30,'64 G','2016-03-05','T'),(31,'900 G','2016-03-05','T'),(32,' 1 KG','2016-03-05','T'),(33,'250 G','2016-03-05','T'),(35,'MEDIO KILO','2016-03-05','T'),(36,'100 G','2016-03-05','T'),(37,'1 LT','2016-03-05','T'),(38,'1 GALON','2016-03-05','T'),(39,'3 BOLAS','2016-03-05','T'),(40,'4 BOLAS','2016-03-05','T'),(41,'225 G','2016-03-05','T'),(42,'170 G','2016-03-05','T'),(43,'340 G','2016-03-05','T'),(44,'4 BARRAS','2016-03-05','T'),(45,'12 UNIDADES','2016-03-05','T'),(46,'6 UNIDADES','2016-03-05','T'),(47,'24 UNIDADES','2016-03-05','T'),(48,'900 ML','2016-03-05','T'),(49,'4 ROLLOS','2016-03-05','T'),(50,'6 ROLLOS','2016-03-05','T'),(51,'12 ROLLOS','2016-03-05','T'),(52,'MEDIO LITRO','2016-03-05','T'),(53,'50 UNIDADES','2016-03-05','T'),(54,'25 PIES','2016-03-05','T'),(55,'PAQUETE','2016-03-05','T'),(56,'100 UNIDADES','2016-03-05','T'),(57,'18 UNIDADES','2016-03-05','T'),(58,'UNIDAD','2016-03-05','T'),(59,'1 LB','2016-03-05','T'),(60,'1 KILO','2016-03-05','T'),(61,'50 G','2016-03-05','T'),(62,'180 G','2016-03-05','T'),(63,'200 G','2016-03-05','T'),(64,'SOBRE 60 G','2016-03-05','T'),(65,'SOBRE 76G','2016-03-05','T'),(66,'SOBRE 156 G','2016-03-05','T'),(67,'SOBRE 8 OZ','2016-03-05','T'),(68,'397 G','2016-03-05','T'),(69,'15 OZ','2016-03-05','T'),(70,'5.5 OZ','2016-03-05','T'),(71,'10.5 OZ','2016-03-05','T'),(72,'29 OZ','2016-03-05','T'),(74,'220 G','2016-03-06','T'),(75,'SOBRE 4 OZ','2016-03-06','T'),(76,'30 OZ','2016-03-06','T'),(77,'90 ML','2016-03-06','T'),(78,'155 ML','2016-03-06','T'),(79,'14 OZ','2016-03-06','T'),(80,'3 OZ','2016-03-06','T'),(81,'5 OZ','2016-03-06','T'),(83,'SOBRES 25G','2016-03-06','T'),(84,'454 G','2016-03-06','T'),(85,'227 G','2016-03-06','T'),(86,'LIBRA Y MEDIA','2016-03-06','T'),(87,'DOS LIBRAS','2016-03-06','T'),(88,'FRASCOS','2016-03-06','T'),(89,'CAJA','2016-03-06','T'),(90,'19 OZ','2016-03-06','T'),(91,'BOLSA 20 PALETAS','2016-03-06','T'),(92,'BOLSA 24 PIEZAS','2016-03-06','T'),(93,'115 ML','2016-03-07','T'),(94,'148 ML','2016-03-07','T'),(95,'GRANDE','2016-03-07','T'),(96,'MEDIANO','2016-03-07','T'),(97,'PEQUEÑO','2016-03-07','T'),(98,'CAJA 100 SOBRES','2016-03-07','T'),(99,'130 G','2016-03-07','T'),(100,'360 G','2016-03-07','T'),(101,'120 G','2016-03-07','T'),(102,'300 G','2016-03-07','T'),(103,'250 CC','2016-03-07','T'),(104,'22.9 OZ','2016-03-07','T'),(105,'7.6 OZ','2016-03-07','T'),(106,'110 G','2016-03-07','T'),(107,'2 LIBRAS','2016-03-07','T'),(108,'MEDIO GALON','2016-03-07','T'),(109,'4 OZ','2016-03-07','T'),(110,'60 ML','2016-03-07','T'),(111,'120 ML','2016-03-07','T'),(112,'125 G','2016-03-07','T'),(113,'1000 ML','2016-03-07','T'),(114,'500 ML','2016-03-07','T'),(117,'450 ML','2016-03-07','T'),(118,'7 LB','2016-03-07','T'),(119,'DOS LIBRAS Y MEDIA','2016-03-07','T'),(120,'1 BOLSA','2016-03-07','T'),(121,'2.50 OZ','2016-03-07','T'),(122,'PAR','2016-03-07','T'),(123,'3.52','2016-03-07','T'),(124,'750 ML','2016-03-07','T'),(125,'25 UNIDADES','2016-03-07','T'),(126,'7 PIES','2016-03-07','T'),(127,'40 UNIDADES','2016-03-07','T'),(129,'100 BOLSAS','2016-03-07','T'),(130,'200 BOLSAS','2016-03-07','T'),(131,'300 BOLSAS','2016-03-07','T'),(132,'500 BOLSAS','2016-03-07','T'),(136,'375 G','2016-03-07','T'),(137,'50 OZ','2016-03-07','T'),(138,'MEDIO CARTON','2016-03-08','T'),(139,'CARTON','2016-03-08','T'),(140,'BOLSA ','2016-03-08','T'),(141,' 1.5 LITROS','2016-03-08','T'),(142,'3 LITROS','2016-03-08','T'),(143,'3.300 LITROS','2016-03-08','T'),(144,'3 LTS','2016-03-08','T'),(145,'100 ML','2016-03-09','T'),(146,'8G','2016-03-09','T'),(147,'20G','2016-03-09','T'),(148,'800 ML','2016-03-09','T'),(152,'35 G','2016-03-09','T'),(153,'390','2016-03-10','T'),(154,'190 G','2016-03-10','T'),(155,'SOBRE 80 G','2016-03-11','T'),(156,'235 G','2016-03-12','T'),(157,'VASO','2016-03-12','T'),(158,'140','2016-03-12','T');
/*!40000 ALTER TABLE `unidad` ENABLE KEYS */;
UNLOCK TABLES;

--
-- Table structure for table `usuario`
--

DROP TABLE IF EXISTS `usuario`;
/*!40101 SET @saved_cs_client     = @@character_set_client */;
/*!40101 SET character_set_client = utf8 */;
CREATE TABLE `usuario` (
  `idusuario` int(11) NOT NULL AUTO_INCREMENT,
  `Nombre` varchar(100) CHARACTER SET latin1 DEFAULT NULL,
  `Apellido` varchar(100) CHARACTER SET latin1 DEFAULT NULL,
  `nombreusuario` varchar(45) CHARACTER SET latin1 DEFAULT NULL,
  `contrasenia` varchar(45) CHARACTER SET latin1 DEFAULT NULL,
  `fecha` date DEFAULT NULL,
  `estado` char(1) CHARACTER SET latin1 DEFAULT 'T',
  `puesto` varchar(50) CHARACTER SET latin1 DEFAULT NULL,
  PRIMARY KEY (`idusuario`),
  UNIQUE KEY `nombreusuario_UNIQUE` (`nombreusuario`)
) ENGINE=InnoDB AUTO_INCREMENT=11 DEFAULT CHARSET=utf8 COLLATE=utf8_unicode_ci;
/*!40101 SET character_set_client = @saved_cs_client */;

--
-- Dumping data for table `usuario`
--

LOCK TABLES `usuario` WRITE;
/*!40000 ALTER TABLE `usuario` DISABLE KEYS */;
INSERT INTO `usuario` VALUES (1,'Gustavo Lara','admin@gmail.com','admin','admin11','2014-01-05','T','Administrador'),(9,'ALLAN KEVIN OVANDO','','AKOL','ALLANK','2016-03-04','T','ADMON'),(10,'SINDY ELIZABETH OVANDO LOPEZ','','SEOL','241417','2016-03-06','T','ADMINISTRADORA');
/*!40000 ALTER TABLE `usuario` ENABLE KEYS */;
UNLOCK TABLES;

--
-- Table structure for table `xcobrarclientes`
--

DROP TABLE IF EXISTS `xcobrarclientes`;
/*!40101 SET @saved_cs_client     = @@character_set_client */;
/*!40101 SET character_set_client = utf8 */;
CREATE TABLE `xcobrarclientes` (
  `idxcobrarclientes` int(11) NOT NULL AUTO_INCREMENT,
  `fecha` date DEFAULT NULL,
  `monto` float NOT NULL,
  `tipopago` varchar(20) CHARACTER SET utf8 NOT NULL,
  `salida_idsalida` int(11) NOT NULL,
  `usuario_idusuario` int(11) NOT NULL,
  `observacion` varchar(250) CHARACTER SET utf8 DEFAULT NULL,
  `nsaldoventa` float NOT NULL DEFAULT '0',
  `nsaldototal` float NOT NULL DEFAULT '0',
  `saldointeres` float NOT NULL DEFAULT '0',
  PRIMARY KEY (`idxcobrarclientes`,`salida_idsalida`,`usuario_idusuario`),
  KEY `fk_xcobrarclientes_salida1_idx` (`salida_idsalida`),
  KEY `fk_xcobrarclientes_usuario1_idx` (`usuario_idusuario`),
  CONSTRAINT `fk_xcobrarclientes_salida1` FOREIGN KEY (`salida_idsalida`) REFERENCES `salida` (`idsalida`) ON DELETE NO ACTION ON UPDATE NO ACTION,
  CONSTRAINT `fk_xcobrarclientes_usuario1` FOREIGN KEY (`usuario_idusuario`) REFERENCES `usuario` (`idusuario`) ON DELETE NO ACTION ON UPDATE NO ACTION
) ENGINE=InnoDB DEFAULT CHARSET=utf8 COLLATE=utf8_unicode_ci;
/*!40101 SET character_set_client = @saved_cs_client */;

--
-- Dumping data for table `xcobrarclientes`
--

LOCK TABLES `xcobrarclientes` WRITE;
/*!40000 ALTER TABLE `xcobrarclientes` DISABLE KEYS */;
/*!40000 ALTER TABLE `xcobrarclientes` ENABLE KEYS */;
UNLOCK TABLES;

--
-- Table structure for table `xpagardetalle`
--

DROP TABLE IF EXISTS `xpagardetalle`;
/*!40101 SET @saved_cs_client     = @@character_set_client */;
/*!40101 SET character_set_client = utf8 */;
CREATE TABLE `xpagardetalle` (
  `idxpagardetalle` int(11) NOT NULL AUTO_INCREMENT,
  `fecha` date DEFAULT NULL,
  `monto` float NOT NULL,
  `compra_idcompra` int(11) NOT NULL,
  `usuario_idusuario` int(11) NOT NULL,
  `observacion` varchar(250) CHARACTER SET latin1 DEFAULT NULL,
  PRIMARY KEY (`idxpagardetalle`,`compra_idcompra`,`usuario_idusuario`),
  KEY `fk_xpagardetalle_compra1_idx` (`compra_idcompra`),
  KEY `fk_xpagardetalle_usuario1_idx` (`usuario_idusuario`),
  CONSTRAINT `fk_xpagardetalle_compra1` FOREIGN KEY (`compra_idcompra`) REFERENCES `compra` (`idcompra`) ON DELETE NO ACTION ON UPDATE NO ACTION,
  CONSTRAINT `fk_xpagardetalle_usuario1` FOREIGN KEY (`usuario_idusuario`) REFERENCES `usuario` (`idusuario`) ON DELETE NO ACTION ON UPDATE NO ACTION
) ENGINE=InnoDB DEFAULT CHARSET=utf8 COLLATE=utf8_unicode_ci;
/*!40101 SET character_set_client = @saved_cs_client */;

--
-- Dumping data for table `xpagardetalle`
--

LOCK TABLES `xpagardetalle` WRITE;
/*!40000 ALTER TABLE `xpagardetalle` DISABLE KEYS */;
/*!40000 ALTER TABLE `xpagardetalle` ENABLE KEYS */;
UNLOCK TABLES;
/*!40103 SET TIME_ZONE=@OLD_TIME_ZONE */;

/*!40101 SET SQL_MODE=@OLD_SQL_MODE */;
/*!40014 SET FOREIGN_KEY_CHECKS=@OLD_FOREIGN_KEY_CHECKS */;
/*!40014 SET UNIQUE_CHECKS=@OLD_UNIQUE_CHECKS */;
/*!40101 SET CHARACTER_SET_CLIENT=@OLD_CHARACTER_SET_CLIENT */;
/*!40101 SET CHARACTER_SET_RESULTS=@OLD_CHARACTER_SET_RESULTS */;
/*!40101 SET COLLATION_CONNECTION=@OLD_COLLATION_CONNECTION */;
/*!40111 SET SQL_NOTES=@OLD_SQL_NOTES */;

-- Dump completed on 2016-09-02 23:13:14
