-- MySQL dump 10.13  Distrib 5.6.25, for Win32 (x86)
--
-- Host: localhost    Database: trivet2
-- ------------------------------------------------------
-- Server version	5.6.25

/*!40101 SET @OLD_CHARACTER_SET_CLIENT=@@CHARACTER_SET_CLIENT */;
/*!40101 SET @OLD_CHARACTER_SET_RESULTS=@@CHARACTER_SET_RESULTS */;
/*!40101 SET @OLD_COLLATION_CONNECTION=@@COLLATION_CONNECTION */;
/*!40101 SET NAMES utf8 */;
/*!40103 SET @OLD_TIME_ZONE=@@TIME_ZONE */;
/*!40103 SET TIME_ZONE='+00:00' */;
/*!40014 SET @OLD_UNIQUE_CHECKS=@@UNIQUE_CHECKS, UNIQUE_CHECKS=0 */;
/*!40014 SET @OLD_FOREIGN_KEY_CHECKS=@@FOREIGN_KEY_CHECKS, FOREIGN_KEY_CHECKS=0 */;
/*!40101 SET @OLD_SQL_MODE=@@SQL_MODE, SQL_MODE='NO_AUTO_VALUE_ON_ZERO' */;
/*!40111 SET @OLD_SQL_NOTES=@@SQL_NOTES, SQL_NOTES=0 */;

--
-- Table structure for table `categoria`
--

DROP TABLE IF EXISTS `categoria`;
/*!40101 SET @saved_cs_client     = @@character_set_client */;
/*!40101 SET character_set_client = utf8 */;
CREATE TABLE `categoria` (
  `idCategoria` int(11) NOT NULL AUTO_INCREMENT,
  `Nombre` varchar(45) CHARACTER SET latin1 DEFAULT NULL,
  `fec_reg` date DEFAULT NULL,
  `Estado` char(1) CHARACTER SET latin1 DEFAULT 'T',
  PRIMARY KEY (`idCategoria`),
  UNIQUE KEY `Nombre_UNIQUE` (`Nombre`)
) ENGINE=InnoDB AUTO_INCREMENT=176 DEFAULT CHARSET=utf8 COLLATE=utf8_unicode_ci;
/*!40101 SET character_set_client = @saved_cs_client */;

--
-- Dumping data for table `categoria`
--

LOCK TABLES `categoria` WRITE;
/*!40000 ALTER TABLE `categoria` DISABLE KEYS */;
INSERT INTO `categoria` VALUES (140,'SHAMPOO','2017-01-25','T'),(141,'JABON','2017-01-25','T'),(142,'TALCO','2017-01-25','T'),(143,'SPRAY','2017-01-25','T'),(144,'COLLAR','2017-01-25','T'),(145,'PIPETA','2017-01-25','T'),(146,'TABLETA','2017-01-25','T'),(147,'FRASCO','2017-01-25','T'),(148,'PASTILLA','2017-01-25','T'),(149,'TUBO','2017-01-25','T'),(150,'TIRAPERRO','2017-01-25','T'),(151,'JALADOR','2017-01-25','T'),(152,'COLLA-TIRAPERRO','2017-01-25','T'),(153,'ARNES-TIRAPERRO','2017-01-25','T'),(154,'BOSAL','2017-01-25','T'),(155,'ARNES','2017-01-25','T'),(156,'TIRAPERRO-AHORCADOR','2017-01-25','T'),(157,'PECHERA','2017-01-25','T'),(158,'CADENA','2017-01-25','T'),(159,'CORTA UÑAS','2017-01-25','T'),(160,'PALA','2017-01-25','T'),(161,'PELOTA','2017-01-25','T'),(162,'CEPILLO','2017-01-25','T'),(163,'PACHA','2017-01-25','T'),(164,'ARENA','2017-01-25','T'),(165,'JAULA ','2017-01-25','T'),(166,'ARENERO','2017-01-25','T'),(167,'PLATO','2017-01-25','T'),(168,'PAQUETE','2017-01-25','T'),(169,'BOLSA','2017-01-25','T'),(170,'LATA','2017-01-25','T'),(171,'BOTE','2017-03-31','T'),(172,'SOBRE','2017-03-31','T'),(173,'VENDA','2017-03-31','T'),(174,'CONCENTRADO','2017-03-31','T'),(175,'CAMA','2017-04-04','T');
/*!40000 ALTER TABLE `categoria` ENABLE KEYS */;
UNLOCK TABLES;

--
-- Table structure for table `clientes`
--

DROP TABLE IF EXISTS `clientes`;
/*!40101 SET @saved_cs_client     = @@character_set_client */;
/*!40101 SET character_set_client = utf8 */;
CREATE TABLE `clientes` (
  `idClientes` int(11) NOT NULL AUTO_INCREMENT,
  `nombre` varchar(150) CHARACTER SET latin1 DEFAULT NULL,
  `direccion` varchar(200) CHARACTER SET latin1 DEFAULT NULL,
  `correo` varchar(80) CHARACTER SET latin1 DEFAULT NULL,
  `nit` varchar(16) CHARACTER SET latin1 DEFAULT NULL,
  `telefono` varchar(14) CHARACTER SET latin1 DEFAULT NULL,
  `Estado` char(1) CHARACTER SET latin1 DEFAULT 'T',
  `fec_reg` date DEFAULT NULL,
  `lim_cred` double DEFAULT NULL,
  PRIMARY KEY (`idClientes`),
  UNIQUE KEY `nit_UNIQUE` (`nit`)
) ENGINE=InnoDB AUTO_INCREMENT=6 DEFAULT CHARSET=utf8 COLLATE=utf8_unicode_ci;
/*!40101 SET character_set_client = @saved_cs_client */;

--
-- Dumping data for table `clientes`
--

LOCK TABLES `clientes` WRITE;
/*!40000 ALTER TABLE `clientes` DISABLE KEYS */;
INSERT INTO `clientes` VALUES (1,'Consumidor Final','Ciudad',NULL,'C/F',NULL,'T','2016-10-18',NULL),(2,'CONSUMIDOR FINAL','CIUDAD',NULL,'CF','','T','2017-05-27',NULL),(5,'INVENTARIO','CIUDAD',NULL,'111111','77710396','T','2017-05-27',NULL);
/*!40000 ALTER TABLE `clientes` ENABLE KEYS */;
UNLOCK TABLES;

--
-- Table structure for table `compra`
--

DROP TABLE IF EXISTS `compra`;
/*!40101 SET @saved_cs_client     = @@character_set_client */;
/*!40101 SET character_set_client = utf8 */;
CREATE TABLE `compra` (
  `idcompra` int(11) NOT NULL AUTO_INCREMENT,
  `numdoc` varchar(45) CHARACTER SET latin1 DEFAULT NULL,
  `fecha` date DEFAULT NULL,
  `proveedor_idproveedor` int(11) NOT NULL,
  `total` float DEFAULT NULL,
  `saldo` float DEFAULT NULL,
  `status` char(1) CHARACTER SET latin1 DEFAULT NULL,
  `descuento` float DEFAULT NULL,
  `idtipopago` int(11) NOT NULL,
  `nserie` varchar(45) CHARACTER SET latin1 DEFAULT NULL,
  `usuario_idusuario` int(11) NOT NULL,
  `fechapago` date DEFAULT NULL,
  PRIMARY KEY (`idcompra`,`idtipopago`,`usuario_idusuario`,`proveedor_idproveedor`),
  KEY `fk_compra_proveedor1` (`proveedor_idproveedor`),
  KEY `fk_compra_tipopago1_idx` (`idtipopago`),
  KEY `fk_compra_usuario1_idx` (`usuario_idusuario`),
  CONSTRAINT `fk_compra_proveedor1` FOREIGN KEY (`proveedor_idproveedor`) REFERENCES `proveedor` (`idproveedor`) ON DELETE NO ACTION ON UPDATE NO ACTION,
  CONSTRAINT `fk_compra_tipopago1` FOREIGN KEY (`idtipopago`) REFERENCES `tipopago` (`idtipopago`) ON DELETE NO ACTION ON UPDATE NO ACTION,
  CONSTRAINT `fk_compra_usuario1` FOREIGN KEY (`usuario_idusuario`) REFERENCES `usuario` (`idusuario`) ON DELETE NO ACTION ON UPDATE NO ACTION
) ENGINE=InnoDB AUTO_INCREMENT=33 DEFAULT CHARSET=utf8 COLLATE=utf8_unicode_ci;
/*!40101 SET character_set_client = @saved_cs_client */;

--
-- Dumping data for table `compra`
--

LOCK TABLES `compra` WRITE;
/*!40000 ALTER TABLE `compra` DISABLE KEYS */;
INSERT INTO `compra` VALUES (1,'1','2016-10-18',1,0,0,'F',NULL,1,'A-1',13,'2016-10-18'),(2,'2523','2017-03-30',15,34.2,0,'F',NULL,1,'2523',14,'2017-03-30'),(3,'0059','2017-03-30',2,120,0,'F',NULL,1,'059',14,'2017-03-30'),(4,'001','2017-03-30',3,0,0,'F',NULL,1,'001',14,'2017-03-30'),(5,'001','2017-03-30',3,0,0,'F',NULL,1,'001',14,'2017-03-30'),(6,'001','2017-03-30',10,400,0,'F',NULL,1,'001',14,'2017-03-30'),(7,'001','2017-03-30',15,40,0,'F',NULL,1,'001',14,'2017-03-30'),(8,'001','2017-03-30',15,66,0,'F',NULL,1,'001',14,'2017-03-30'),(9,'001','2017-03-30',15,172.8,0,'F',NULL,1,'001',14,'2017-03-30'),(10,'001','2017-03-30',15,0,0,'F',NULL,1,'001',14,'2017-03-30'),(11,'001','2017-04-01',15,8.1,0,'F',NULL,1,'001',14,'2017-04-01'),(12,'001','2017-04-01',15,16.2,0,'F',NULL,1,'001',14,'2017-04-01'),(13,'001','2017-04-01',15,50.4,0,'F',NULL,1,'001',14,'2017-04-01'),(14,'001','2017-04-01',7,88,0,'F',NULL,1,'001',14,'2017-04-01'),(15,'001','2017-04-01',15,8.1,0,'F',NULL,1,'001',14,'2017-04-01'),(16,'001','2017-04-03',7,35.7,0,'F',NULL,1,'001',14,'2017-04-03'),(17,'001','2017-04-03',15,46.8,0,'F',NULL,1,'001',14,'2017-04-03'),(18,'00134','2017-04-04',2,419.19,0,'F',NULL,1,'00134',14,'2017-04-04'),(19,'055','2017-04-18',15,127.14,0,'F',NULL,1,'A',13,'2017-04-18'),(20,'01234','2017-04-18',15,93.15,0,'F',NULL,1,'A',13,'2017-04-18'),(21,'0457','2017-04-18',15,73.15,0,'F',NULL,1,'A',13,'2017-04-18'),(22,'02','2017-04-18',15,240.5,0,'F',NULL,1,'A',14,'2017-04-18'),(23,'02','2017-04-19',15,136.8,0,'F',NULL,1,'A',14,'2017-04-19'),(24,'134','2017-04-01',2,1257.57,0,'F',NULL,1,'A',14,'2017-04-01'),(25,'002','2017-04-20',15,40.5,0,'F',NULL,1,'02',14,'2017-04-20'),(26,'002','2017-04-20',15,846.9,0,'F',NULL,1,'A',14,'2017-04-20'),(27,'02','2017-04-20',9,720,0,'F',NULL,1,'A ',14,'2017-04-20'),(28,'002','2017-04-20',3,1398.86,0,'F',NULL,1,'A',14,'2017-04-20'),(29,'002','2017-04-20',15,207,0,'F',NULL,1,'A',14,'2017-04-20'),(30,'41058','2017-05-03',16,3852.53,0,'F',NULL,1,'4',14,'2017-05-03'),(31,'0022','2017-05-27',15,1231.27,0,'F',NULL,1,'A',14,'2017-05-27'),(32,'22','2017-05-27',15,6.6,0,'F',NULL,1,'01',14,'2017-05-27');
/*!40000 ALTER TABLE `compra` ENABLE KEYS */;
UNLOCK TABLES;

--
-- Table structure for table `detalleinteres`
--

DROP TABLE IF EXISTS `detalleinteres`;
/*!40101 SET @saved_cs_client     = @@character_set_client */;
/*!40101 SET character_set_client = utf8 */;
CREATE TABLE `detalleinteres` (
  `iddetint` int(11) NOT NULL AUTO_INCREMENT,
  `salida_idsalida` int(11) NOT NULL,
  `fechadel` date DEFAULT NULL,
  `fechaal` date DEFAULT NULL,
  `montointeres` float NOT NULL,
  `saldoactual` float NOT NULL,
  `interesactual` float NOT NULL,
  `nsaldointeres` float NOT NULL,
  `fecharegistro` date DEFAULT NULL,
  `usuario_idusuario` int(11) NOT NULL,
  PRIMARY KEY (`iddetint`,`salida_idsalida`,`usuario_idusuario`)
) ENGINE=InnoDB DEFAULT CHARSET=utf8 COLLATE=utf8_unicode_ci;
/*!40101 SET character_set_client = @saved_cs_client */;

--
-- Dumping data for table `detalleinteres`
--

LOCK TABLES `detalleinteres` WRITE;
/*!40000 ALTER TABLE `detalleinteres` DISABLE KEYS */;
/*!40000 ALTER TABLE `detalleinteres` ENABLE KEYS */;
UNLOCK TABLES;

--
-- Table structure for table `detallesalida`
--

DROP TABLE IF EXISTS `detallesalida`;
/*!40101 SET @saved_cs_client     = @@character_set_client */;
/*!40101 SET character_set_client = utf8 */;
CREATE TABLE `detallesalida` (
  `iddetallesalida` int(11) NOT NULL AUTO_INCREMENT,
  `cantidad` float DEFAULT NULL,
  `precio` float NOT NULL,
  `salida_idsalida` int(11) NOT NULL,
  `lote_idlote` int(11) NOT NULL,
  `devolucion` float DEFAULT '0',
  PRIMARY KEY (`iddetallesalida`,`salida_idsalida`,`lote_idlote`),
  KEY `fk_detallesalida_salida1` (`salida_idsalida`),
  KEY `fk_detallesalida_lote1` (`lote_idlote`),
  CONSTRAINT `fk_detallesalida_lote1` FOREIGN KEY (`lote_idlote`) REFERENCES `lote` (`idlote`) ON DELETE NO ACTION ON UPDATE NO ACTION,
  CONSTRAINT `fk_detallesalida_salida1` FOREIGN KEY (`salida_idsalida`) REFERENCES `salida` (`idsalida`) ON DELETE NO ACTION ON UPDATE NO ACTION
) ENGINE=InnoDB AUTO_INCREMENT=149 DEFAULT CHARSET=utf8 COLLATE=utf8_unicode_ci;
/*!40101 SET character_set_client = @saved_cs_client */;

--
-- Dumping data for table `detallesalida`
--

LOCK TABLES `detallesalida` WRITE;
/*!40000 ALTER TABLE `detallesalida` DISABLE KEYS */;
INSERT INTO `detallesalida` VALUES (1,1,45,1,35,0),(2,104,6,1,116,0),(3,2,60,1,37,0),(4,1,320,1,157,0),(5,1,37,1,242,0),(6,3,39,1,201,0),(10,3,190,1,291,0),(11,4,190,1,314,0),(12,10,23,1,79,0),(13,3,11,1,80,0),(14,19,15,1,125,0),(15,3,60,1,28,0),(16,1,84,1,7,0),(17,34,43,1,24,0),(18,1,40,1,29,0),(19,3,9,1,231,0),(20,3,6,1,230,0),(21,1,11,1,232,0),(22,1,35,2,234,0),(23,1,56,2,233,0),(24,6,10,2,302,0),(25,41,4,2,84,0),(26,1,44,2,237,0),(27,8,85,2,19,0),(28,10,85,2,18,0),(29,19,70,2,17,0),(30,5,115,2,20,0),(31,37,4,2,86,0),(32,2,70,2,8,0),(33,3,56,2,108,0),(34,1,15,2,186,0),(35,1,13,2,185,0),(36,1,13,2,306,0),(37,2,55,2,182,0),(38,2,13,2,58,0),(39,2,20,2,59,0),(40,2,11,2,294,0),(41,1,15,2,56,0),(42,2,20,2,295,0),(43,1,10,2,177,0),(44,1,64,2,53,0),(45,2,24,2,194,0),(46,1,24,2,197,0),(47,4,120,2,324,0),(48,4,125,2,323,0),(49,7,125,2,322,0),(50,4,120,2,325,0),(51,1,84,2,235,0),(52,7,32.5,2,38,0),(53,1,50,2,126,0),(54,83,3,2,72,0),(55,2,409,2,317,0),(56,4,25,2,78,0),(57,5,70,2,77,0),(58,1,54,2,111,0),(59,2,140,2,42,0),(60,2,120,2,290,0),(61,4,22,2,39,0),(62,8,205,2,96,0),(63,4,60,2,97,0),(64,1,48,2,99,0),(65,1,52,2,1,0),(66,5,47,2,115,0),(67,3,105,2,100,0),(68,3,140,2,102,0),(69,1,200,2,13,0),(70,1,21,2,166,0),(71,9,1,2,311,0),(72,1,275,2,321,0),(73,1,12,2,168,0),(74,1,12,2,170,0),(75,59,2.5,2,300,0),(76,1,18,2,274,0),(77,1,18,2,275,0),(78,2,15,2,279,0),(79,1,350,2,152,0),(80,12,15,2,312,0),(81,2,35,2,89,0),(82,3,15,2,63,0),(83,1,20,2,298,0),(84,1,25,2,175,0),(85,1,25,2,47,0),(86,1,25,2,46,0),(87,1,46,2,309,0),(88,1,11,2,272,0),(89,1,45,2,10,0),(90,1,50,2,95,0),(91,3,58,2,25,0),(92,28,51,2,34,0),(93,2,1,2,307,0),(94,1,12,2,264,0),(95,5,1,2,308,0),(96,23,7.5,2,74,0),(97,30,8,2,75,0),(98,4,5.5,2,87,0),(99,7,170,2,21,0),(100,4,150,2,22,0),(101,1,130,2,23,0),(102,1,120,2,114,0),(103,6,60,2,31,0),(104,4,20,2,92,0),(105,1,75,2,214,0),(106,2,33,2,297,0),(107,4,30,2,296,0),(108,1,35,2,208,0),(109,1,24,2,32,0),(110,1,38,2,253,0),(111,2,50,2,255,0),(112,1,75,2,256,0),(113,1,62,2,263,0),(114,1,27,2,281,0),(115,6,85,2,16,0),(116,10,67,2,130,0),(117,8,67,2,134,0),(118,3,61,2,137,0),(119,4,61,2,140,0),(120,1,420,2,132,0),(121,1,783,2,133,0),(122,5,194,2,131,0),(123,4,194,2,135,0),(124,5,168,2,138,0),(125,5,168,2,141,0),(126,5,194,2,143,0),(127,4,173,2,144,0),(128,5,173,2,145,0),(129,1,173,2,146,0),(130,1,420,2,136,0),(131,1,362,2,139,0),(132,1,362,2,142,0),(133,2,50,3,112,0),(134,1,51,3,118,0),(135,1,48,3,106,0),(136,5,390,3,15,0),(137,4,365,3,14,0),(138,1,44,3,30,0),(139,5,6.5,3,81,0),(140,3,70,3,109,0),(141,3,7.5,3,43,0),(143,4,24,3,292,0),(144,3,27,3,293,0),(145,65,8,3,91,0),(146,3,120,3,90,0),(147,8,23,3,33,0),(148,1,120,4,149,0);
/*!40000 ALTER TABLE `detallesalida` ENABLE KEYS */;
UNLOCK TABLES;

--
-- Table structure for table `devoluciones`
--

DROP TABLE IF EXISTS `devoluciones`;
/*!40101 SET @saved_cs_client     = @@character_set_client */;
/*!40101 SET character_set_client = utf8 */;
CREATE TABLE `devoluciones` (
  `iddevolucion` int(11) NOT NULL AUTO_INCREMENT,
  `idproducto` int(11) NOT NULL,
  `cantidad` float DEFAULT NULL,
  `precio` float DEFAULT NULL,
  `subtotal` float DEFAULT NULL,
  `idlote` int(11) NOT NULL,
  `idcompra` int(11) NOT NULL,
  `devolucion` float DEFAULT NULL,
  `fecha` date DEFAULT NULL,
  `entradasalida` varchar(12) CHARACTER SET utf8 DEFAULT NULL,
  `idusuario` int(11) NOT NULL,
  PRIMARY KEY (`iddevolucion`)
) ENGINE=InnoDB AUTO_INCREMENT=20 DEFAULT CHARSET=utf8 COLLATE=utf8_unicode_ci;
/*!40101 SET character_set_client = @saved_cs_client */;

--
-- Dumping data for table `devoluciones`
--

LOCK TABLES `devoluciones` WRITE;
/*!40000 ALTER TABLE `devoluciones` DISABLE KEYS */;
INSERT INTO `devoluciones` VALUES (1,55,3,11.03,33.09,52,1,NULL,'2017-04-18','PROVEEDOR',13),(2,280,110,70.2,7722,287,1,NULL,'2017-04-18','PROVEEDOR',13),(3,279,53,70.2,3720.6,286,1,NULL,'2017-04-18','PROVEEDOR',13),(4,277,73,37.8,2759.4,284,1,NULL,'2017-04-18','PROVEEDOR',13),(5,278,60,37.8,2268,285,1,NULL,'2017-04-18','PROVEEDOR',13),(6,82,26,18.5,481,88,1,NULL,'2017-04-18','PROVEEDOR',14),(7,180,4,38,152,187,1,NULL,'2017-04-19','PROVEEDOR',14),(8,77,6,6,36,83,1,NULL,'2017-04-19','PROVEEDOR',14),(9,77,16,6,96,83,1,6,'2017-04-19','PROVEEDOR',14),(10,77,6,6,36,83,1,22,'2017-04-20','PROVEEDOR',14),(11,43,9,131.68,1185.12,41,1,NULL,'2017-04-20','PROVEEDOR',14),(12,11,5,38,190,9,1,NULL,'2017-04-20','PROVEEDOR',14),(13,143,1,333,333,147,1,NULL,'2017-04-20','PROVEEDOR',14),(14,144,2,327.15,654.3,148,1,NULL,'2017-04-20','PROVEEDOR',14),(15,42,12,56.5,678,70,10,NULL,'2017-04-20','PROVEEDOR',14),(16,15,3,150,450,65,5,NULL,'2017-04-20','PROVEEDOR',14),(17,14,4,280,1120,64,4,NULL,'2017-04-20','PROVEEDOR',14),(18,152,1,245,245,156,1,NULL,'2017-04-20','PROVEEDOR',14),(19,277,12,1,12,340,31,NULL,'2017-05-27','PROVEEDOR',14);
/*!40000 ALTER TABLE `devoluciones` ENABLE KEYS */;
UNLOCK TABLES;

--
-- Table structure for table `empresa`
--

DROP TABLE IF EXISTS `empresa`;
/*!40101 SET @saved_cs_client     = @@character_set_client */;
/*!40101 SET character_set_client = utf8 */;
CREATE TABLE `empresa` (
  `nombre` varchar(100) CHARACTER SET utf8 DEFAULT NULL,
  `direccion` varchar(150) CHARACTER SET utf8 DEFAULT NULL,
  `telefono` varchar(12) CHARACTER SET utf8 DEFAULT NULL,
  `correo` varchar(50) CHARACTER SET utf8 DEFAULT NULL
) ENGINE=InnoDB DEFAULT CHARSET=utf8 COLLATE=utf8_unicode_ci;
/*!40101 SET character_set_client = @saved_cs_client */;

--
-- Dumping data for table `empresa`
--

LOCK TABLES `empresa` WRITE;
/*!40000 ALTER TABLE `empresa` DISABLE KEYS */;
INSERT INTO `empresa` VALUES ('VETERINARIA LUISITA','4a. AVENIDA 4-51 ZONA 1','7771-0396','RETALHULEU');
/*!40000 ALTER TABLE `empresa` ENABLE KEYS */;
UNLOCK TABLES;

--
-- Table structure for table `fechaint`
--

DROP TABLE IF EXISTS `fechaint`;
/*!40101 SET @saved_cs_client     = @@character_set_client */;
/*!40101 SET character_set_client = utf8 */;
CREATE TABLE `fechaint` (
  `id` int(11) NOT NULL AUTO_INCREMENT,
  `fecha` date DEFAULT NULL,
  PRIMARY KEY (`id`)
) ENGINE=InnoDB DEFAULT CHARSET=utf8 COLLATE=utf8_unicode_ci;
/*!40101 SET character_set_client = @saved_cs_client */;

--
-- Dumping data for table `fechaint`
--

LOCK TABLES `fechaint` WRITE;
/*!40000 ALTER TABLE `fechaint` DISABLE KEYS */;
/*!40000 ALTER TABLE `fechaint` ENABLE KEYS */;
UNLOCK TABLES;

--
-- Table structure for table `lote`
--

DROP TABLE IF EXISTS `lote`;
/*!40101 SET @saved_cs_client     = @@character_set_client */;
/*!40101 SET character_set_client = utf8 */;
CREATE TABLE `lote` (
  `idlote` int(11) NOT NULL AUTO_INCREMENT,
  `cantidad` float NOT NULL,
  `precio` float NOT NULL,
  `stock` float NOT NULL,
  `estado` char(1) CHARACTER SET latin1 DEFAULT 'T',
  `Fecha` date NOT NULL,
  `producto_idproducto` int(11) NOT NULL,
  `tipoentrada` varchar(8) CHARACTER SET latin1 NOT NULL,
  `compra_idcompra` int(11) NOT NULL,
  `devolucion` float DEFAULT NULL,
  PRIMARY KEY (`idlote`,`producto_idproducto`,`compra_idcompra`),
  KEY `fk_lote_producto` (`producto_idproducto`),
  KEY `fk_lote_compra1_idx` (`compra_idcompra`),
  CONSTRAINT `fk_lote_compra1` FOREIGN KEY (`compra_idcompra`) REFERENCES `compra` (`idcompra`) ON DELETE NO ACTION ON UPDATE NO ACTION,
  CONSTRAINT `fk_lote_producto` FOREIGN KEY (`producto_idproducto`) REFERENCES `producto` (`idproducto`) ON DELETE NO ACTION ON UPDATE NO ACTION
) ENGINE=InnoDB AUTO_INCREMENT=346 DEFAULT CHARSET=utf8 COLLATE=utf8_unicode_ci;
/*!40101 SET character_set_client = @saved_cs_client */;

--
-- Dumping data for table `lote`
--

LOCK TABLES `lote` WRITE;
/*!40000 ALTER TABLE `lote` DISABLE KEYS */;
INSERT INTO `lote` VALUES (1,7,35.1,6,'T','2017-01-30',1,'INICIAL',1,NULL),(2,2,35.1,2,'T','2017-01-30',2,'INICIAL',1,NULL),(3,1,34.2,1,'T','2017-01-30',3,'INICIAL',1,NULL),(4,2,20.7,2,'T','2017-01-30',6,'INICIAL',1,NULL),(5,3,13.5,3,'T','2017-01-30',7,'INICIAL',1,NULL),(6,3,7.2,3,'T','2017-01-30',8,'INICIAL',1,NULL),(7,4,52,3,'T','2017-01-30',9,'INICIAL',1,NULL),(8,4,58,2,'T','2017-01-30',10,'INICIAL',1,NULL),(9,0,38,0,'F','2017-01-31',11,'INICIAL',1,5),(10,4,36,3,'T','2017-01-31',12,'INICIAL',1,NULL),(11,15,23,15,'T','2017-01-31',13,'INICIAL',1,NULL),(12,1,280,1,'T','2017-01-30',14,'INICIAL',1,NULL),(13,2,150,1,'T','2017-01-30',15,'INICIAL',1,NULL),(14,11,257.03,7,'T','2017-01-30',16,'INICIAL',1,NULL),(15,13,276,8,'T','2017-01-31',17,'INICIAL',1,NULL),(16,8,55.72,2,'T','2017-01-30',18,'INICIAL',1,NULL),(17,19,45,0,'C','2017-01-31',19,'INICIAL',1,NULL),(18,20,55.22,10,'T','2017-01-31',20,'INICIAL',1,NULL),(19,15,53,7,'T','2017-01-30',21,'INICIAL',1,NULL),(20,11,97,6,'T','2017-01-30',22,'INICIAL',1,NULL),(21,11,131.67,4,'T','2017-01-31',23,'INICIAL',1,NULL),(22,4,112.5,0,'C','2017-01-30',24,'INICIAL',1,NULL),(23,6,95.83,5,'T','2017-01-31',25,'INICIAL',1,NULL),(24,35,30.48,1,'T','2017-01-30',26,'INICIAL',1,NULL),(25,3,40,0,'C','2017-01-30',27,'INICIAL',1,NULL),(26,2,40,2,'T','2017-01-31',28,'INICIAL',1,NULL),(27,2,37.67,2,'T','2017-01-31',29,'INICIAL',1,NULL),(28,3,45,0,'C','2017-01-30',30,'INICIAL',1,NULL),(29,2,27,1,'T','2017-01-30',31,'INICIAL',1,NULL),(30,4,29.7,3,'T','2017-01-30',32,'INICIAL',1,NULL),(31,7,41,1,'T','2017-01-31',33,'INICIAL',1,NULL),(32,5,19,4,'T','2017-01-31',34,'INICIAL',1,NULL),(33,12,16.8,4,'T','2017-01-31',35,'INICIAL',1,NULL),(34,32,39,4,'T','2017-01-31',36,'INICIAL',1,NULL),(35,1,33,0,'C','2017-01-31',37,'INICIAL',1,NULL),(36,1,60,1,'T','2017-01-31',38,'INICIAL',1,NULL),(37,6,41,4,'T','2017-02-01',39,'INICIAL',1,NULL),(38,7,21.6,0,'C','2017-01-31',40,'INICIAL',1,NULL),(39,4,15,0,'C','2017-01-31',41,'INICIAL',1,NULL),(40,4,56.5,4,'T','2017-01-31',42,'INICIAL',1,NULL),(41,0,131.68,0,'F','2017-01-31',43,'INICIAL',1,9),(42,11,97.75,9,'T','2017-01-31',44,'INICIAL',1,NULL),(43,3,5.5,0,'C','2017-01-31',45,'INICIAL',1,NULL),(44,4,6.48,4,'T','2017-01-31',46,'INICIAL',1,NULL),(45,2,9.45,2,'T','2017-01-31',48,'INICIAL',1,NULL),(46,1,16.2,0,'C','2017-01-31',49,'INICIAL',1,NULL),(47,1,16.2,0,'C','2017-01-31',50,'INICIAL',1,NULL),(48,1,16.2,1,'T','2017-01-31',51,'INICIAL',1,NULL),(49,1,21.6,1,'T','2017-01-31',52,'INICIAL',1,NULL),(50,1,21.6,1,'T','2017-01-31',53,'INICIAL',1,NULL),(51,1,25.2,1,'T','2017-01-31',54,'INICIAL',1,NULL),(52,0,11.03,0,'F','2017-01-31',55,'INICIAL',1,3),(53,2,43.2,1,'T','2017-01-31',56,'INICIAL',1,NULL),(54,2,5.49,2,'T','2017-01-31',57,'INICIAL',1,NULL),(55,7,6.96,7,'T','2017-01-31',58,'INICIAL',1,NULL),(56,1,8.03,0,'C','2017-01-31',59,'INICIAL',1,NULL),(57,5,11.25,5,'T','2017-01-31',60,'INICIAL',1,NULL),(58,2,9.28,0,'C','2017-01-31',61,'INICIAL',1,NULL),(59,4,14.9,2,'T','2017-01-31',62,'INICIAL',1,NULL),(60,3,34.1,3,'T','2017-01-31',63,'INICIAL',1,NULL),(61,1,34.2,1,'T','2017-03-30',5,'COMPRA',2,NULL),(62,5,24,5,'T','2017-03-30',13,'COMPRA',3,NULL),(63,22,10.5,19,'T','2017-03-30',64,'INICIAL',1,NULL),(64,0,280,0,'F','2017-03-30',14,'COMPRA',4,4),(65,0,150,0,'F','2017-03-30',15,'COMPRA',5,3),(66,10,40,10,'T','2017-03-30',27,'COMPRA',6,NULL),(67,1,40,1,'T','2017-03-30',28,'COMPRA',7,NULL),(68,2,33,2,'T','2017-03-30',37,'COMPRA',8,NULL),(69,8,21.6,8,'T','2017-03-30',40,'COMPRA',9,NULL),(70,0,56.5,0,'F','2017-03-30',42,'COMPRA',10,12),(71,4,131.79,4,'T','2017-03-30',65,'INICIAL',1,NULL),(72,186,1.27,103,'T','2017-03-30',66,'INICIAL',1,NULL),(73,31,4.6,31,'T','2017-03-30',67,'INICIAL',1,NULL),(74,53,5.3,30,'T','2017-03-30',68,'INICIAL',1,NULL),(75,49,5.96,19,'T','2017-03-30',69,'INICIAL',1,NULL),(76,316,6,316,'T','2017-03-30',70,'INICIAL',1,NULL),(77,18,51.23,13,'T','2017-03-30',71,'INICIAL',1,NULL),(78,78,18.8,74,'T','2017-03-30',72,'INICIAL',1,NULL),(79,61,16.5,51,'T','2017-03-30',73,'INICIAL',1,NULL),(80,67,7.7,64,'T','2017-03-30',74,'INICIAL',1,NULL),(81,145,4.5,140,'T','2017-03-30',75,'INICIAL',1,NULL),(82,28,3.48,28,'T','2017-03-30',76,'INICIAL',1,NULL),(83,0,6,0,'F','2017-03-30',77,'INICIAL',1,28),(84,41,2.5,0,'C','2017-03-30',78,'INICIAL',1,NULL),(85,31,1.4,31,'T','2017-03-30',79,'INICIAL',1,NULL),(86,60,2.5,23,'T','2017-03-30',80,'INICIAL',1,NULL),(87,50,1.8,46,'T','2017-03-30',81,'INICIAL',1,NULL),(88,0,18.5,0,'F','2017-03-30',82,'INICIAL',1,26),(89,13,24.5,11,'T','2017-03-30',83,'INICIAL',1,NULL),(90,3,81.83,0,'C','2017-03-30',84,'INICIAL',1,NULL),(91,500,3.3,435,'T','2017-03-30',85,'INICIAL',1,NULL),(92,12,14.9,8,'T','2017-03-30',86,'INICIAL',1,NULL),(93,1,43.2,1,'T','2017-03-30',87,'INICIAL',1,NULL),(94,8,21,8,'T','2017-03-30',88,'INICIAL',1,NULL),(95,1,40,0,'C','2017-03-30',89,'INICIAL',1,NULL),(96,9,142,1,'T','2017-03-30',90,'INICIAL',1,NULL),(97,8,39,4,'T','2017-03-30',91,'INICIAL',1,NULL),(98,1,32.4,1,'T','2017-03-30',92,'INICIAL',1,NULL),(99,2,32.4,1,'T','2017-03-30',93,'INICIAL',1,NULL),(100,6,78,3,'T','2017-03-30',94,'INICIAL',1,NULL),(101,7,90,7,'T','2017-03-30',95,'INICIAL',1,NULL),(102,5,102,2,'T','2017-03-30',96,'INICIAL',1,NULL),(103,5,120,5,'T','2017-03-30',97,'INICIAL',1,NULL),(104,3,13.95,3,'T','2017-03-30',98,'INICIAL',1,NULL),(105,4,30,4,'T','2017-03-30',99,'INICIAL',1,NULL),(106,2,31.5,1,'T','2017-03-30',100,'INICIAL',1,NULL),(107,3,12.6,3,'T','2017-03-30',101,'INICIAL',1,NULL),(108,3,41.5,0,'C','2017-03-30',102,'INICIAL',1,NULL),(109,4,52,1,'T','2017-03-31',103,'INICIAL',1,NULL),(110,9,10,9,'T','2017-03-31',104,'INICIAL',1,NULL),(111,3,36,2,'T','2017-03-31',105,'INICIAL',1,NULL),(112,6,37,4,'T','2017-03-31',106,'INICIAL',1,NULL),(113,3,45,3,'T','2017-03-31',107,'INICIAL',1,NULL),(114,1,76.5,0,'C','2017-03-31',108,'INICIAL',1,NULL),(115,5,47,0,'C','2017-03-31',109,'INICIAL',1,NULL),(116,278,3.66,174,'T','2017-03-31',110,'INICIAL',1,NULL),(117,10,2.45,10,'T','2017-03-31',111,'INICIAL',1,NULL),(118,1,34.2,0,'C','2017-03-31',112,'INICIAL',1,NULL),(119,2,19.8,2,'T','2017-03-31',113,'INICIAL',1,NULL),(120,1,32.4,1,'T','2017-03-31',114,'INICIAL',1,NULL),(121,2,34.2,2,'T','2017-03-31',115,'INICIAL',1,NULL),(122,2,36,2,'T','2017-03-31',116,'INICIAL',1,NULL),(123,1,27,1,'T','2017-03-31',117,'INICIAL',1,NULL),(124,7,16,7,'T','2017-03-31',118,'INICIAL',1,NULL),(125,19,10.65,0,'C','2017-03-31',119,'INICIAL',1,NULL),(126,5,40,4,'T','2017-03-31',120,'INICIAL',1,NULL),(127,1,31,1,'T','2017-03-31',121,'INICIAL',1,NULL),(128,1,33,1,'T','2017-03-31',122,'INICIAL',1,NULL),(129,2,38,2,'T','2017-03-31',123,'INICIAL',1,NULL),(130,10,50.27,0,'C','2017-03-31',124,'INICIAL',1,NULL),(131,5,144.98,0,'C','2017-03-31',125,'INICIAL',1,NULL),(132,1,314.89,0,'C','2017-03-31',126,'INICIAL',1,NULL),(133,1,587.25,0,'C','2017-03-31',128,'INICIAL',1,NULL),(134,8,50.27,0,'C','2017-03-31',129,'INICIAL',1,NULL),(135,4,144.98,0,'C','2017-03-31',130,'INICIAL',1,NULL),(136,1,314.88,0,'C','2017-03-31',131,'INICIAL',1,NULL),(137,3,45.55,0,'C','2017-03-31',132,'INICIAL',1,NULL),(138,5,125.74,0,'C','2017-03-31',133,'INICIAL',1,NULL),(139,1,271.42,0,'C','2017-03-31',134,'INICIAL',1,NULL),(140,4,45.55,0,'C','2017-03-31',135,'INICIAL',1,NULL),(141,5,125.74,0,'C','2017-03-31',136,'INICIAL',1,NULL),(142,1,271.42,0,'C','2017-03-31',137,'INICIAL',1,NULL),(143,5,144.97,0,'C','2017-03-31',139,'INICIAL',1,NULL),(144,4,129.32,0,'C','2017-03-31',140,'INICIAL',1,NULL),(145,5,129.32,0,'C','2017-03-31',141,'INICIAL',1,NULL),(146,1,129.31,0,'C','2017-03-31',142,'INICIAL',1,NULL),(147,0,333,0,'F','2017-03-31',143,'INICIAL',1,1),(148,0,327.15,0,'F','2017-03-31',144,'INICIAL',1,2),(149,4,89.1,3,'T','2017-03-31',145,'INICIAL',1,NULL),(150,1,178.2,1,'T','2017-03-31',146,'INICIAL',1,NULL),(151,2,320.4,2,'T','2017-03-31',147,'INICIAL',1,NULL),(152,3,269.1,2,'T','2017-03-31',148,'INICIAL',1,NULL),(153,1,216,1,'T','2017-03-31',149,'INICIAL',1,NULL),(154,1,247.5,1,'T','2017-03-31',150,'INICIAL',1,NULL),(155,1,229.5,1,'T','2017-03-31',151,'INICIAL',1,NULL),(156,0,245,0,'F','2017-03-31',152,'INICIAL',1,1),(157,1,285,0,'C','2017-03-31',153,'INICIAL',1,NULL),(158,3,28.8,3,'T','2017-03-31',154,'INICIAL',1,NULL),(159,2,6.75,2,'T','2017-03-31',155,'INICIAL',1,NULL),(160,2,5.85,2,'T','2017-03-31',156,'INICIAL',1,NULL),(161,3,5.85,3,'T','2017-03-31',157,'INICIAL',1,NULL),(162,3,5.85,3,'T','2017-03-31',158,'INICIAL',1,NULL),(163,1,21.6,1,'T','2017-03-31',159,'INICIAL',1,NULL),(164,1,21.6,1,'T','2017-03-31',160,'INICIAL',1,NULL),(165,1,21.6,1,'T','2017-03-31',161,'INICIAL',1,NULL),(166,2,15.75,1,'T','2017-03-31',162,'INICIAL',1,NULL),(167,7,19.97,7,'T','2017-04-01',163,'INICIAL',1,NULL),(168,2,8.1,1,'T','2017-04-01',164,'INICIAL',1,NULL),(169,1,8.1,1,'T','2017-04-01',165,'INICIAL',1,NULL),(170,1,8.1,0,'C','2017-04-01',166,'INICIAL',1,NULL),(171,1,8.1,1,'T','2017-04-01',167,'INICIAL',1,NULL),(172,1,8.1,1,'T','2017-04-01',167,'COMPRA',11,NULL),(173,2,8.1,2,'T','2017-04-01',47,'COMPRA',12,NULL),(174,1,11.03,1,'T','2017-04-01',168,'INICIAL',1,NULL),(175,1,16.2,0,'C','2017-04-01',171,'INICIAL',1,NULL),(176,2,25.2,2,'T','2017-04-01',54,'COMPRA',13,NULL),(177,7,6,6,'T','2017-04-01',172,'INICIAL',1,NULL),(178,11,8,11,'T','2017-04-01',59,'COMPRA',14,NULL),(179,3,11.25,3,'T','2017-04-01',173,'INICIAL',1,NULL),(180,2,34.1,2,'T','2017-04-01',174,'INICIAL',1,NULL),(181,2,12,2,'T','2017-04-01',175,'INICIAL',1,NULL),(182,3,45,1,'T','2017-04-01',176,'INICIAL',1,NULL),(183,2,70,2,'T','2017-04-01',177,'INICIAL',1,NULL),(184,6,6.39,6,'T','2017-04-01',178,'INICIAL',1,NULL),(185,6,7.2,5,'T','2017-04-01',179,'INICIAL',1,NULL),(186,1,8.1,0,'C','2017-04-01',11,'COMPRA',15,NULL),(187,0,38,0,'F','2017-04-01',180,'INICIAL',1,4),(188,2,12.6,2,'T','2017-04-03',181,'INICIAL',1,NULL),(189,3,16.2,3,'T','2017-04-03',182,'INICIAL',1,NULL),(190,4,21.6,4,'T','2017-04-03',183,'INICIAL',1,NULL),(191,2,16.2,2,'T','2017-04-03',184,'INICIAL',1,NULL),(192,1,21.6,1,'T','2017-04-03',185,'INICIAL',1,NULL),(193,1,28.8,1,'T','2017-04-03',186,'INICIAL',1,NULL),(194,2,16.2,0,'C','2017-04-03',187,'INICIAL',1,NULL),(195,1,18,1,'T','2017-04-03',188,'INICIAL',1,NULL),(196,1,21.6,1,'T','2017-04-03',189,'INICIAL',1,NULL),(197,2,16.2,1,'T','2017-04-03',190,'INICIAL',1,NULL),(198,1,18,1,'T','2017-04-03',191,'INICIAL',1,NULL),(199,1,21.6,1,'T','2017-04-03',192,'INICIAL',1,NULL),(200,1,32.4,1,'T','2017-04-03',193,'INICIAL',1,NULL),(201,4,25.2,1,'T','2017-04-03',194,'INICIAL',1,NULL),(202,3,14.4,3,'T','2017-04-03',195,'INICIAL',1,NULL),(203,3,21.6,3,'T','2017-04-03',196,'INICIAL',1,NULL),(204,3,27,3,'T','2017-04-03',197,'INICIAL',1,NULL),(205,1,9.82,1,'T','2017-04-03',198,'INICIAL',1,NULL),(206,1,17.85,1,'T','2017-04-03',199,'INICIAL',1,NULL),(207,2,17.85,2,'T','2017-04-03',199,'COMPRA',16,NULL),(208,1,25.9,0,'C','2017-04-03',200,'INICIAL',1,NULL),(209,1,30.36,1,'T','2017-04-03',201,'INICIAL',1,NULL),(210,1,33.03,1,'T','2017-04-03',202,'INICIAL',1,NULL),(211,3,35,3,'T','2017-04-03',203,'INICIAL',1,NULL),(212,3,35,3,'T','2017-04-03',204,'INICIAL',1,NULL),(213,2,40,2,'T','2017-04-03',205,'INICIAL',1,NULL),(214,2,55,1,'T','2017-04-03',206,'INICIAL',1,NULL),(215,3,60,3,'T','2017-04-03',207,'INICIAL',1,NULL),(216,2,75,2,'T','2017-04-03',208,'INICIAL',1,NULL),(217,10,86.4,10,'T','2017-04-03',209,'INICIAL',1,NULL),(218,1,40.5,1,'T','2017-04-03',210,'INICIAL',1,NULL),(219,1,40.5,1,'T','2017-04-03',211,'INICIAL',1,NULL),(220,4,40.5,4,'T','2017-04-03',212,'INICIAL',1,NULL),(221,2,40.5,2,'T','2017-04-03',213,'INICIAL',1,NULL),(222,3,40.5,3,'T','2017-04-03',214,'INICIAL',1,NULL),(223,3,40.5,3,'T','2017-04-03',215,'INICIAL',1,NULL),(224,2,40.5,2,'T','2017-04-03',216,'INICIAL',1,NULL),(225,2,2.25,2,'T','2017-04-03',217,'INICIAL',1,NULL),(226,3,2.48,3,'T','2017-04-03',218,'INICIAL',1,NULL),(227,2,2.79,2,'T','2017-04-03',219,'INICIAL',1,NULL),(228,3,2.97,3,'T','2017-04-03',220,'INICIAL',1,NULL),(229,2,3.75,2,'T','2017-04-03',221,'INICIAL',1,NULL),(230,3,4.05,0,'C','2017-04-03',222,'INICIAL',1,NULL),(231,3,5.63,0,'C','2017-04-03',223,'INICIAL',1,NULL),(232,3,6.98,2,'T','2017-04-03',224,'INICIAL',1,NULL),(233,1,41.39,0,'C','2017-04-03',225,'INICIAL',1,NULL),(234,1,25.98,0,'C','2017-04-03',226,'INICIAL',1,NULL),(235,1,55.8,0,'C','2017-04-03',227,'INICIAL',1,NULL),(236,3,4.5,3,'T','2017-04-03',228,'INICIAL',1,NULL),(237,2,29.7,1,'T','2017-04-03',229,'INICIAL',1,NULL),(238,3,20.25,3,'T','2017-04-03',230,'INICIAL',1,NULL),(239,1,184.5,1,'T','2017-04-03',233,'INICIAL',1,NULL),(240,1,117,1,'T','2017-04-03',234,'INICIAL',1,NULL),(241,1,76.5,1,'T','2017-04-03',235,'INICIAL',1,NULL),(242,2,24.3,1,'T','2017-04-03',236,'INICIAL',1,NULL),(243,1,207,1,'T','2017-04-03',237,'INICIAL',1,NULL),(244,1,6.75,1,'T','2017-04-03',238,'INICIAL',1,NULL),(245,1,10.35,1,'T','2017-04-03',239,'INICIAL',1,NULL),(246,1,7.88,1,'T','2017-04-03',240,'INICIAL',1,NULL),(247,1,16.2,1,'T','2017-04-03',241,'INICIAL',1,NULL),(248,1,9.9,1,'T','2017-04-03',242,'INICIAL',1,NULL),(249,1,11.16,1,'T','2017-04-03',243,'INICIAL',1,NULL),(250,1,13.5,1,'T','2017-04-03',244,'INICIAL',1,NULL),(251,1,18.9,1,'T','2017-04-03',245,'INICIAL',1,NULL),(252,3,14.4,3,'T','2017-04-03',246,'INICIAL',1,NULL),(253,1,23.4,0,'C','2017-04-03',247,'INICIAL',1,NULL),(254,2,31.5,2,'T','2017-04-03',248,'INICIAL',1,NULL),(255,4,36.9,2,'T','2017-04-03',249,'INICIAL',1,NULL),(256,2,59.4,1,'T','2017-04-03',250,'INICIAL',1,NULL),(257,1,46.8,1,'T','2017-04-03',250,'COMPRA',17,NULL),(258,2,59.4,2,'T','2017-04-03',251,'INICIAL',1,NULL),(259,3,8.1,3,'T','2017-04-03',252,'INICIAL',1,NULL),(260,3,9.2,3,'T','2017-04-03',253,'INICIAL',1,NULL),(261,2,13.5,2,'T','2017-04-03',254,'INICIAL',1,NULL),(262,1,20.7,1,'T','2017-04-03',255,'INICIAL',1,NULL),(263,2,38.7,1,'T','2017-04-03',256,'INICIAL',1,NULL),(264,2,9,1,'T','2017-04-03',257,'INICIAL',1,NULL),(265,2,9,2,'T','2017-04-03',258,'INICIAL',1,NULL),(266,2,9,2,'T','2017-04-03',259,'INICIAL',1,NULL),(267,2,9.9,2,'T','2017-04-04',260,'INICIAL',1,NULL),(268,2,9.9,2,'T','2017-04-04',261,'INICIAL',1,NULL),(269,2,18,2,'T','2017-04-04',262,'INICIAL',1,NULL),(270,2,5.4,2,'T','2017-04-04',263,'INICIAL',1,NULL),(271,2,5.4,2,'T','2017-04-04',264,'INICIAL',1,NULL),(272,2,7.2,1,'T','2017-04-04',265,'INICIAL',1,NULL),(273,2,13.5,2,'T','2017-04-04',266,'INICIAL',1,NULL),(274,1,12.15,0,'C','2017-04-04',267,'INICIAL',1,NULL),(275,2,12.15,1,'T','2017-04-04',268,'INICIAL',1,NULL),(276,1,12.15,1,'T','2017-04-04',269,'INICIAL',1,NULL),(277,1,33.3,1,'T','2017-04-04',270,'INICIAL',1,NULL),(278,1,33.3,1,'T','2017-04-04',271,'INICIAL',1,NULL),(279,2,9.9,0,'C','2017-04-04',272,'INICIAL',1,NULL),(280,1,72,1,'T','2017-04-04',273,'INICIAL',1,NULL),(281,1,18,0,'C','2017-04-04',274,'INICIAL',1,NULL),(282,1,25.2,1,'T','2017-04-04',275,'INICIAL',1,NULL),(283,1,72,1,'T','2017-04-04',276,'INICIAL',1,NULL),(284,0,37.8,0,'F','2017-04-04',277,'INICIAL',1,73),(285,0,37.8,0,'F','2017-04-04',278,'INICIAL',1,60),(286,0,70.2,0,'F','2017-04-04',279,'INICIAL',1,53),(287,0,70.2,0,'F','2017-04-04',280,'INICIAL',1,110),(288,8,2.14,8,'T','2017-04-04',281,'INICIAL',1,NULL),(289,14,2.02,14,'T','2017-04-04',282,'INICIAL',1,NULL),(290,3,89.7,1,'T','2017-04-04',283,'INICIAL',1,NULL),(291,3,139.73,0,'C','2017-04-04',43,'COMPRA',18,NULL),(292,5,17,1,'T','2017-04-04',284,'INICIAL',1,NULL),(293,5,19.5,2,'T','2017-04-04',285,'INICIAL',1,NULL),(294,6,7.5,4,'T','2017-04-04',286,'INICIAL',1,NULL),(295,4,15,2,'T','2017-04-04',287,'INICIAL',1,NULL),(296,5,21,1,'T','2017-04-04',288,'INICIAL',1,NULL),(297,5,24,3,'T','2017-04-04',289,'INICIAL',1,NULL),(298,1,15,0,'C','2017-04-05',290,'INICIAL',1,NULL),(299,90,1.66,90,'T','2017-04-05',291,'INICIAL',1,NULL),(300,66,1.77,7,'T','2017-04-05',292,'INICIAL',1,NULL),(301,2,283.5,2,'T','2017-04-05',293,'INICIAL',1,NULL),(302,28,6,22,'T','2017-04-06',295,'INICIAL',1,NULL),(303,2,48,2,'T','2017-04-06',296,'INICIAL',1,NULL),(304,5,5.4,5,'T','2017-04-07',297,'INICIAL',1,NULL),(305,5,6.3,5,'T','2017-04-07',298,'INICIAL',1,NULL),(306,5,8.55,4,'T','2017-04-07',299,'INICIAL',1,NULL),(307,53,0.78,51,'T','2017-04-18',279,'COMPRA',19,NULL),(308,110,0.78,105,'T','2017-04-18',280,'COMPRA',19,NULL),(309,3,31.05,2,'T','2017-04-18',55,'COMPRA',20,NULL),(310,73,0.55,73,'T','2017-04-18',277,'COMPRA',21,NULL),(311,60,0.55,51,'T','2017-04-18',278,'COMPRA',21,NULL),(312,26,9.25,14,'T','2017-04-18',82,'COMPRA',22,NULL),(313,4,34.2,4,'T','2017-04-19',180,'COMPRA',23,NULL),(314,9,139.73,5,'T','2017-04-01',43,'COMPRA',24,NULL),(315,5,8.1,5,'T','2017-04-20',11,'COMPRA',25,NULL),(316,1,310.5,1,'T','2017-04-20',143,'COMPRA',26,NULL),(317,2,268.2,0,'C','2017-04-20',144,'COMPRA',26,NULL),(318,12,60,12,'T','2017-04-20',42,'COMPRA',27,NULL),(319,4,246.86,4,'T','2017-04-20',14,'COMPRA',28,NULL),(320,3,137.14,3,'T','2017-04-20',15,'COMPRA',28,NULL),(321,1,207,0,'C','2017-04-20',152,'COMPRA',29,NULL),(322,11,90.06,4,'T','2017-05-03',300,'COMPRA',30,NULL),(323,11,90.06,7,'T','2017-05-03',301,'COMPRA',30,NULL),(324,11,85.08,7,'T','2017-05-03',302,'COMPRA',30,NULL),(325,11,85.03,7,'T','2017-05-03',303,'COMPRA',30,NULL),(326,1,5.85,1,'T','2017-05-27',156,'COMPRA',31,NULL),(327,1,60,1,'T','2017-05-27',38,'COMPRA',31,NULL),(328,1,28.8,1,'T','2017-05-27',186,'COMPRA',31,NULL),(329,11,24,11,'T','2017-05-27',13,'COMPRA',31,NULL),(330,6,6.75,6,'T','2017-05-27',155,'COMPRA',31,NULL),(331,15,4.6,15,'T','2017-05-27',67,'COMPRA',31,NULL),(332,7,19.97,7,'T','2017-05-27',163,'COMPRA',31,NULL),(333,4,6.39,4,'T','2017-05-27',178,'COMPRA',31,NULL),(334,4,12,4,'T','2017-05-27',175,'COMPRA',31,NULL),(335,2,20,2,'T','2017-05-27',60,'COMPRA',31,NULL),(336,2,25,2,'T','2017-05-27',63,'COMPRA',31,NULL),(337,1,75,1,'T','2017-05-27',208,'COMPRA',31,NULL),(338,1,20.7,1,'T','2017-05-27',6,'COMPRA',31,NULL),(339,3,13.95,3,'T','2017-05-27',98,'COMPRA',31,NULL),(340,0,1,0,'F','2017-05-27',277,'COMPRA',31,12),(341,20,2.14,20,'T','2017-05-27',281,'COMPRA',31,NULL),(342,6,2.02,6,'T','2017-05-27',282,'COMPRA',31,NULL),(343,1,89.1,1,'T','2017-05-27',145,'COMPRA',31,NULL),(344,1,178.2,1,'T','2017-05-27',146,'COMPRA',31,NULL),(345,12,0.55,12,'T','2017-05-27',277,'COMPRA',32,NULL);
/*!40000 ALTER TABLE `lote` ENABLE KEYS */;
UNLOCK TABLES;

--
-- Table structure for table `marca`
--

DROP TABLE IF EXISTS `marca`;
/*!40101 SET @saved_cs_client     = @@character_set_client */;
/*!40101 SET character_set_client = utf8 */;
CREATE TABLE `marca` (
  `idmarca` int(11) NOT NULL AUTO_INCREMENT,
  `Nombre` varchar(45) CHARACTER SET utf8 DEFAULT NULL,
  `fec_reg` date DEFAULT NULL,
  `Estado` char(1) CHARACTER SET utf8 DEFAULT 'T',
  PRIMARY KEY (`idmarca`),
  UNIQUE KEY `Nombre_UNIQUE` (`Nombre`)
) ENGINE=InnoDB AUTO_INCREMENT=55 DEFAULT CHARSET=utf8 COLLATE=utf8_unicode_ci;
/*!40101 SET character_set_client = @saved_cs_client */;

--
-- Dumping data for table `marca`
--

LOCK TABLES `marca` WRITE;
/*!40000 ALTER TABLE `marca` DISABLE KEYS */;
INSERT INTO `marca` VALUES (1,'PRO SENSE','2017-01-26','T'),(2,'BONGO','2017-01-26','T'),(3,'CODIGUA','2017-01-26','T'),(4,'BAYER','2017-01-26','T'),(5,'PET´S PHARMA','2017-01-26','T'),(6,'PURINA','2017-01-26','T'),(7,'PET DISH','2017-01-26','T'),(8,'SANTAY','2017-01-26','T'),(9,'SPRENGER','2017-01-26','T'),(10,'TITAN','2017-01-26','T'),(12,'SAFARI','2017-01-26','T'),(13,'HARTZ','2017-01-26','T'),(14,'FOUR PAWS','2017-01-26','T'),(15,'KENNEL','2017-01-26','T'),(16,'LITTER TRAY','2017-01-26','T'),(17,'COASTAL','2017-01-26','T'),(18,'TUFF','2017-01-26','T'),(19,'PET MATE','2017-01-26','T'),(20,'ARANDA','2017-01-26','T'),(21,'CALOX','2017-01-26','T'),(22,'PETT ATTIRE','2017-01-26','T'),(23,'PERFECT COAT','2017-01-26','T'),(24,'BARRCOVET','2017-01-26','T'),(25,'WELLCO','2017-01-26','T'),(26,'PROVET','2017-01-26','T'),(27,'AGROVET','2017-01-26','T'),(28,'MERIAL','2017-01-26','T'),(29,'VIRBAC','2017-01-26','T'),(30,'LABYES','2017-01-26','T'),(31,'LISAN','2017-01-26','T'),(32,'INNOPHARMA','2017-01-26','T'),(33,'BIOZOO','2017-02-01','T'),(34,'PETAG','2017-02-01','T'),(35,'HOLLYDAY','2017-03-30','T'),(36,'WARDLEY','2017-03-30','T'),(37,'TETRA','2017-03-30','T'),(38,'SAN ANTONIO','2017-03-31','T'),(39,'EXCEL','2017-03-31','T'),(40,'DIPROFA\'Q','2017-03-31','T'),(41,'PHARMAPEC','2017-03-31','T'),(42,'NEOGEN','2017-03-31','T'),(43,'GYPSONA','2017-03-31','T'),(44,'STAR PRO','2017-03-31','T'),(45,'HUNTER´S ','2017-03-31','T'),(46,'EGM','2017-03-31','T'),(47,'DELI CHUNKS','2017-03-31','T'),(48,'PEDIGREE','2017-03-31','T'),(49,'ARECA','2017-03-31','T'),(50,'GRAVY TRAIN','2017-03-31','T'),(51,'9LIVES','2017-03-31','T'),(52,'PET LIFE','2017-03-31','T'),(53,'HILLS','2017-04-01','T'),(54,'HAPPY PET','2017-04-04','T');
/*!40000 ALTER TABLE `marca` ENABLE KEYS */;
UNLOCK TABLES;

--
-- Table structure for table `perfilusu`
--

DROP TABLE IF EXISTS `perfilusu`;
/*!40101 SET @saved_cs_client     = @@character_set_client */;
/*!40101 SET character_set_client = utf8 */;
CREATE TABLE `perfilusu` (
  `idperfilusu` int(11) NOT NULL AUTO_INCREMENT,
  `menu` int(11) NOT NULL,
  `estado` char(1) CHARACTER SET latin1 NOT NULL DEFAULT 'T',
  `idusuario` int(11) NOT NULL,
  PRIMARY KEY (`idperfilusu`)
) ENGINE=InnoDB AUTO_INCREMENT=303 DEFAULT CHARSET=utf8 COLLATE=utf8_unicode_ci;
/*!40101 SET character_set_client = @saved_cs_client */;

--
-- Dumping data for table `perfilusu`
--

LOCK TABLES `perfilusu` WRITE;
/*!40000 ALTER TABLE `perfilusu` DISABLE KEYS */;
INSERT INTO `perfilusu` VALUES (234,0,'T',13),(235,1,'T',13),(236,2,'T',13),(237,3,'T',13),(238,4,'T',13),(239,5,'T',13),(240,6,'T',13),(241,7,'T',13),(242,8,'T',13),(243,9,'T',13),(244,10,'T',13),(245,11,'T',13),(246,12,'T',13),(247,13,'T',13),(248,14,'T',13),(249,15,'T',13),(250,16,'T',13),(251,17,'T',13),(252,18,'T',13),(253,19,'T',13),(254,20,'T',13),(255,21,'T',13),(256,22,'T',13),(257,0,'T',14),(258,1,'T',14),(259,2,'T',14),(260,3,'T',14),(261,4,'T',14),(262,5,'T',14),(263,6,'T',14),(264,7,'T',14),(265,8,'T',14),(266,9,'T',14),(267,10,'T',14),(268,11,'T',14),(269,12,'T',14),(270,13,'T',14),(271,14,'T',14),(272,15,'T',14),(273,16,'T',14),(274,17,'T',14),(275,18,'T',14),(276,19,'T',14),(277,20,'T',14),(278,21,'T',14),(279,22,'T',14),(280,0,'T',15),(281,1,'T',15),(282,2,'T',15),(283,3,'T',15),(284,4,'T',15),(285,5,'T',15),(286,6,'T',15),(287,7,'T',15),(288,8,'T',15),(289,9,'T',15),(290,10,'T',15),(291,11,'T',15),(292,12,'T',15),(293,13,'T',15),(294,14,'T',15),(295,15,'T',15),(296,16,'T',15),(297,17,'T',15),(298,18,'T',15),(299,19,'T',15),(300,20,'T',15),(301,21,'T',15),(302,22,'T',15);
/*!40000 ALTER TABLE `perfilusu` ENABLE KEYS */;
UNLOCK TABLES;

--
-- Table structure for table `producto`
--

DROP TABLE IF EXISTS `producto`;
/*!40101 SET @saved_cs_client     = @@character_set_client */;
/*!40101 SET character_set_client = utf8 */;
CREATE TABLE `producto` (
  `idproducto` int(11) NOT NULL AUTO_INCREMENT,
  `codigo` varchar(50) CHARACTER SET latin1 DEFAULT NULL,
  `nombre` varchar(100) CHARACTER SET latin1 DEFAULT NULL,
  `comprometido` int(11) DEFAULT '0',
  `Descripcion` varchar(255) CHARACTER SET latin1 DEFAULT NULL,
  `PrecioCompra` float DEFAULT NULL,
  `Precioventa` float DEFAULT NULL,
  `fecha` date DEFAULT NULL,
  `Categoria_idCategoria` int(11) NOT NULL,
  `Estado` char(1) CHARACTER SET latin1 DEFAULT 'T',
  `pivote` float DEFAULT NULL,
  `cantidad` float DEFAULT NULL,
  `idunidad` int(11) NOT NULL,
  `idmarca` int(11) NOT NULL,
  `preciocredito` float DEFAULT NULL,
  `preciodistribuidor` float DEFAULT NULL,
  `precioespecial` float DEFAULT NULL,
  PRIMARY KEY (`idproducto`,`Categoria_idCategoria`,`idunidad`,`idmarca`),
  UNIQUE KEY `codigo_UNIQUE` (`codigo`),
  KEY `fk_producto_Categoria1` (`Categoria_idCategoria`),
  KEY `fk_producto_unidad1_idx` (`idunidad`),
  KEY `fk_producto_marca1_idx` (`idmarca`),
  CONSTRAINT `fk_producto_Categoria1` FOREIGN KEY (`Categoria_idCategoria`) REFERENCES `categoria` (`idCategoria`) ON DELETE NO ACTION ON UPDATE NO ACTION,
  CONSTRAINT `fk_producto_marca1` FOREIGN KEY (`idmarca`) REFERENCES `marca` (`idmarca`) ON DELETE NO ACTION ON UPDATE NO ACTION,
  CONSTRAINT `fk_producto_unidad1` FOREIGN KEY (`idunidad`) REFERENCES `unidad` (`idunidad`) ON DELETE NO ACTION ON UPDATE NO ACTION
) ENGINE=InnoDB AUTO_INCREMENT=304 DEFAULT CHARSET=utf8 COLLATE=utf8_unicode_ci;
/*!40101 SET character_set_client = @saved_cs_client */;

--
-- Dumping data for table `producto`
--

LOCK TABLES `producto` WRITE;
/*!40000 ALTER TABLE `producto` DISABLE KEYS */;
INSERT INTO `producto` VALUES (1,'2685101611','FLEA Y TICK SHAMPOO',0,'SHAMPOO CONTRA GARRAPATAS Y PULGAS',35.1,52,'2017-01-30',140,'T',2,6,1,1,52,52,52),(2,'26851016182','TEARLESS PUPPY SHAMPOO',0,'SHAMPOO ESPECIALMENTE PARA CACHORROS',35.1,52,'2017-01-30',140,'T',1,2,2,23,52,52,52),(3,'2685100640','BLACK PEARL SHAMPOO',0,'SHAMPOO ESPECIALMENTE PARA PERROS CON PELAJE NEGRO',34.2,52,'2017-01-30',140,'T',1,1,2,23,52,52,52),(5,'2685100642','WHITE PEARL SHAMPOO',0,'SHAMPOO ESPECIALMENTE PARA PERROS CON PELAJE BLANCO',34.2,52,'2017-01-30',140,'T',1,1,2,23,52,52,52),(6,'7406160001285','FLEA Y TICK DOG SHAMPOO BONGO',0,'SHAMPOO CONTRA PULGAS Y GARRAPATAS BONGO',20.7,31,'2017-01-30',140,'T',1,3,5,2,31,31,31),(7,'7406160001278','FLEA Y TICK DOG SHAMPOO BONGO',0,'SHAMPOO CONTRA PULGAS Y GARRAPATAS BONGO',13.5,20,'2017-01-30',140,'T',1,3,4,2,20,20,20),(8,'7406160001001','FLEA Y TICK DOG SHAMPOO BONGO',0,'SHAMPOO CONTRA PULGAS Y GARRAPATAS BONGO',7.2,12,'2017-01-30',140,'T',1,3,3,2,12,12,12),(9,'7441003110182','BOLFO SHAMPOO',0,'SHAMPOO PARA PERROS PULGUICIDA Y PIOJICIDA ',52,84,'2017-01-30',140,'T',1,3,7,4,84,84,84),(10,'7506343800749','CLOREXIVET 250 ml',0,'SHAMPOO DERMATOLOGICO PARA INFECCIONES DE LA PIEL',52.2,70,'2017-01-30',140,'T',1,2,3,5,70,70,70),(11,'7406160002701','COLLAR BONGO CON DISEÑO L',0,'COLLAR BONGO CON DISEÑO L',8.1,15,'2017-01-31',144,'T',1,5,87,2,15,15,15),(12,'7506343801999','KANNES JABON',0,'JABON DERMATOLOGICO PARA INFECCIONES DE LA PIEL Y SEBORREA OLEOSA',36,45,'2017-01-31',141,'T',1,3,52,5,45,45,45),(13,'7501051100037','ASUNTOL JABON',0,'JABON PARA PERRO  ELIMINA PULGAS Y GARRAPATAS ',24,33,'2017-01-31',141,'T',1,31,8,4,33,33,33),(14,'79013321','FRONTLINE SPRAY 250 ml',0,'SOLUCION CUTANEA CONTRA PULGAS Y GARRAPATAS',246.86,350,'2017-01-30',143,'T',1,5,3,28,350,350,350),(15,'79013314','FRONTLINE SPRAY 100 ml',0,'SOLUCION CUTANEA CONTRA PULGAS,GARRAPATAS Y PIOJOS',137.14,200,'2017-01-30',143,'T',1,4,13,28,200,200,200),(16,'4007221039129','SERESTO PEQUEÑO',0,'COLLAR PARA PERROS PEQUEÑOS Y GATOS ELIMINA GARRAPATAS,PULGAS Y PIOJOS',257.03,365,'2017-01-30',144,'T',2,7,14,4,365,365,365),(17,'4007221039112','SERESTO MED Y GRANDE',0,'COLLAR PARA PERROS GRANDE Y MEDIANOS ELIMINA GARRAPATAS,PULGAS Y PIOJOS',276,390,'2017-01-31',144,'T',2,8,15,4,390,390,390),(18,'7502010420180','PREVENTIC COLLAR',0,'COLLAR PARA PERROS GARRAPATICIDA Y ACARICIDA',55.72,85,'2017-01-30',144,'T',2,2,157,29,85,85,85),(19,'CERTIF2-10','CERTIFECT PIPETA S 2-10 KG',0,'PIPETAS CONTRA LAS GARRAPATAS Y PULGAS,PROMOCION ',45,70,'2017-01-31',145,'T',3,0,18,28,70,70,70),(20,'CERTIF10-20','CERTIFECT PIPETA M 10-20 KG',0,'PIPETA CONTRA GARRAPATAS Y PULGAS PARA PERROS DE 10-20KG',55.22,85,'2017-01-31',145,'T',3,10,158,28,85,85,85),(21,'CERTIF20-40','CERTIFECT PIPETA L 20-40 KG',0,'PIPETA CONTRA GARRAPATAS Y PULGAS PARA PERROS DE 20-40KG, PROMOCION',52.66,85,'2017-01-30',145,'T',3,7,17,28,85,85,85),(22,'CERTIF40-60','CERTIFECT PIPETA XL 40-60 KG',0,'PIPETA CONTRA LAS GARRAPATAS Y PULGAS PARA PERROS DE 40-60 KG,PROMOCION',97,115,'2017-01-30',145,'T',3,6,16,28,115,115,115),(23,'NEXTAB10.1-25','NEXGARD TABLETA 10.1-25 KG',0,'TABLETA MASTICABLE MATA PULGAS Y GARRAPATAS,PROTEGE DURANTE 30 DIAS',131.67,170,'2017-01-31',146,'T',2,4,21,28,170,170,170),(24,'NEXTAB4.1-10','NEXGARD TABLETA 4.1-10KG',0,'TABLETA MASTICABLE,MATA PULGAS Y GARRAPATAS PARA PERROS DE 4.1-10KG,PROTEGE DURANTE 30 DIAS',112.5,150,'2017-01-30',146,'T',2,0,22,28,150,150,150),(25,'NEXTAB2-4','NEXGARD TABLETA 2-4KG',0,'TABLETA MASTICABLE,MATA PULGAS Y GARRAPATAS PARA PERROS DE 2-4KG PROTEGE DURANTE 30 DIAS',95.83,130,'2017-01-31',146,'T',2,5,23,28,130,130,130),(26,'7441003111356','BOVITRAZ 30ML',0,'EMULSION DILUIBLE GARRAPATICIDA,NO UTILIZAR EN CHIHUAHUAS Y EN PERROS MENORES DE 3 MESES',32.03,43,'2017-01-30',147,'T',3,1,24,4,43,43,43),(27,'734448000802','LASARNOL SOLUCION TOPICA',0,'ANTIPARASITARIO DE AMPLIO ESPECTRO,SOLUCION TOPICA IVERMECTRINA',40,58,'2017-01-30',147,'T',1,10,58,20,58,58,58),(28,'7506343801579','GENTACYN OFTALMICO',0,'SOLUCION OFTALMICA,ANTIBIOTICO-GENTAMICINA',40,54,'2017-01-31',147,'T',1,3,25,5,54,54,54),(29,'OTI0025','OTIFLEX LIMPIADOR',0,'SOLUCIÓN PARA LIMPIEZA DE OIDOS PARA PERROS Y GATOS',37.67,51,'2017-01-31',147,'T',1,2,26,30,51,51,51),(30,'734448000260','BEBIDA UNIVERSAL',0,'EXPECTORANTE PARA LAS VIAS RESPIRATORIAS',45,60,'2017-01-30',147,'T',1,0,27,20,60,60,60),(31,'2685101775','BREWERS YEAST TABLETAS',0,'SUPLEMENTO DIARIO DE LEVADURA DE CERVEZA Y AJO,QUE PROVEE AL PERRO PROTEINA,ZINC Y BIOTINA',27,40,'2017-01-30',147,'T',1,1,28,1,40,40,40),(32,'2685101759','SKIN Y COAT CARE ',0,'SUPLEMENTO VITAMINICO PARA PELO Y PIEL',29.7,44,'2017-01-30',147,'T',1,3,127,1,44,44,44),(33,'7506343801586','OTIKO SOLUCION',0,'SOLUCION OTICA CONTIENE KETOKONAZOL,GENTAMICINA,DEXAMETASONA.BACTERICIDA,FUNGICIDA Y ANTIFLAMATORIO',41,60,'2017-01-31',147,'T',2,1,30,5,60,60,60),(34,'7506343801272','PHARMOTIL ORAL',0,'INDICADO PARA CONTROL DE NAUSEAS Y VOMITOS(METOCLOPRAMIDA)',19,24,'2017-01-31',147,'T',2,4,31,5,24,24,24),(35,'7401068502032','TRIMETOPRIM SULFAMETOXAZOL',0,'SUSPENSION ORAL,INDICADO PARA TRATAMIENTO DE INFECCIONES BACTERIANAS',16.8,23,'2017-01-31',147,'T',2,4,32,24,23,23,23),(36,'6228700109','LOPE LISAN',0,'SUSPENSION ORAL ANTIDIARREICA',39,51,'2017-01-31',147,'T',3,4,13,31,51,51,51),(37,'7506343800145','AMOXIPET Jr.',0,'ANTIBIOTICO BETALACTAMICO (AMOXICILINA TRIHIDRATADA)',33,45,'2017-01-31',147,'T',1,2,31,5,45,45,45),(38,'7506343800152','AMOXIPET 250',0,'INDICADO PARA INFECCIONES AGUDAS Y CRONICAS (AMOXICILINA TRIHIDRATADA)',60,80,'2017-01-31',147,'T',1,2,32,5,80,80,80),(39,'ANTITOX0100','ANTITOXINA ORAL',0,'ADSORBENTE GASTRICO (CABON ACTIVADO)',41,60,'2017-02-01',147,'T',2,4,16,27,60,60,60),(40,'6922900116','CREMA CICATRIZANTE',0,'ANTIMICOTICO,ANTIFLAMATORIO,ANTIBIOTICO CICATRIZANTE',21.6,32.5,'2017-01-31',149,'T',2,8,35,21,32.5,32.5,32.5),(41,'75040277','EXTRACTO DE HIGADO VITAMINADO2',0,'VITAMINAS INYECTADAS PARA PERROS',15,22,'2017-01-31',147,'T',2,0,25,33,22,22,22),(42,'2027999550','ENERGEL',0,'VITAMINAS PARA ESTIMULAR EL APETITO DE LOS PERROS',60,79,'2017-01-31',149,'T',2,16,8,34,79,79,79),(43,'7501051104721','ARTROFLEX ',0,'VITAMINAS QUE AYUDAN AL PROCESO DEGENERATIVO DE LAS ARTICULACIONES EN LOS PERROS',139.73,190,'2017-01-31',147,'T',2,5,38,4,190,190,190),(44,'7501051174137','EQUILIBRIUM',0,'COMPLEMENTO VITAMINICO Y MINERAL DE USO DIARIO PARA PERROS',103.73,140,'2017-01-31',147,'T',2,9,38,4,140,140,140),(45,'7406160000097','TIRAPERRO DE CADENA 2.0MM',0,'TIRAPERRO DE CADENA BONGO 2.0MM VARIEDAD DE COLOR',5.5,7.5,'2017-01-31',150,'T',1,0,86,2,7.5,7.5,7.5),(46,'7406160000103','TIRAPERRO DE CADENA  2.5MM',0,'TIRAPERRO DE CADENA 2.5MM BONGO COLORES ROJO,AMARILLO Y NEGRO',6.48,10,'2017-01-31',150,'T',1,4,87,2,10,10,10),(47,'7406160000110','TIRAPERRO DE CADENA 3.MM',0,'TIRAPERRO DE CADENA 3.0MM COLORES ROJO,AMRILLO Y ROJO',8.1,12,'2017-01-31',150,'T',1,2,68,2,12,12,12),(48,'7406160000127','TIRAPERRO DE CADENA 3.5MM',0,'TIRAPERRO DE CADENA BONGO 3.5MM COLORES ROJO,AMARILLO Y NEGRO',9.45,15,'2017-01-31',150,'T',1,2,69,2,15,15,15),(49,'19191','JALADOR ROPE M VERDE ROSA',0,'JALADOR CROSSED ROPE 1.2MM ROSA-VERDE',16.2,25,'2017-01-31',151,'T',1,0,71,2,25,25,25),(50,'19192','JALADOR ROPE AZUL VERDE 1.2',0,'JALADOR CROSSED ROPE M 1.2MM AZUL-VERDE',16.2,25,'2017-01-31',151,'T',1,0,71,2,25,25,25),(51,'19194','JALADOR ROPE ROSA NARANJA 1.2M',0,'JALADOR ROPE M 1.2MM ROSA-NARANJA',16.2,25,'2017-01-31',151,'T',1,1,71,2,25,25,25),(52,'19024','JALADOR ROPE ROSA NARANJA L',0,'JALADOR ROPE 1.5MM ROSA-NARANJA',21.6,33,'2017-01-31',151,'T',1,1,72,2,33,33,33),(53,'19021','JALADOR ROPE AZUL AMARILLO L',0,'JALADOR ROPE L 1.5MM AZUL AMARILLO',21.6,33,'2017-01-31',151,'T',1,1,72,2,33,33,33),(54,'7406160001933','JALADOR CROSSED  ROPE CON RESORTE ',0,'JALADOR CROSSED ROPE CON RESORTE 1.5MM*4 ',25.2,38,'2017-01-31',151,'T',1,3,73,2,38,38,38),(55,'4133400103','JONNY CAT ORIGINAL ',0,'TIRAPERRO DE CADENA 4.0MM COLORES NEGRO,AMARILLO,ROJO',31.05,46,'2017-01-31',164,'T',1,2,117,46,46,46,46),(56,'61601','COLLAR SPECTRA BUCKLE METAL M',0,'COLLAR SPECTRA BUCKLE DE METAL 3/4 VARIOS COLORES',43.2,64,'2017-01-31',144,'T',1,1,74,17,64,64,64),(57,'CODI001','COLLAR NYLON PET LOVERS XS',0,'COLLAR DE NYLON PET LOVERS XS VARIOS COLORES',5.49,10,'2017-01-31',144,'T',1,2,75,3,10,10,10),(58,'CODI002','COLLAR NYLON PET LOVERS   S',0,'COLLAR DE NYLON PET LOVERS TALLA S VARIOS COLORES',6.96,10,'2017-01-31',144,'T',2,7,76,3,10,10,10),(59,'SANTANY','COLLAR NYLON ',0,'COLLAR DE NYLON  M VARIOS COLORES',8,15,'2017-01-31',144,'T',1,11,77,8,15,15,15),(60,'SANTAY040','COLLAR DE CUERO #4',0,'COLLAR DE CUERO #4',20,33,'2017-03-31',144,'T',2,7,82,8,33,33,33),(61,'CODIG010','COLLAR DE CUERO PET LOVERS #1',0,'COLLAR DE CUERO PET LOVERS #1 ',9.28,13,'2017-01-31',144,'T',1,0,79,3,13,13,13),(62,'CODIG020','COLLAR DE CUERO PET LOVERS #2',0,'COLLAR DE CUERO PET LOVERS #2',14.9,20,'2017-01-31',144,'T',2,2,80,3,20,20,20),(63,'SANTAY050','COLLAR DE CUERO  #5',0,'COLLAR DE CUERO #5 PARA PERRO GRANDE',25,40,'2017-01-31',144,'T',1,5,83,8,40,40,40),(64,'7706358001517','JABON POMPAS',0,'JABON ANTISEPTICO INSECTICIDA Y DESODORANTE',10.5,15,'2017-03-30',141,'T',0,19,11,26,15,15,15),(65,'7501051174144','EQUILIBRIUM AGES ',0,'VITAMINAS DE ACIDOS GRASOS ESENCIALES PARA PERROS',131.79,176,'2017-03-30',147,'T',1,4,38,4,176,176,176),(66,'DEXA02MG','DEXAMETASONA ',0,'DESINFLAMTORIO, ANTIALERGICO ',1.27,3,'2017-03-30',148,'T',10,103,48,24,3,3,3),(67,'7506343800015','MELOXIVET 1.0MG',0,'ANTIINFLAMATORIO, 1 TABLETA POR CADA 5KG DE PESO (MELOXICAN)',4.6,6,'2017-03-30',148,'T',10,46,43,5,6,6,6),(68,'7506343800022','MELOXIVET 2.5MG',0,'ANTIINFLAMATORIO 1 TABLETA POR CADA 12.5KG DE PESO  ( MELOXICAN)',5.3,7.5,'2017-03-30',148,'T',10,30,48,5,7.5,7.5,7.5),(69,'7506343800039','MELOXIVET 4.MG',0,'ANTIINFLAMATORIO, 1 TABLETA POR CADA 20KG DE PESO (MELOXICAN)',5.96,8,'2017-03-30',148,'T',10,19,49,5,8,8,8),(70,'7798042361311','CEFALEXINA 500 mg',0,'ANTIBIOTICO, PARA INFECCIONES DE LA PIEL Y TEJIDOS BLANDOS',5.2,10,'2017-03-30',148,'T',10,316,160,35,10,10,10),(71,'7891106003704','DONTRAL PLUS 35 KG',0,'DESPARASITANTE PARA PERROS DE 35 KG',51.23,70,'2017-03-30',148,'T',10,13,46,4,70,70,70),(72,'7441003110977','DONTRAL PLUS 10 KG',0,'DESPARASITANTE PARA PERROS DE 10KG',18.8,25,'2017-03-30',148,'T',10,74,47,4,25,25,25),(73,'7441003121935','BAYTRIL 150 mg',0,'ANTIBIOTICO DE AMPLIO ASPECTRO, 1TABLETA POR CADA 30 KG',16.5,23,'2017-03-30',148,'T',10,51,50,4,23,23,23),(74,'7441003121942','BAYTRIL DE 50MG',0,'ANTIBIOTICO DE AMPLIO ASPECTRO,1 TABLETA POR CADA 10K',7.7,11,'2017-03-30',148,'T',10,64,51,4,11,11,11),(75,'7798182330109','SPECTRYL 10',0,'CIPROFLOXACINA Y METRONIDAZOL 1TABLETA POR CADA 10 KG',4.5,6.5,'2017-03-30',148,'T',10,140,8,20,6.5,6.5,6.5),(76,'DOXICI100','DOXICICLINA ',0,'',3.48,7,'2017-03-30',148,'T',10,28,8,21,7,7,7),(77,'CARPO100','CAPODRYL100',0,'ANTIINFLAMATORIO (CARPOFENO)',6,10,'2017-03-30',148,'T',5,0,8,27,10,10,10),(78,'CARPRO25','CARPRODYL 25',0,'ANTIINFLAMATORIO, 1 TABLETA POR CADA 11KG ',2.5,4,'2017-03-30',146,'T',10,0,54,27,4,4,4),(79,'2703524076','FUROSEMIDA',0,'DIURETICO, 1 TABLETA POR CADA 10K',1.4,2,'2017-03-30',148,'T',10,31,51,24,2,2,2),(80,'CIPRO250','CIPRO-TABS 250MG',0,'ANTIBACTERIANO ORAL 1TABLETA POR CADA 15-20KG',2.5,4,'2017-03-30',148,'T',10,23,161,27,4,4,4),(81,'73444800214','MEPRAZOLIC ',0,'INDICADO PARA REFLUJO GASTROESOFAGICO(OMEPRAZOL)',1.8,5.5,'2017-03-30',148,'T',10,46,55,20,5.5,5.5,5.5),(82,'7506343800947','IVERKAN 10',0,'DESPARASITANTE,1TABLETA POR CADA 10KG',9.25,15,'2017-03-30',148,'T',5,14,47,5,15,15,15),(83,'7506343800954','IVERKAN 30',0,'DESPARASITANTE 1TABLETA POR CADA 30KG',24.5,35,'2017-03-30',148,'T',5,11,57,5,35,35,35),(84,'7798042365128','TOTAL FULL CG 15 ML',0,'ANTIPARASITARIO DE AMPLIO ASPECTRO',81.42,120,'2017-03-30',147,'T',1,0,31,35,120,120,120),(85,'7798042365111','TOTAL FULL CG 150ML',0,'DESPARASITANTE DE AMPLIO ASPECTRO',3.2,8,'2017-03-30',147,'T',150,435,162,35,8,8,8),(86,'PAMOATO5ML','PAMOATO DE PIRANTEL 5ML',0,'DESPARASITANTE EN PASTA 5ML',14.9,20,'2017-03-30',149,'T',3,8,163,24,20,20,20),(87,'2685100720','DETER  60 TAB',0,'TRATAMIENTO PARA CROPOPHAGIA 1 TABLETA POR CADA 10LBS',43.2,72,'2017-03-30',147,'T',1,1,38,14,72,72,72),(88,'7506343801357','FRESH CARE COLONIA 25 ML',0,'COLONIA PARA PERROS 25 ML',21,40,'2017-03-30',143,'T',2,8,26,5,40,40,40),(89,'7506343801012','KANNES TRAINING',0,'ENTRENADOR PARA PERRO,ATRAYENTE ',40,50,'2017-03-30',143,'T',1,0,60,5,50,50,50),(90,'FIPRO275','FIPRONEX 275 ML',0,'SPRAY CONTRA PULGAS Y GARRAPATAS',142,205,'2017-03-30',143,'T',2,1,164,27,205,205,205),(91,'FIPRO55','FIPRONEX 55 ML',0,'SPRAY ANTIPULGAS Y GARRAPATAS  ',39,60,'2017-03-30',143,'T',2,4,12,27,60,60,60),(92,'3270080484','FLEA AND TICK COLLAR GRANDE',0,'COLLAR PARA PERRO CONTRA PULGAS Y GARRAPATAS ',32.4,48,'2017-03-30',144,'T',1,1,166,13,48,48,48),(93,'32700804787','FLEA AND TICK COLLAR PUPPIES',0,'COLLAR ANTIPULGAS Y GARRAPASTAS ',32.4,48,'2017-03-30',144,'T',1,1,167,13,48,48,48),(94,'FRONT10KG','FRONTLINE 10KG',0,'PIPETA CONTRAPULGAS Y GARRAPATAS PARA PERROS HASTA DE 10KG',78,105,'2017-03-30',145,'T',1,3,168,28,105,105,105),(95,'FRONT10-20KG','FRONTLINE10-20KG',0,'PIPETA CONTRA  PULGAS Y GARRAPATAS',90,120,'2017-03-30',145,'T',2,7,19,28,120,120,120),(96,'FRONT20-40KG','FRONTLINE 20-40KG',0,'PIPETA CONTRA PULGAS Y GARRAPATAS PARA PERRO DE 20-40KG',102.86,140,'2017-03-30',145,'T',2,2,20,28,140,140,140),(97,'FRONT40-60KG','FRONTLINE 40-60KG',0,'PIPETA CONTRA PULGAS Y GARRAPATAS PARA PERROS DE 40-60KG\n',120,160,'2017-03-30',145,'T',2,5,171,28,160,160,160),(98,'4332401525','GOLDFISH FLAKES 1OZ',0,'COMIDA PARA PECES DORADOS',13.95,21,'2017-03-30',147,'T',1,6,172,36,21,21,21),(99,'4679829252','REPTOMIN 1.94OZ',0,'PALITOS FLOTANTES PARA TODO TIPO DE REPTILES ',19.8,30,'2017-03-30',147,'T',1,4,173,37,30,30,30),(100,'4679829254','REPTOMIN 3.70 OZ',0,'PALITOS FLOTANTES PARA TODAS CLASE DE REPTIL',31.5,48,'2017-03-30',147,'T',1,1,174,37,48,48,48),(101,'4332400300','TURTLE DELITE WARDLEY 0.40',0,'ALIMENTO PARA TORTUGAS DE CAMARON DESHIDRATADO',12.6,19,'2017-03-30',147,'T',1,3,175,36,19,19,19),(102,'6228780260','CLOTRIMAZOL 35G',0,'CLOTRIMAZOL BETAMETASONA NEOMICINA',41.5,56,'2017-03-30',149,'T',1,0,176,31,56,56,56),(103,'SUCRA15','SUCRALVET GEL 15ML',0,'GEL ORAL PARA TRATAMIENTO DE ULCERACIONES',52,70,'2017-03-31',149,'T',1,1,31,32,70,70,70),(104,'RECLUS100','RECLUS1',0,'CREMA CICATRIZANTE ',10,15,'2017-03-31',147,'T',2,9,8,38,15,15,15),(105,'2685107305','ENERVITE PUPPY',0,'VITAMINAS EN PASTA PARA PERROS ESTIMULANTE DEL APETITO',36,54,'2017-03-31',149,'T',1,2,9,39,54,54,54),(106,'RANI25ML','RANIMAX 25 ML',0,'TRATAMIENTO PARA GASTRITIS EN PERROS',37,50,'2017-03-31',147,'T',1,4,26,40,50,50,50),(107,'PRADOL25','PRADOL 30ML',0,'TRATAMIENTO PARA DOLORES CRONICOS, (TRAMADOL)',45,60,'2017-03-31',147,'T',1,3,24,40,60,60,60),(108,'7414400201012','NUTRAID LECHE',0,'SUSTITUTO DE LECHE MATERNA PARA CANINOS',76.5,120,'2017-03-31',171,'T',1,0,177,5,120,120,120),(109,'7506343801432','FRESH CARE COLONIA125 ML',0,'COLONIA PARA PERROS ',42.3,47,'2017-03-31',143,'T',1,0,60,5,47,47,47),(110,'AMOXITAB250','AMOXITABS 250',0,'ANTIBIOTICO DE AMPLIO ASPECTRO, PARA INFECCIONES 1 TABLETA POR CADA 16KG',3.66,6,'2017-03-31',146,'T',20,174,161,27,6,6,6),(111,'LORATA10','LORATADINA',0,'TRATAMIENTO PARA PERROS PARA LAS ALERGIAS ',2.45,7,'2017-03-31',148,'T',2,10,159,21,7,7,7),(112,'2685183073','REPELENTE ENTRENADOR COMPLETE',0,'SPRAY PARA MANTENER AL PERRO ALEJADO DEL LOS LUGARES DONDE UD NO QUIERE QUE ESTE.',34.2,51,'2017-03-31',143,'T',1,0,127,7,51,51,51),(113,'3270084137','TALCO ANTI PULGAS 4OZ',0,'TALCO ANTIPULGAS Y GARRAPATAS',19.8,38,'2017-03-31',142,'T',1,2,115,13,38,38,38),(114,'3270080483','COLLAR FLEA AND TICKS CATS',0,'COLLAR ANTIPULGAS PARA GATOS, NO UTILIZAR EN FELINOS DE MENOS DE 12 SEMANAS',32.4,47,'2017-03-31',144,'T',1,1,167,13,47,47,47),(115,'3270096037','SHAMPOO FLEA AND TICKS CATS',0,'SHAMPOO CONTRA PULGAS Y GARRAPATAS PARA GATOS',34.2,51,'2017-03-31',140,'T',1,2,50,13,51,51,51),(116,'3270091028','SPRAY FLEA AND TICKS CATS',0,'SPRAY CONTRA PULGAS Y GARRAPATAS PARA GATOS',36,54,'2017-03-31',143,'T',1,2,127,13,54,54,54),(117,'7414400200824','SHAMPOO NATURAL AVENA Y MIEL',0,'shampoo de avena y miel para perros con piel delicada',27,40,'2017-03-31',140,'T',1,1,2,41,40,40,40),(118,'1812226443','CORRECTOR ELECTROLITICO',0,'SUERO ORAL PARA PERROS EN SABOR DE CARNE DE RES Y POLLO',16.4,22,'2017-03-31',147,'T',2,7,4,24,22,22,22),(119,'QUICK15','QUICK BAYT',0,'GRANULOS EFECTIVOS PRA EL CONTROL DE LA MOSCA',10.65,15,'2017-03-31',172,'T',2,0,35,4,15,15,15),(120,'7506343800756','DERMATRYL SHAMPOO',0,'SHAMPOO DERMATOLOGICO CON TRICLOSAN',36,50,'2017-03-31',140,'T',1,4,3,5,50,50,50),(121,'NEOGEN4X5','VENDA FLEXIBLE4x5',0,'VENDA FLEXIBLE DE 4*5 YDS',31,45,'2017-03-31',173,'T',1,1,181,42,45,45,45),(122,'NEOGEN3X5','VENDA FLEXIBLE 3x5',0,'VENDA FLEXIBLE 3*5 YDS',33,46,'2017-03-31',173,'T',1,1,182,42,46,46,46),(123,'GYPSONA10X4.5','VENDA ENYESADA10x4.5',0,'VENDA ENYESADA DE 10CM*4.5MTS',38,50,'2017-03-31',173,'T',1,2,185,43,50,50,50),(124,'7501072204554','PROPLAN PUPPY COMPLETE 1K',0,'CONCENTRADO PARA CACHORROS HASTA DE 24 MESES',50.27,67,'2017-03-31',174,'T',4,0,144,6,67,67,67),(125,'7501072204561','PROPLA PUPPY COMPLETE 3K',0,'COMIDA PARA CACHORROS HASTA DE 24 MESES',144.98,194,'2017-03-31',174,'T',2,0,116,6,194,194,194),(126,'7501072204578','PROPLAN PUPPY COMPLETE 7.5',0,'CONCENTRADO PARA CACHORROS HASTA DE 24 MESES',314.89,420,'2017-03-31',174,'T',1,0,147,6,420,420,420),(128,'7501072204579','PROPLAN PUPPY COMPLETE 15KG',0,'CONCENTRADO PARA CACHORROS HASTA 24 MESES',587.25,783,'2017-03-31',174,'T',1,0,147,6,783,783,783),(129,'7501072204592','PROPLAN PUPPY S.B 1K',0,'CONCENTRADO PARA CACHORROS DE RAZAS PEQUEÑAS HASTA 12 MESES DE EDAD',50.27,67,'2017-03-31',174,'T',4,0,144,6,67,67,67),(130,'7501072204608','PROPLAN PUPPY S.B 3KG',0,'CONCENTRADO PARA CACHORROS HASTA DE 12 MESES',144.98,194,'2017-03-31',174,'T',2,0,116,6,194,194,194),(131,'7501072204615','PROPLAN PUPPY S.B 7.5KG',0,'CONCENTRADOPARA',314.88,420,'2017-03-31',174,'T',1,0,146,6,420,420,420),(132,'7501072204707','PROPLAN ADULTO S.B 1K',0,'CONCENTRADO PARA PERRO ADULTOD DE RAZAS PEQUEÑAS',45.55,61,'2017-03-31',174,'T',2,0,144,6,61,61,61),(133,'7501072204714','PROPLAN ADULTO SB 3KG',0,'CONCENTRADO PARA PERROS ADULTOS RAZAS PEQUEÑAS',125.74,168,'2017-03-31',174,'T',2,0,116,6,168,168,168),(134,'7501072204721','PROPLAN ADULTO SB 7.5 KG',0,'CONCENTRADO PARA PERROS ADULTOS DE RAZAS PEQUEÑAS',271.42,362,'2017-03-31',174,'T',1,0,146,6,362,362,362),(135,'7501072204660','PROPLAN ADULTO COMPLETE 1KG',0,'CONCENTRADO PARA PERROS ADULTOS DE 2 A 7 AÑOS',45.55,61,'2017-03-31',174,'T',2,0,144,6,61,61,61),(136,'7501072204677','PROPLAN ADULTO COMPLETE 3KG',0,'CONCENTRADOS PARA PERROS ADULTOS DE 2 A 7AÑOS',125.74,168,'2017-03-31',174,'T',2,0,116,6,168,168,168),(137,'75011072204722','PROPLAN ADULTO COMPLETE 7.5K',0,'CONCETRADO PARA PERROS ADULTOS DE 2 A 7 AÑOS',271.42,362,'2017-03-31',174,'T',1,0,146,6,362,362,362),(138,'7501072204723','PROPLAN ADULTO COMPLETE 15KG',0,'CONCENTRADO PARA PERROS ADULTOS DE 2 A7 AÑOS',510.59,681,'2017-03-31',174,'T',1,0,147,6,681,681,681),(139,'7501072204646','PROPLAN PUPPY SENSITIVE 3K',0,'CONCENTRADO PARA CACHORROS CON PEIL SENSIBLE',144.97,194,'2017-03-31',174,'T',1,0,116,6,194,194,194),(140,'7501072204752','PROPLAN ADULTO SENSITIVE 3K',0,'CONCENTRADO PARA PERROS ADULTOS CON PIELL SENSIBLE',129.32,173,'2017-03-31',174,'T',1,0,116,6,173,173,173),(141,'7501072204790','PROPLAN ADULTO REDUCE CALORIE 3KG',0,'CONCENTRADO PARA PERROS ADULTOS CON PROBLEMAS DE SOBRE PESO',129.32,173,'2017-03-31',174,'T',1,0,116,6,173,173,173),(142,'7501072204523','PROPLAN SENIOR  3KG',0,'CONCENTRADO PARA PERROS ADULTOS DE MAS DE 7 AÑOS',129.31,173,'2017-03-31',174,'T',1,0,116,6,173,173,173),(143,'750107227333','DOG CHOW CACHORRO 20K',0,'CONCENTRADO PARA CACHORROS DE RAZAS PEQUEÑAS',310.5,541,'2017-03-31',174,'T',1,1,187,6,541,541,541),(144,'1780013550','DOG CHOW ADULTO 50LBS',0,'CONCENTRADO COMPLETO PARA PERRO ADULTO ',268.2,409,'2017-03-31',174,'T',1,0,148,6,409,409,409),(145,'7269319880','STAR PRO PREMIUN PUPPY 8LBS',0,'CONCENTRADO PARA CACHORROS ',89.1,120,'2017-03-31',174,'T',2,4,149,44,120,120,120),(146,'7269318990','STAR PRO PREMIUM PUPPY 20LBS',0,'CONCENTRADO PARA CACHORROS ',178.2,240,'2017-03-31',174,'T',1,2,150,44,240,240,240),(147,'7269318980','STAR PRO PREMIUM PUPPY 40LBS',0,'CONCENTRADO PARA CACHORROS ',320.4,435,'2017-03-31',174,'T',1,2,151,44,435,435,435),(148,'10130','HUNTER´S  PERFORMANCE PLUS 50LBS',0,'CONCENTRA PARA PERROS ADULTOS CON 26% DE PROTEINAS 18% de grasa',269.1,350,'2017-03-31',174,'T',1,2,148,45,350,350,350),(149,'10140','HUNTER´S ECONOMY 50LBS',0,'CONCENTRADO PARA PERRO ADULTO ',216,288,'2017-03-31',174,'T',1,1,148,45,288,288,288),(150,'10135','HUNTER´S MAINTENANCE 50 LBS',0,'CONCENTRADO PARA ADULTO ',247.5,330,'2017-03-31',174,'T',1,1,148,45,330,330,330),(151,'99311','DELI CHUNKS 50 LBS',0,'CONCENTRADO PARA PERRO EN ETAPA DE MANTENIMIENTO',229.5,306,'2017-03-31',174,'T',1,1,148,46,306,306,306),(152,'GRAND100','GRAND SABUESO ',0,'CONSENTRADO PARA PERRO ADULTO',207,275,'2017-03-31',174,'T',1,0,189,49,275,275,275),(153,'ARECA100','ARECANA PLUS',0,'CONCENTRADO DE COLORES PARA PERRO ADULTO',285,320,'2017-03-31',174,'T',1,0,189,49,320,320,320),(154,'7910051857','GRAVY TRAIN BEFFY CLASIC 3.5 LBS',0,'CONCENTRADO CON SABOR A CARNE DE RES, PUEDE SERVIRSE EN SECO O CON AGUA',28.8,39,'2017-03-31',174,'T',1,3,153,50,39,39,39),(155,'7015510226','BUTTONS AND BOWS 1LB',0,'CONCENTRADO PARA GATOS ADULTOS',6.75,9,'2017-03-31',174,'T',3,8,190,46,9,9,9),(156,'794481','9LIVES WITH TUNA AND SHRIMP',0,'COMIDA EN FORMA DE PATE SABOR ATUN Y CAMARON',5.85,9,'2017-03-31',170,'T',1,3,155,51,9,9,9),(157,'794201','9LIVES WITH OCEAN WHITEFISH9',0,'COMIDA PARA GATO TIPO PATE DE PESCADO BLANCO',5.85,9,'2017-03-31',170,'T',1,3,155,51,9,9,9),(158,'7932415','9LIVES WITH CHICKEN AND TUNA',0,'COMIDA PARA GATO TIPO PATE DE POLLO CON ATUN',5.85,9,'2017-03-31',170,'T',1,3,155,51,9,9,9),(159,'792861','9LIVES SUPER SUPER',0,'COMIDA PARA GATOS TIPO PATE MEZCLA DE SABORES AVES Y PECES',21.6,32,'2017-03-31',170,'T',1,1,156,51,32,32,32),(160,'793561','9LIVES WITH BEEF AND CHICKEN IN GRAVY',0,'COMIDA PARA GATO TIPO PATE SABOR A RES Y POLLO',21.6,32,'2017-03-31',170,'T',1,1,156,51,32,32,32),(161,'790311','9LIVESTURKEY AND GIBLETS',0,'COMIDA PARA GATO TIPO PATE PAVO Y MENUDOS EN SALSA',21.6,32,'2017-03-31',170,'T',1,1,156,51,32,32,32),(162,'41746009476','GALLETA PET LIFE ',0,'GALLETAS PARA PERRO DE VARIOS SABORES ',15.75,21,'2017-03-31',168,'T',1,1,191,52,21,21,21),(163,'5274170080','LATA DIGESTIVE CARE ID',0,'COMIDA EN LATA PARA PERRO PARA CUIDADOS DIGESTIVOS SABOR A PAVO',19.97,27,'2017-04-01',170,'T',2,14,192,53,27,21.74,27),(164,'7910052543','GRAVY TRAIN LAMB AND RICE IN GRAVY',0,'COMIDA ENTROZOS DE CORDERO EN SALSA Y ARROZ',8.1,12,'2017-04-01',170,'T',1,1,154,50,12,12,12),(165,'7910052541','GRAVY TRAIN T-BONE FLAVOR IN GRAY',0,'ALIMENTO PARA PERRO EN TROZOS CON SABOR A T-BONE EN SALSA',8.1,12,'2017-04-01',170,'T',1,1,154,50,12,12,12),(166,'7910050301','GRAVY TRAIN WITH CHICKEN',0,'ALIMENTO MOLIDO PARA PERRO CON SABOR A POLLO',8.1,12,'2017-04-01',170,'T',1,0,154,50,12,12,12),(167,'7910051934','GRAVY TRAIN CHICKEN BEEF AND MEDLEY',0,'ALIMENTO PARA PERRO EN TROZO MEZCLA DE POLLO, CARNE DE RES E HIGADO',8.1,12,'2017-04-01',170,'T',1,2,154,50,12,12,12),(168,'TPCADE40','TIRAPERRO DE CADENA BONGO 4.0MM',0,'TIRAPERRO DE CADENA BONGO 4.0MM',11.03,17,'2017-04-01',150,'T',1,1,98,2,17,17,17),(171,'19193','JALADOR ROPE AMARILLO AZUL 1.2M',0,'JALADOR ROPE MEDIANO AMARILLO AZUL ',16.2,25,'2017-04-01',151,'T',1,0,71,2,25,25,25),(172,'SANTANYXS','COLLAR NYLON XS',0,'COLLAR NYLON PARA PERROS PEQUEÑOS',6,10,'2017-04-01',144,'T',1,6,75,8,10,10,10),(173,'CODI005','COLLAR NYLON PET LOVERS L',0,'COLLAR DE NYLON PARA PERRO GRANDE',11.25,16,'2017-04-01',144,'T',1,3,78,3,16,16,16),(174,'CODIG050','COLLAR DE CUERO PET LOVERS#5',0,'COLLAR DE CUERO #5',34.1,40,'2017-04-01',144,'T',1,2,83,3,40,40,40),(175,'SANTA030','COLLAR DE CUERO #3',0,'COLLAR DE CUERO #3 PARA PERRO MEDIANO',12,18,'2017-04-01',144,'T',1,6,81,8,18,18,18),(176,'SANTAY060','COLLAR DE CUERO #6',0,'COLLAR DE CUERO REFORZADO #6 PARA PERRO GRANDE',45,55,'2017-04-01',144,'T',1,1,84,8,55,55,55),(177,'SANTAY061','COLLAR DE CUERO COLOR #6',0,'COLLAR DE CUERO CON COLOR #6\n',65,90,'2017-04-01',144,'T',1,2,84,8,90,90,90),(178,'7406160002688','COLLAR BONGO CON DISEÑOSMALL',0,'COLLAR BONGO CON DISEÑOS VARIOS PARA PERROS PEQUEÑOS',6.39,11,'2017-04-01',144,'T',1,10,76,2,11,11,11),(179,'7406160002695','COLLAR BONGO CON DISEÑO MEDIUM',0,'COLLAR BONGO CON DISEÑO PARA PERRO MEDIANO',7.2,13,'2017-04-01',144,'T',1,5,86,2,13,13,13),(180,'7506343800763','JABON DERMATRYL',0,'JABON PARA INFECCIONES DE LA PIEL Y SEORREA SECA',34.2,51,'2017-04-01',141,'T',1,4,9,5,51,51,51),(181,'7406160006594','COLLAR Y TP CON DISEÑO BONGO SMALL',0,'COMBO COLLAR Y TIRAPERRO CON DISEÑO PARA PERROS PEQUEÑOS',12.6,20,'2017-04-03',152,'T',2,2,113,2,20,20,20),(182,'7406160006648','COLLAR Y TP CON DISEÑO BONGO MEDIUM',0,'COMBO COLLAR Y TIRAPERRO CON DISEÑO PARA PERROS MEDIANOS',16.2,24,'2017-04-03',152,'T',2,3,77,2,24,24,24),(183,'7406160001780','COLLAR Y TP CON DISEÑO LARGE',0,'COMBO COLLAR Y TIRRAPERRO CON DISEÑO PARA PERROS GRANDES',21.6,32,'2017-04-03',152,'T',2,4,114,2,32,32,32),(184,'7406160006310','ARNES Y TP REFLECTIVO SMALL',0,'COMBO DE ARNES Y TIRAPERRO PARA PERROS PEQUEÑOS',16.2,29,'2017-04-03',153,'T',1,2,113,2,29,29,29),(185,'7406160006341','ARNES Y TP REFLECTIVO MEDIUM',0,'COMBO ARNES Y TIRAPERRO REFLECTIVO PARA PERROS MEDIANOS',21.6,32,'2017-04-03',153,'T',1,1,77,2,32,32,32),(186,'7406160001896','ARNES Y TP REFLECTIVO LARGE',0,'COMBO ARNES Y TIRAPERRO REFLECTIVO GRANDE PARA PERROS GRANDES',28.8,45,'2017-04-03',153,'T',1,2,114,2,45,45,45),(187,'7406160006778','COLLAR Y TP ROSA NEON SMALL',0,'COMBO COLLAR Y TIRAPERRO ROSA NEON PEQUEÑO ',16.2,24,'2017-04-03',152,'T',1,0,113,2,24,24,24),(188,'7406160006808','COLLAR Y TP ROSA NEON MEDIUM',0,'COMBO COLLAR Y TIRAPERRO ROSA NEON PARA PERROS MEDIANOS',18,27,'2017-04-03',152,'T',1,1,77,2,27,27,27),(189,'7406160006839','COLLAR Y TP ROSA NEON LARGE',0,'COMBO COLLAR Y TIRAPERRO ROSA NEON GRANDE PARA PERROS GRANDES',21.6,32,'2017-04-03',152,'T',1,1,114,2,32,32,32),(190,'7406160006785','COLLAR Y TP VERDE NEON SMALL',0,'COMBO COLLAR Y TIRAPERRO VERDE NEON PEQUEÑO',16.2,24,'2017-04-03',152,'T',1,1,113,2,24,24,24),(191,'7406160006815','COLLAR Y TP VERDE NEON MEDIUM',0,'COMBO COLLAR Y TIRAPERRO VERDE NEON MEDIANO ',18,27,'2017-04-03',152,'T',1,1,77,2,27,27,27),(192,'7406160006846','COLLAR Y TP VERDE NEON LARGE',0,'COMBO COLLAR Y TIRAPERRO VERDE NEON GRANDE ',21.6,32,'2017-04-03',152,'T',1,1,114,2,32,32,32),(193,'7406160002657','ARNES Y TIRAPERRO ROPE ARCOIRIS M',0,'COMBO ARNES Y TIRAPERRO ROPE ARCOIRIS MEDIANO',32.4,48,'2017-04-03',153,'T',1,1,77,2,48,48,48),(194,'7406160002671','ARNES Y TP ARCOIRIS MEDIANO',0,'COMBO ARNES Y TIRAPERRO ARCOIRIS MEDIANO',25.2,39,'2017-04-03',153,'T',1,1,77,2,39,39,39),(195,'7406160002107','TIRAPERRO Y AHORCADOR SMALL',0,'TIRAPERRO Y AHORCADOR PEQUEÑO VARIOS COLORES ',14.4,22,'2017-04-03',156,'T',1,3,113,2,22,22,22),(196,'7406160002114','TIRAPERRO Y AHORCADOR MEDIANO',0,'TIRAPERRO Y AHORCADOR MEDIANO VARIOS COLORES',21.6,32,'2017-04-03',156,'T',1,3,77,2,32,32,32),(197,'7648407766','ARNES PARA GATO',0,'ARNES PARA GATO VARIO COLORES',27,40,'2017-04-03',155,'T',1,3,76,2,40,40,40),(198,'CODIPEC010','PECHERA NYLON PET LOVERS PIWI',0,'PECHERA DE NYLON PIWI PARA RAZAS PEQUEÑAS',9.82,14,'2017-04-03',157,'T',1,1,95,3,14,14,14),(199,'CODIPEC020','PECHERA DE NYLON PETLOVERS SMALL',0,'PECHERA DE NYLON CODIGUA PARA PERROS PEQUEÑOS',17.85,24,'2017-04-03',157,'T',1,3,113,3,24,24,24),(200,'CODIPEC030','PECHERA MESH PETLOVERS  S',0,'PECHERA DE MALLA VARIOS COLORES ',25.9,35,'2017-04-03',157,'T',1,0,113,3,35,35,35),(201,'CODIPEC040','PECHERA MESH L',0,'PECHERA DE MALLA VARIOS COLORES ',30.36,41,'2017-04-03',157,'T',1,1,114,3,41,41,41),(202,'CODIPEC050','PECHERA MESH XL',0,'pechera de malla varios colores',33.03,45,'2017-04-03',157,'T',1,1,93,3,45,45,45),(203,'SANTAY0070','PECHERA DE CUERO PIWI',0,'PECHERA DE CUERO PARA RAZAS PEQUEÑAS',35,55,'2017-04-03',157,'T',1,3,95,8,55,55,55),(204,'SANTAY0080','PECHERA DE CUERO XS',0,'PECHERA DE CUERO PARA PERROS PEQUEÑOS',35,55,'2017-04-03',157,'T',1,3,75,8,55,55,55),(205,'SANTAY0090','PECHERA DE CUERO  S',0,'PECHERA DE CUERO TALLA PARA PERROS ',40,60,'2017-04-03',157,'T',1,2,76,8,60,60,60),(206,'SANTAY00100','PECHERA DE CUERO M',0,'PECHERA DE CUERO PARA PERROS MEDIANOS',55,75,'2017-04-03',157,'T',1,1,77,8,75,75,75),(207,'SANTAY00110','PECHERA DE CUERO  L',0,'PECHERA DE CUERO PARA PERROS GRANDES\n',60,85,'2017-04-03',157,'T',1,3,114,8,85,85,85),(208,'SANTAY 00120','PECHERA DE CUERO XL',0,'PECHERA DE CUERO PARA PERRO GRANDE',75,105,'2017-04-03',157,'T',1,3,93,8,105,105,105),(209,'76484122705','CADENA DE AHORQUE HSFUR 4.0MM',0,'CADENA DE AHORQUE DE ESLABON GRANDE',86.4,128,'2017-04-03',158,'T',2,10,98,9,128,128,128),(210,'7648409343','CADENA DE AHORQUE TITAN 4.0x24',0,'CADENA DE AHORQUE ESPECIAL PARA ENTRENAR PERROS',40.5,60,'2017-04-03',158,'T',1,1,99,10,60,60,60),(211,'7648409344','CADENA DE AHORQUE TITAN 4.0Mx26',0,'CADENA DE AHORQUE ESPECIAL PARA EL ENTRENAMIENT0 DE PERROS',40.5,60,'2017-04-03',158,'T',1,1,193,10,60,60,60),(212,'7648409342','CADENA DE AHORQUE TITAN 4.0MMx22',0,'CADENA DE AHORQUE TITAN ESPECIAL PARA EL ENTRENAMIENTO DE PERROS',40.5,60,'2017-04-03',158,'T',1,4,100,10,60,60,60),(213,'7648409341','CADENA DE AHORQUE TITAN 4.MMx20',0,'CADENA DE AHORQUE ESPERCIAL PARA ENTRENAR PERROS',40.5,60,'2017-04-03',158,'T',1,2,101,10,60,60,60),(214,'7648409334','CADENA DE AHORQUE TITAN 3.MMx26',0,'CADENA DEA AHORQUE TITAN ESPECIAL PARA ENTRENAR PERROS',40.5,60,'2017-04-03',158,'T',1,3,102,10,60,60,60),(215,'7648409333','CADENA DE AHORQUE TITAN 3.MMx24',0,'CADENA DE AHORQUE TITAN ESPECIAL PARA ENTRENAR PERROS',40.5,60,'2017-04-03',158,'T',1,3,103,10,60,60,60),(216,'7648409332','CADENA DE AHORQUE TITAN 3.MMx22',0,'CADENA DE AHORQUE TITAN ESPECIAL PARA EL ENTRENAR PERROS',40.5,60,'2017-04-03',158,'T',1,2,104,10,60,60,60),(217,'7406160000011','CADENA DE AHORQUE BONGO 2.MMx14',0,'CADENA DE AHORQUE ESPECIAL PARA EL ENTRENAMIENTO DE PERROS PEQUEÑOS',2.25,4,'2017-04-03',158,'T',1,2,105,2,4,4,4),(218,'7406160000028','CADENA DE AHORQUE BONGO 2.MMx16',0,'CADENA DE AHORQUE ESPECIAL PARA EL ENTRENAMIENT DE PERROS',2.48,4,'2017-04-03',158,'T',1,3,106,2,4,4,4),(219,'7406160000035','CADENA DE AHOQUE BONGO 2.5Mx18',0,'CADENA DE AHORQUE BONGO PARA ESPECIAL PARA EL ENTRENAMIENTO DE PERROS',2.79,4.5,'2017-04-03',158,'T',1,2,194,2,4.5,4.5,4.5),(220,'7406160000042','CADENA DE AHORQUE BONGO 2.5Mx20',0,'CADENA DE AHORQUE PARA EL ENTRENAMIENTO DE PERROS',2.97,4.5,'2017-04-03',158,'T',1,3,195,2,4.5,4.5,4.5),(221,'7406160000059','CADENA DE AHORQUE BONGO 3.MMx20',0,'CADENA DE AHORQUE PARA EL ENTRENAMIENTO DE PERROS',3.75,6,'2017-04-03',158,'T',1,2,109,2,6,6,6),(222,'7406160000066','CADENA DE AHORQUE BONGO 3.MMx22',0,'CADENA DE AHORQUE BONGO ESPECIAL PARA ENTRENAR PERROS',4.05,6,'2017-04-03',158,'T',1,0,104,2,6,6,6),(223,'7406160000073','CADENA DE AHORQUE BONGO 3.5Mx24',0,'CADENA DE AHORQUE ESPECIAL PARA ENTRENAMIENTO DE PERROS GRANDES',5.63,9,'2017-04-03',158,'T',1,0,111,2,9,9,9),(224,'7406160000080','CADENA DE AHORQUE BONGO 4.Mx28',0,'CADENA DE AHORQUE BONGO ESPECIAL PARA ENTRENAR PERROS GRANDES',6.98,11,'2017-04-03',158,'T',1,2,112,2,11,11,11),(225,'CODICAD316','CADENA NSF 3-16 GRANDE',0,'CADENA CON SOLDADA GRANDE ',41.39,56,'2017-04-03',158,'T',1,0,97,3,56,56,56),(226,'CODICAD18','CADENA NSF1-8 PEQUEÑA',0,'CADENA SOLDADA CODIGUA PEQUEÑA',25.98,35,'2017-04-03',158,'T',1,0,96,3,35,35,35),(227,'7648451065','CORTA UÑAS SAFARI SMALL',0,'CORTA UÑAS PARA PERROS PEQUEÑOS',55.8,84,'2017-04-03',159,'T',1,0,113,12,84,84,84),(228,'C154','PALA PLASTICA SMALL',0,'PALA PLASTICA SMALL COLORES GRIS Y AZUL',4.5,9,'2017-04-03',160,'T',1,3,113,46,9,9,9),(229,'7406160002091','CEPILLO BONGO DE PINES',0,'CEPILLO DE PINES DE METAL BONGO ',29.7,44,'2017-04-03',162,'T',1,1,77,2,44,44,44),(230,'7406160000400','ARENA CLEAN CAT',0,'ARENA PARA GATO 100% AGLUTINANTE',20.25,30,'2017-04-03',164,'T',1,3,116,46,30,30,30),(233,'21806','JAULA PORTATIL KENNEL SMALL',0,'JAULA TRANSPORTADORA PARA PERROS PEQUEÑOS',184.5,350,'2017-04-03',165,'T',1,1,118,15,350,350,350),(234,'TB1','TRANSPORTADORA SIMPLE XSMALL',0,'JAULA TRANSPORTADORA SIMPLE PUERTA DE METAL',117,175,'2017-04-03',165,'T',1,1,120,46,175,175,175),(235,'K162F','ARENERO HERCULE ',0,'ARENERO HERCULES PROTECTOR FRIENDS',76.5,115,'2017-04-03',166,'T',1,1,121,46,115,115,115),(236,'ARE300','ARENERO SIMPLE ',0,'ARENERO SIMPLE PARA GATO',24.3,37,'2017-04-03',166,'T',1,1,121,7,37,37,37),(237,'C185-FC','CASA ARENERO TRENDY FUNNY',0,'CASA ARENERO PARA GATO CON DISEÑOS',207,310,'2017-04-03',166,'T',1,1,121,16,310,310,310),(238,'3117','PLATO DE MELANINA CON DISEÑO XS',0,'PLATO DE MELANINA CON DISEÑO BASE CUADRADA',6.75,10,'2017-04-03',167,'T',1,1,75,46,10,10,10),(239,'3006','PLATO DE MELANINA SIMPLE SMALL',0,'PLATO DE MELANINA SIMPLE CON DISEÑO',10.35,15,'2017-04-03',167,'T',1,1,113,46,15,15,15),(240,'5060','PLATO PLASTICO DOBLE XSMALL',0,'PLATO PLASTICO DOBLE EXTRA PEQUEÑO',7.88,12,'2017-04-03',167,'T',1,1,120,7,12,12,12),(241,'H122026','PLATO ECO DOBLE #2',0,'PLATO ECO DOBLE GREY ',16.2,25,'2017-04-03',167,'T',1,1,4,46,25,25,25),(242,'5020','PLATO PLASTICO SIMPLE',0,'PLATO PLASTICO SIMPLE VARIOS COLORES',9.9,15,'2017-04-03',167,'T',1,1,4,7,15,15,15),(243,'18057','PLATO PLASTICO ESPRE DOBLE',0,'PLATO PLASTICO DOBLE CON DISEÑOS DE HUELLAS',11.16,24,'2017-04-03',167,'T',1,1,4,7,24,24,24),(244,'11027M','PLATO PLASTICO ANTI DESLIZANTE M',0,'PLATO PLASTICO SIMPLE ANTIDESLIZANTE MEDIANO',13.5,20,'2017-04-03',167,'T',1,1,77,7,20,20,20),(245,'11028M','PLATO PLASTICO ANTIDESLIZANTE DOBLE M',0,'PLATO PLASTICO DOBLE ANTI DESLIZANTE ',18.9,29,'2017-04-03',167,'T',1,1,77,7,29,29,29),(246,'535','PLATO DE ACERO ANTIDESLIZANTE 8OZ',0,'PLATO DE ACERO ANTIDESLIZANTE CON DISEÑO DE HUELLAS ',14.4,24,'2017-04-03',167,'T',1,3,127,46,24,24,24),(247,'506','PLATO DE ACERO ANTIDESLIZANTE 16OZ',0,'PLATO DE ACERO ANTIDESLIZANTE CON DISEÑO DE HUELLAS',23.4,38,'2017-04-03',167,'T',1,0,2,46,38,38,38),(248,'507','PLATO DE ACERO ANTIDESLIZANTE 24 OZ',0,'PLATO DE ACERO ANTIDESLIZANTE CON DISEÑO DE HUELLAS',31.5,50,'2017-04-03',167,'T',1,2,129,46,50,50,50),(249,'508','PLATO DE ACERO ANTIDESLIZANTE 32OZ',0,'PLATO DE ACERO ANTIDESLIZANTE CON DISEÑO DE HUELLAS',36.9,50,'2017-04-03',167,'T',1,2,130,46,50,50,50),(250,'509','PLATO DE ACERO ANTIDESLIZANTE 64 OZ',0,'PLATO DE ACERO ANTIDESLIZANTE CON DISEÑOS DE HUELLAS',46.8,75,'2017-04-03',167,'T',1,2,131,46,75,75,75),(251,'510','PLATO DE ACERO ANTIDESLIZANTE 96OZ',0,'PLATO DE ACERO ANTIDESLIZANTE CON DISEÑO DE HUELLAS',59.4,95,'2017-04-03',167,'T',1,2,132,46,95,95,95),(252,'500','PLATO DE ACERO SIMPLE 1.2 PINTA',0,'PLATO DE ACERO SIMPLE',8.1,13,'2017-04-03',167,'T',1,3,122,46,13,13,13),(253,'501','PLATO DE ACERO 1 PINTA',0,'PLATO DE ACERO SIMPLE ',9.2,16,'2017-04-03',167,'T',1,3,123,46,16,16,16),(254,'502','PLATO DE ACERO SIMPLE 1QT',0,'PLATO DE ACERO SIMPLE 1QT',13.5,21,'2017-04-03',167,'T',1,2,124,46,21,21,21),(255,'503','PLATO DE ACERO SIMPLE 2QT',0,'PLATO DE ACERO SIMPLE 2QT',20.7,35,'2017-04-03',167,'T',1,1,125,46,35,35,35),(256,'505','PLATO DE ACERO SIMPLE 5QT',0,'PLATO DE ACERO SIMPLE 5QT ',38.7,62,'2017-04-03',167,'T',1,1,126,46,62,62,62),(257,'17075','MEATY TREATS WEENIE WRAPS',0,'MINI BITES PARA PERRO SABOR A CARNE Y QUESO',9,12,'2017-04-03',168,'T',1,1,133,46,12,12,12),(258,'7015517984','MEATY TREATS STEAKNITE DELITES',0,'MINI BITE HUMEDOS PARA PERROS SABOR A CARNE',9,13.5,'2017-04-03',168,'T',1,2,133,46,13.5,13.5,13.5),(259,'7015517074','MEATY TREAT BAK´N DELIGHTS ',0,'',9,13.5,'2017-04-03',168,'T',1,2,133,46,13.5,13.5,13.5),(260,'3803920930','MEATY TREATS JERKY STICKS',0,'STICKS SEMI HUMEDOS PARA PERROS EN FORMA DE PALITO',9.9,15,'2017-04-04',168,'T',1,2,133,46,15,15,15),(261,'3803910103','MEATY TREATSJERKY STRIPS',0,'TIRITAS SEMI HUMEDAS PARA PERRO SABOR A TOCINO',9.9,14,'2017-04-04',168,'T',1,2,133,46,14,14,14),(262,'7015517025','MEATY TREATS STEAK NITE DELITES',0,'TREATS SEMI HUMEDOS PARA PERROS EN FORMA DE FILETE SABOR A CARNE',18,24,'2017-04-04',168,'T',1,2,134,46,24,24,24),(263,'6602','STICK DE CARNAZA VARIOS SABORES 6U',0,'JUGUETE DE CARNAZA SABORES DE POLLO,CARNE DE RES,CERDO, NATURAL Y DENTAL ',5.4,8,'2017-04-04',168,'T',1,2,137,2,8,8,8),(264,'6597','STICKS DE CARNAZA SABOR A CARNE 6U8',0,'STICKS DE CARNAZA EXTRUIDA EN FORMA DE PALITO SABOR A CARNE',5.4,8,'2017-04-04',168,'T',1,2,137,2,8,8,8),(265,'6606','JUGUETE DE CARNAZA EXTRUIDA HUESO GRANDE',0,'CARNAZA EXTRUIDA EN FORMA DE HUESO 2 UNI VARIOS SABORES',7.2,11,'2017-04-04',168,'T',1,1,138,2,11,11,11),(266,'1209','JUGUETE DE CARNAZA EXTRUIDA HUESO PEQUEÑO',0,'HUESO PEQUEÑO DE CARZANA EXTRUIDA VARIOS SABORES',13.5,20,'2017-04-04',168,'T',1,2,139,2,20,20,20),(267,'1063','HUESO DE CARNAZA NATURAL 7-8',0,'JUGUETE DE CARNAZA NATURAL BLANQUEA Y LIMPIA LOS DIENTES',12.15,18,'2017-04-04',168,'T',1,0,140,2,18,18,18),(268,'1117','HUESO DE CARNAZA SABOR A CARNE 7-8',0,'JUGUETE DE CARNAZA PARA PERRO QUE AYUDA A EJERCITAR LA MANDIBULA Y MANTENER ENCIAS SANAS',12.15,18,'2017-04-04',168,'T',1,1,140,2,18,18,18),(269,'2442','HUESO DE CARNZA DE POLLO 7-8',0,'JUGUETE DE CARNAZA SABOR A POLLO AYUDA EN LA LIMPIEZA DE LAS ENCIAS DE LOS PERROS',12.15,18,'2017-04-04',168,'T',1,1,140,2,18,18,18),(270,'2435','HUESO DE CARNAZA SABOR A POLLO 5-6 ',0,'JUGUETE DE CARNAZA SABOR A POLLO AYUDA EN LA LIMPIEZA DE LAS ENCIAS DE LOS PERROS',33.3,51,'2017-04-04',168,'T',1,1,141,2,51,51,51),(271,'1049','HUESO DE CARNAZA NATURAL 5-6',0,'JUGUETE DE CARNAZA PARA PERROS AYUDA A BLANQUEAR LOS DIENTES',33.3,51,'2017-04-04',168,'T',1,1,141,2,51,51,51),(272,'6595','HUESO SABORES SURTIDOS 2-3',0,'JUGUETE DE CARNAZA EXTRUIDA VARIOS SABORES',9.9,15,'2017-04-04',168,'T',1,0,143,2,15,15,15),(273,'DB102043','CAMA RECTANGULAR CON ALMOHADA 20x16',0,'CAMA RECTANGULAR PARA PERRO CON ALMOHADA DISEÑO DE HUELLAS',72,110,'2017-04-04',175,'T',1,1,166,46,110,110,110),(274,'H106','PLATO SMARTY BOWL DOBLE n.1',0,'PLATO DOBLE CON CAPACIDAD DE 330 ML',18,27,'2017-04-04',167,'T',1,0,79,7,27,27,27),(275,'5412087006984','SMARTY BOWL DOUBLE n.2',0,'PLATO DOBLE ANTI DESLIZANTE',25.2,38,'2017-04-04',167,'T',1,1,80,7,38,38,38),(276,'15062','POTTY MOUTH COPROFAGIA',0,'TRATAMIENTO PREVENTIVO CONTRA LA COPROFAGIA EN PERROS ',72,107,'2017-04-04',147,'T',0,1,67,46,107,107,107),(277,'166227','GOURMET CUTS BEEF AND CHEESE',0,'TREATS SEMI HUMEDOS PARA PERROS SABOR CARNE Y QUESO',1,1,'2017-04-04',171,'T',5,85,140,46,1,1,1),(278,'166210','GOURMER CUTS BEEF AND RICE',0,'TREATS SEMI HUMEDOS PARA PERROS CON SABOR A CARNE Y ARROZ',0.55,1,'2017-04-04',171,'T',5,51,140,46,1,1,1),(279,'17072','MEATY TREATS STEAK NITE KABOBS1',0,'TREATS SEMI HUMEDOS PARA PERRO EN FORMA DE TROZOS DE CARNE CON SABOR A CARNE',0.78,1,'2017-04-04',171,'T',5,51,140,46,1,1,1),(280,'17070','MEATY TREATS WEENIE WRAPS',0,'TREATS SEMI HUMEDOS PARA PERROS EN FORMA DE SALCHICHA RELLENA SABOR A CARNE Y QUESO',0.78,1,'2017-04-04',171,'T',5,105,140,46,1,1,1),(281,'6570','HUESO GRANDE DE CARNAZA EXTRUIDA ',0,'UNIDAD DE HUESO DE CARNAZA EXTRUIDA VARIOS SABORES',2.14,3.5,'2017-04-04',171,'T',5,28,140,2,3.5,3.5,3.5),(282,'6579','HUESO PEQUEÑO DE CARNAZA EXTRUIDA',0,'JUGUETE DE CARNAZA EXTRUIDA HUESO PEQUEÑO VARIOS SABORES',2.02,3,'2017-04-04',171,'T',5,20,140,2,3,3,3),(283,'7501051172485','EQUILIBRIUM CALCIO',0,'TABLETAS DE CALCIO PARA PERROS, 1TABLETA POR CADA 10KG',89.7,120,'2017-04-04',147,'T',1,1,38,4,120,120,120),(284,'HAPPET1.2','TIRAPERRO DE NYLON 1.2',0,'TIRAPERRO DE NYLON LISO 1/2\" VARIOS COLORES',17,24,'2017-04-04',150,'T',1,1,196,54,24,24,24),(285,'HAPPET10','TIRAPERRO DE NYLON 1´´',0,'TIRAPERRO DE NYLON 1\" VARIOS COLORES',19.5,27,'2017-04-04',150,'T',2,2,64,54,27,27,27),(286,'HAPPET010','COLLAR DE NYLON XS ',0,'COLLAR DE NYLON PARA PERRO PEQUEÑO',7.5,11,'2017-04-04',144,'T',1,4,75,54,11,11,11),(287,'HAPPET030','COLLAR NYLON L',0,'COLLAR DE NYLON PARA PERRO GRANDE VARIOS COLORES',15,20,'2017-04-04',144,'T',1,2,78,54,20,20,20),(288,'HAPPET040','PECHERA DE NYLON S',0,'PECHERA DE NYLON VARIOS COLORES',21,30,'2017-04-04',157,'T',2,1,76,54,30,30,30),(289,'HAPPET050','PECHERA DE NYLON M',0,'PECHERA DE NYLON VARIOS COLORES',24,33,'2017-04-04',157,'T',1,3,77,54,33,33,33),(290,'7406160006884','JALADOR ROPE AMARILLO AZUL 0.8MM',0,'JALADOR ROPE AMARILLO AZUL 0.8MM ',15,20,'2017-04-05',151,'T',1,0,91,2,20,20,20),(291,'60985213009','JOINT MAINTENANCE 2',0,'SUPLEMENTO VITAMINICO PARA PERROS',1.66,2,'2017-04-05',146,'T',1,90,160,5,2,2,2),(292,'0985213509','HI POTENCY JOINT RECOVERY TAB',0,'FORMULA MAXIMA PARA PERROS CON PROBLEMAS EN LAS ARTICULACIONES',1.77,2.5,'2017-04-05',146,'T',2,7,160,5,2.5,2.5,2.5),(293,'0646002387','PEDIGREE ADULTO 25KG',0,'CONCENTRADO COMPLETO PARA ADULTO ',283.5,373,'2017-04-05',174,'T',1,2,152,48,373,373,373),(295,'CARPRO100','CARPRODYL 100',0,'ANTIINFLAMATORIO NO ESTEROIDAL PARA PERROS',6,10,'2017-04-06',146,'T',2,22,8,27,10,10,10),(296,'CLAV020','CLAVAM ',0,'ANTIBIOTICO SUSPENSION ORAL PARA PERROS (AMOXICILINA + ACIDO CLAVULANICO)',48,65,'2017-04-06',147,'T',0,2,197,40,65,65,65),(297,'7406160001803','COLLAR BONGO LISO SMALL',0,'COLLAR BONGO LISO SMALL VARIOS COLORES',5.4,8,'2017-04-07',144,'T',1,5,71,2,8,8,8),(298,'7406160001810','COLLAR BONGO LISO MEDIANO',0,'COLLAR AJUSTABLE BONGO, LISO VARIOS COLORES',6.3,11,'2017-04-07',144,'T',1,5,86,2,11,11,11),(299,'7406160001827','COLLAR BONGO LISO LARGE',0,'COLLAR AJUSTABLE BONGO LISO GRANDE, VARIOS COLORES',8.55,13,'2017-04-07',144,'T',1,4,87,2,13,13,13),(300,'5274271390','CONCENTRADO PUPPY S.B',0,'ALIMENTO NATURAL PREMIUM PARA PERROS DE RAZAS PEQUEÑAS, CON PROTEINA DE POLLO',90.06,125,'2017-05-03',174,'T',2,4,201,53,125,99.05,125),(301,'5274271330','CONCENTRADO PUPPY',0,'ALIMENTO NATURAL PREMIUM PARA PERROS DE RAZAS GRANDES.CON PROTEINA DE POLLO',90.06,125,'2017-05-03',174,'T',2,7,201,53,125,99.05,125),(302,'5274281780','CONCENTRADO MAINTENANCE',0,'ALIMENTO NATURAL PREMIUM PARA PERROS ADULTOS RAZAS GRANDES.',85.08,120,'2017-05-03',174,'T',2,7,202,53,120,93.56,120),(303,'5274281830','CONCETRADO MAINTENANCE SB',0,'ALIMENTO PREMIUM PARA PERROS ADULTOS DE RAZAS PEQUEÑAS, SON PROTEINA DE POLLO',85.08,120,'2017-05-03',174,'T',2,7,202,53,120,93.56,120);
/*!40000 ALTER TABLE `producto` ENABLE KEYS */;
UNLOCK TABLES;

--
-- Table structure for table `proveedor`
--

DROP TABLE IF EXISTS `proveedor`;
/*!40101 SET @saved_cs_client     = @@character_set_client */;
/*!40101 SET character_set_client = utf8 */;
CREATE TABLE `proveedor` (
  `idproveedor` int(11) NOT NULL AUTO_INCREMENT,
  `nombre` varchar(150) CHARACTER SET latin1 DEFAULT NULL,
  `direccion` varchar(200) CHARACTER SET latin1 DEFAULT NULL,
  `correo` varchar(80) CHARACTER SET latin1 DEFAULT NULL,
  `nitp` varchar(16) CHARACTER SET latin1 NOT NULL,
  `telefono` varchar(14) CHARACTER SET latin1 DEFAULT NULL,
  `Estado` char(1) CHARACTER SET latin1 DEFAULT 'T',
  `fec_reg` date DEFAULT NULL,
  `contacto` varchar(150) CHARACTER SET latin1 DEFAULT NULL,
  PRIMARY KEY (`idproveedor`)
) ENGINE=InnoDB AUTO_INCREMENT=17 DEFAULT CHARSET=utf8 COLLATE=utf8_unicode_ci;
/*!40101 SET character_set_client = @saved_cs_client */;

--
-- Dumping data for table `proveedor`
--

LOCK TABLES `proveedor` WRITE;
/*!40000 ALTER TABLE `proveedor` DISABLE KEYS */;
INSERT INTO `proveedor` VALUES (1,'Admin (No borrar)','Admin','','22222222','22222222','T','2016-12-29',NULL),(2,'AGROPECUARIA LA SUREÑA','1a. AV y 5a. Calle Esquina Zona 1 Coatepeque','','','77757464','T','2017-01-26',NULL),(3,'NUTRIFERT','20 CALLE25-55 BODEGA 904 EMPRESARIAL EL CORTIJO III ZONA 12 GUATEMALA','nutrifertgt@sagrisa.com','3300377-7','23206564','T','2017-01-26',NULL),(4,'DROVET  S.A','13 Av. 45-32 Zona 12 Prados de Monte Maria','drovetsa@yahoo.es','2954691-5','52930227','T','2017-01-26',NULL),(5,'COOPORACION FESA S.A','20 CA 25-55 Z. 12 CALZ ATANASIO TZUL ','','9295105-8','40139727','T','2017-01-26',NULL),(6,'BARRCOVET ','4a. FINAL 5-43 ZONA 3 COBAN ALTA VERAPAZ','','1655911-8','79513763','T','2017-01-26',NULL),(7,'CODIGUA','11 Avenida 11-35 ZONA 2 COLONIA CIUDAD NUEVA','VENTAS@CODIGUA.COM','','22549151','T','2017-01-26',NULL),(8,'AGRO PETS','10a. Calle 11-60 Zona 14 OfiBodega No. 5','agropetsgerencia@hotmail.com','7797938-9','30056638','T','2017-01-26',NULL),(9,'NUTRO','2 Av. 4-35 ZONA 16 COLONIA SANTA ROSITA GUATEMALA','','491256-K','','T','2017-01-26',NULL),(10,'DIVETSA','0 CALLE C 17-55 ZONA 15 COL. EL MAESTRO ','','5981170-6','','T','2017-01-26',NULL),(11,'ASEVET','7 Calle 4-09 Zona 3 Colonia El Castaño Mixco Guatemala.','asevetgt@gmail.com','972429-k','57421202','T','2017-01-26',NULL),(12,'CENTAGRO','BARRIO NUEVO MORALES IZABAL','','5794339-7','79479692','T','2017-01-26',NULL),(13,'AGROCOSTA','4a. Avenida 5-08 Zona 1 Apto. 3 interior Alto Mazatenango Suchitepequez','agrocosta@genetica.com.gt','3624261-6','78723207','T','2017-01-26',NULL),(14,'OCCIMEDIC','9a. Calle 29-20 zona 7 Quetzaltenango','occimedic@hotmail.com','1524558-6','77672380','T','2017-01-26',NULL),(15,'CENTRO MEDICO VETERINARIO TRIVET','4a AVE. 4-51 ZONA 1 RETALHULEU','','','77710396','T','2017-01-30',NULL),(16,'SUPLIMET ','30 CALLE06-15 ZONA 11 COLONIA GRANAI  Y TOWSON  I','','','22171300','T','2017-05-03',NULL);
/*!40000 ALTER TABLE `proveedor` ENABLE KEYS */;
UNLOCK TABLES;

--
-- Table structure for table `salida`
--

DROP TABLE IF EXISTS `salida`;
/*!40101 SET @saved_cs_client     = @@character_set_client */;
/*!40101 SET character_set_client = utf8 */;
CREATE TABLE `salida` (
  `idsalida` int(11) NOT NULL AUTO_INCREMENT,
  `salida` varchar(45) CHARACTER SET latin1 DEFAULT NULL,
  `estado` char(1) CHARACTER SET latin1 NOT NULL DEFAULT 'T',
  `fecha` date DEFAULT NULL,
  `total` float DEFAULT NULL,
  `clientes_idclientes` int(11) NOT NULL,
  `usuario_idusuario` int(11) NOT NULL,
  `numdoc` int(12) DEFAULT NULL,
  `saldo` float DEFAULT NULL,
  `tipopago_idtipopago` int(11) NOT NULL,
  `fechapago` date DEFAULT NULL,
  `interesactual` float NOT NULL DEFAULT '0',
  PRIMARY KEY (`idsalida`,`clientes_idclientes`,`usuario_idusuario`,`tipopago_idtipopago`),
  KEY `fk_salida_clientes1` (`clientes_idclientes`),
  KEY `fk_salida_usuario1` (`usuario_idusuario`),
  KEY `fk_salida_tipopago1_idx` (`tipopago_idtipopago`),
  CONSTRAINT `fk_salida_clientes1` FOREIGN KEY (`clientes_idclientes`) REFERENCES `clientes` (`idClientes`) ON DELETE NO ACTION ON UPDATE NO ACTION,
  CONSTRAINT `fk_salida_tipopago1` FOREIGN KEY (`tipopago_idtipopago`) REFERENCES `tipopago` (`idtipopago`) ON DELETE NO ACTION ON UPDATE NO ACTION,
  CONSTRAINT `fk_salida_usuario1` FOREIGN KEY (`usuario_idusuario`) REFERENCES `usuario` (`idusuario`) ON DELETE NO ACTION ON UPDATE NO ACTION
) ENGINE=InnoDB AUTO_INCREMENT=5 DEFAULT CHARSET=utf8 COLLATE=utf8_unicode_ci;
/*!40101 SET character_set_client = @saved_cs_client */;

--
-- Dumping data for table `salida`
--

LOCK TABLES `salida` WRITE;
/*!40000 ALTER TABLE `salida` DISABLE KEYS */;
INSERT INTO `salida` VALUES (1,'501','F','2017-05-27',4963,2,14,NULL,0,1,'2017-05-27',0),(2,'502','F','2017-05-27',29923.5,5,14,NULL,0,1,'2017-05-27',0),(3,'503','F','2017-05-27',5159,5,14,NULL,0,1,'2017-05-27',0),(4,'504','F','2017-05-27',120,5,14,NULL,0,1,'2017-05-27',0);
/*!40000 ALTER TABLE `salida` ENABLE KEYS */;
UNLOCK TABLES;

--
-- Table structure for table `tipopago`
--

DROP TABLE IF EXISTS `tipopago`;
/*!40101 SET @saved_cs_client     = @@character_set_client */;
/*!40101 SET character_set_client = utf8 */;
CREATE TABLE `tipopago` (
  `idtipopago` int(11) NOT NULL AUTO_INCREMENT,
  `descripcion` varchar(100) CHARACTER SET utf8 NOT NULL,
  `dias` int(11) DEFAULT NULL,
  PRIMARY KEY (`idtipopago`)
) ENGINE=InnoDB AUTO_INCREMENT=8 DEFAULT CHARSET=utf8 COLLATE=utf8_unicode_ci;
/*!40101 SET character_set_client = @saved_cs_client */;

--
-- Dumping data for table `tipopago`
--

LOCK TABLES `tipopago` WRITE;
/*!40000 ALTER TABLE `tipopago` DISABLE KEYS */;
INSERT INTO `tipopago` VALUES (1,'CONTADO',0),(2,'CREDITO 15 DIAS',15),(3,'CREDITO 30 DIAS',30),(4,'CREDITO 60 DIAS',60),(5,'CREDITO 90 DIAS',90),(6,'CREDITO 120 DIAS',120),(7,'CREDITO 150 DIAS',150);
/*!40000 ALTER TABLE `tipopago` ENABLE KEYS */;
UNLOCK TABLES;

--
-- Table structure for table `unidad`
--

DROP TABLE IF EXISTS `unidad`;
/*!40101 SET @saved_cs_client     = @@character_set_client */;
/*!40101 SET character_set_client = utf8 */;
CREATE TABLE `unidad` (
  `idunidad` int(11) NOT NULL AUTO_INCREMENT,
  `Nombre` varchar(45) CHARACTER SET utf8 DEFAULT NULL,
  `fec_reg` date DEFAULT NULL,
  `Estado` char(1) CHARACTER SET utf8 DEFAULT 'T',
  PRIMARY KEY (`idunidad`),
  UNIQUE KEY `Nombre_UNIQUE` (`Nombre`)
) ENGINE=InnoDB AUTO_INCREMENT=210 DEFAULT CHARSET=utf8 COLLATE=utf8_unicode_ci;
/*!40101 SET character_set_client = @saved_cs_client */;

--
-- Dumping data for table `unidad`
--

LOCK TABLES `unidad` WRITE;
/*!40000 ALTER TABLE `unidad` DISABLE KEYS */;
INSERT INTO `unidad` VALUES (1,'20 OZ ','2017-01-25','T'),(2,'16 OZ','2017-01-25','T'),(3,'250 ML','2017-01-25','T'),(4,'500 ML','2017-01-25','T'),(5,'1000 ML','2017-01-25','T'),(6,'360 ML','2017-01-25','T'),(7,'240 ML','2017-01-25','T'),(8,'100 g','2017-01-25','T'),(9,'120 g','2017-01-25','T'),(10,'80 g','2017-01-25','T'),(11,'75 g','2017-01-25','T'),(12,'55 ML','2017-01-25','T'),(13,'100 ML','2017-01-25','T'),(14,'38 CM','2017-01-25','T'),(15,'70 CM','2017-01-25','T'),(16,'6.42 ML','2017-01-25','T'),(17,'4.28 ML','2017-01-25','T'),(18,'1.07 ML','2017-01-25','T'),(19,'1.34 ML','2017-01-25','T'),(20,'2.68 ML','2017-01-25','T'),(21,'68 mg','2017-01-25','T'),(22,'28.3 mg','2017-01-25','T'),(23,'11.3 mg','2017-01-25','T'),(24,'30 ML','2017-01-25','T'),(25,'10 ML','2017-01-25','T'),(26,'25 ML','2017-01-25','T'),(27,'300 ML','2017-01-25','T'),(28,'250 TABLETAS','2017-01-25','T'),(29,'237 ML','2017-01-25','T'),(30,'18 ML','2017-01-25','T'),(31,'15 ML','2017-01-25','T'),(32,'60 ML','2017-01-25','T'),(33,'30 g','2017-01-25','T'),(35,'15 g','2017-01-25','T'),(38,'60 TABLETAS','2017-01-25','T'),(39,'20 MG','2017-01-25','T'),(40,'6 MG','2017-01-25','T'),(43,'1 mg','2017-01-25','T'),(46,'35 K','2017-01-25','T'),(47,'10 KG','2017-01-25','T'),(48,'2.5 mg','2017-01-25','T'),(49,'4 mg','2017-01-25','T'),(50,'150 MG','2017-01-25','T'),(51,'50 MG','2017-01-25','T'),(52,'80 MG','2017-01-25','T'),(54,'25 MG','2017-01-25','T'),(55,'350 MG','2017-01-25','T'),(57,'30 KG','2017-01-25','T'),(58,'120 ML','2017-01-25','T'),(60,'125 ML','2017-01-25','T'),(61,'6 OZ','2017-01-25','T'),(62,'3/8','2017-01-25','T'),(63,'5/8','2017-01-25','T'),(64,'1\"','2017-01-25','T'),(65,'2.0MM*4','2017-01-25','T'),(66,'2.5MM*4','2017-01-25','T'),(67,'120 TABLETAS','2017-01-25','T'),(68,'3.0MM*4','2017-01-25','T'),(69,'3.5MM*4','2017-01-25','T'),(70,'4.0MM*4','2017-01-25','T'),(71,'1.2MM','2017-01-25','T'),(72,'1.5MM','2017-01-25','T'),(73,'1.5MM*4','2017-01-25','T'),(74,'3/4','2017-01-25','T'),(75,'XS','2017-01-25','T'),(76,'S','2017-01-25','T'),(77,'M','2017-01-25','T'),(78,'L','2017-01-25','T'),(79,'# 1','2017-01-25','T'),(80,'# 2','2017-01-25','T'),(81,'# 3','2017-01-25','T'),(82,'# 4','2017-01-25','T'),(83,'# 5','2017-01-25','T'),(84,'# 6','2017-01-25','T'),(86,'2.0MM','2017-01-25','T'),(87,'2.5MM','2017-01-25','T'),(88,'1.0MM','2017-01-25','T'),(89,'1.5 MM','2017-01-25','T'),(91,'0.8 MM','2017-01-25','T'),(92,'1.2 MM','2017-01-25','T'),(93,'XL','2017-01-25','T'),(94,'EXS','2017-01-25','T'),(95,'PIWI','2017-01-25','T'),(96,'1/8','2017-01-26','T'),(97,'3/16','2017-01-26','T'),(98,'4.0MM','2017-01-26','T'),(99,'4.0MM*24','2017-01-26','T'),(100,'4.0MM*22','2017-01-26','T'),(101,'4.0MM*20','2017-01-26','T'),(102,'3.0MM*26','2017-01-26','T'),(103,'3.0MM*24','2017-01-26','T'),(104,'3.0MM*22','2017-01-26','T'),(105,'2.MM*14','2017-01-26','T'),(106,'2.0MM*16','2017-01-26','T'),(107,'2.0MM*18','2017-01-26','T'),(108,'2.0MM*20','2017-01-26','T'),(109,'3.0MM*20','2017-01-26','T'),(111,'3.5MM*24','2017-01-26','T'),(112,'4.0MM*28','2017-01-26','T'),(113,'SMALL','2017-01-26','T'),(114,'LARGE','2017-01-26','T'),(115,'4 OZ','2017-01-26','T'),(116,'3 KG','2017-01-26','T'),(117,'10 LBS','2017-01-26','T'),(118,'19*12.6*10','2017-01-26','T'),(119,'15 LBS','2017-01-26','T'),(120,'XSMALL','2017-01-26','T'),(121,'20.1*15.6*7.5','2017-01-26','T'),(122,'1/2 PINTA','2017-01-26','T'),(123,'1 PINTA','2017-01-26','T'),(124,'1 QT','2017-01-26','T'),(125,'2 QT','2017-01-26','T'),(126,'5 QT','2017-01-26','T'),(127,'8 OZ','2017-01-26','T'),(129,'24 OZ','2017-01-26','T'),(130,'32 OZ','2017-01-26','T'),(131,'64 OZ','2017-01-26','T'),(132,'96 OZ','2017-01-26','T'),(133,'2.5 OZ','2017-01-26','T'),(134,'7.25 OZ','2017-01-26','T'),(135,'3 PIEZAS','2017-01-26','T'),(137,'6 UNIDADES','2017-01-26','T'),(138,'2 UNIDADES','2017-01-26','T'),(139,'5 UNIDADES','2017-01-26','T'),(140,'1 UNIDAD','2017-01-26','T'),(141,'4 UNIDADES','2017-01-26','T'),(143,'3 UNIDADES','2017-01-26','T'),(144,'1 KG','2017-01-26','T'),(146,'7.5 KG','2017-01-26','T'),(147,'15 KG','2017-01-26','T'),(148,'50 LIBRAS','2017-01-26','T'),(149,'8 LIBRAS','2017-01-26','T'),(150,'20 LIBRAS','2017-01-26','T'),(151,'40 LIBRAS','2017-01-26','T'),(152,'25 KG','2017-01-26','T'),(153,'3.5 LIBRAS','2017-01-26','T'),(154,'13.2 OZ','2017-01-26','T'),(155,'5.5 OZ','2017-01-26','T'),(156,'4 PACK','2017-01-26','T'),(157,'AJUSTABLE','2017-01-31','T'),(158,'2.14 ML','2017-01-31','T'),(159,'10MG','2017-03-30','T'),(160,'500 mg','2017-03-30','T'),(161,'250 mg','2017-03-30','T'),(162,'150ML','2017-03-30','T'),(163,'5 ML','2017-03-30','T'),(164,'275 ML','2017-03-30','T'),(166,'20\"','2017-03-30','T'),(167,'15 \"','2017-03-30','T'),(168,'0.67 ML','2017-03-30','T'),(171,'4.02 ML','2017-03-30','T'),(172,'28 G','2017-03-30','T'),(173,'1.94 OZ','2017-03-30','T'),(174,'3.70 OZ','2017-03-30','T'),(175,'0.40 OZ','2017-03-30','T'),(176,'35 G','2017-03-30','T'),(177,'345  G','2017-03-31','T'),(179,'12 OZ','2017-03-31','T'),(181,'4*5 yds','2017-03-31','T'),(182,'3*5 yds','2017-03-31','T'),(183,'10cm*4.5','2017-03-31','T'),(184,'7.5*4.5 YDS','2017-03-31','T'),(185,'10cm*4.5mts','2017-03-31','T'),(187,'20 KG','2017-03-31','T'),(188,'ARECA','2017-03-31','T'),(189,'100 LBS','2017-03-31','T'),(190,'1 LB','2017-03-31','T'),(191,'14.5 OZ','2017-03-31','T'),(192,'13 OZ','2017-04-01','T'),(193,'4.0MM*26','2017-04-03','T'),(194,'2.5MM*18\"','2017-04-03','T'),(195,'2.5MM*20\"','2017-04-03','T'),(196,'1/2\"','2017-04-04','T'),(197,'20 ML','2017-04-05','T'),(198,'0.8MM','2017-04-05','T'),(199,'90 TABLETAS','2017-04-05','T'),(200,'20ML','2017-04-06','T'),(201,'4.5 LBS','2017-05-03','T'),(202,'5 LBS','2017-05-03','T'),(203,'7.5 CM','2017-05-23','T'),(204,'10 CM','2017-05-23','T'),(205,'12.5 CM','2017-05-23','T'),(206,'15 CM','2017-05-23','T'),(207,'20 CM','2017-05-23','T'),(208,'25 CM','2017-05-23','T'),(209,'30 CM','2017-05-23','T');
/*!40000 ALTER TABLE `unidad` ENABLE KEYS */;
UNLOCK TABLES;

--
-- Table structure for table `usuario`
--

DROP TABLE IF EXISTS `usuario`;
/*!40101 SET @saved_cs_client     = @@character_set_client */;
/*!40101 SET character_set_client = utf8 */;
CREATE TABLE `usuario` (
  `idusuario` int(11) NOT NULL AUTO_INCREMENT,
  `Nombre` varchar(100) CHARACTER SET latin1 DEFAULT NULL,
  `Apellido` varchar(100) CHARACTER SET latin1 DEFAULT NULL,
  `nombreusuario` varchar(45) CHARACTER SET latin1 DEFAULT NULL,
  `contrasenia` varchar(45) CHARACTER SET latin1 DEFAULT NULL,
  `fecha` date DEFAULT NULL,
  `estado` char(1) CHARACTER SET latin1 DEFAULT 'T',
  `puesto` varchar(50) CHARACTER SET latin1 DEFAULT NULL,
  PRIMARY KEY (`idusuario`),
  UNIQUE KEY `nombreusuario_UNIQUE` (`nombreusuario`)
) ENGINE=InnoDB AUTO_INCREMENT=16 DEFAULT CHARSET=utf8 COLLATE=utf8_unicode_ci;
/*!40101 SET character_set_client = @saved_cs_client */;

--
-- Dumping data for table `usuario`
--

LOCK TABLES `usuario` WRITE;
/*!40000 ALTER TABLE `usuario` DISABLE KEYS */;
INSERT INTO `usuario` VALUES (13,'Administrador','','admin1','admin1','2016-12-29','T','Administrador'),(14,'Fatima Rodas','','Fatima','julio04','2016-12-29','T','Administrador'),(15,'Juan Miguel Triguero','','Doctor','Doctor','2017-01-25','T','Gerente');
/*!40000 ALTER TABLE `usuario` ENABLE KEYS */;
UNLOCK TABLES;

--
-- Table structure for table `xcobrarclientes`
--

DROP TABLE IF EXISTS `xcobrarclientes`;
/*!40101 SET @saved_cs_client     = @@character_set_client */;
/*!40101 SET character_set_client = utf8 */;
CREATE TABLE `xcobrarclientes` (
  `idxcobrarclientes` int(11) NOT NULL AUTO_INCREMENT,
  `fecha` date DEFAULT NULL,
  `monto` float NOT NULL,
  `tipopago` varchar(20) CHARACTER SET utf8 NOT NULL,
  `salida_idsalida` int(11) NOT NULL,
  `usuario_idusuario` int(11) NOT NULL,
  `observacion` varchar(250) CHARACTER SET utf8 DEFAULT NULL,
  `nsaldoventa` float NOT NULL DEFAULT '0',
  `nsaldototal` float NOT NULL DEFAULT '0',
  `saldointeres` float NOT NULL DEFAULT '0',
  PRIMARY KEY (`idxcobrarclientes`,`salida_idsalida`,`usuario_idusuario`),
  KEY `fk_xcobrarclientes_salida1_idx` (`salida_idsalida`),
  KEY `fk_xcobrarclientes_usuario1_idx` (`usuario_idusuario`),
  CONSTRAINT `fk_xcobrarclientes_salida1` FOREIGN KEY (`salida_idsalida`) REFERENCES `salida` (`idsalida`) ON DELETE NO ACTION ON UPDATE NO ACTION,
  CONSTRAINT `fk_xcobrarclientes_usuario1` FOREIGN KEY (`usuario_idusuario`) REFERENCES `usuario` (`idusuario`) ON DELETE NO ACTION ON UPDATE NO ACTION
) ENGINE=InnoDB DEFAULT CHARSET=utf8 COLLATE=utf8_unicode_ci;
/*!40101 SET character_set_client = @saved_cs_client */;

--
-- Dumping data for table `xcobrarclientes`
--

LOCK TABLES `xcobrarclientes` WRITE;
/*!40000 ALTER TABLE `xcobrarclientes` DISABLE KEYS */;
/*!40000 ALTER TABLE `xcobrarclientes` ENABLE KEYS */;
UNLOCK TABLES;

--
-- Table structure for table `xpagardetalle`
--

DROP TABLE IF EXISTS `xpagardetalle`;
/*!40101 SET @saved_cs_client     = @@character_set_client */;
/*!40101 SET character_set_client = utf8 */;
CREATE TABLE `xpagardetalle` (
  `idxpagardetalle` int(11) NOT NULL AUTO_INCREMENT,
  `fecha` date DEFAULT NULL,
  `monto` float NOT NULL,
  `compra_idcompra` int(11) NOT NULL,
  `usuario_idusuario` int(11) NOT NULL,
  `observacion` varchar(250) CHARACTER SET latin1 DEFAULT NULL,
  PRIMARY KEY (`idxpagardetalle`,`compra_idcompra`,`usuario_idusuario`),
  KEY `fk_xpagardetalle_compra1_idx` (`compra_idcompra`),
  KEY `fk_xpagardetalle_usuario1_idx` (`usuario_idusuario`),
  CONSTRAINT `fk_xpagardetalle_compra1` FOREIGN KEY (`compra_idcompra`) REFERENCES `compra` (`idcompra`) ON DELETE NO ACTION ON UPDATE NO ACTION,
  CONSTRAINT `fk_xpagardetalle_usuario1` FOREIGN KEY (`usuario_idusuario`) REFERENCES `usuario` (`idusuario`) ON DELETE NO ACTION ON UPDATE NO ACTION
) ENGINE=InnoDB DEFAULT CHARSET=utf8 COLLATE=utf8_unicode_ci;
/*!40101 SET character_set_client = @saved_cs_client */;

--
-- Dumping data for table `xpagardetalle`
--

LOCK TABLES `xpagardetalle` WRITE;
/*!40000 ALTER TABLE `xpagardetalle` DISABLE KEYS */;
/*!40000 ALTER TABLE `xpagardetalle` ENABLE KEYS */;
UNLOCK TABLES;
/*!40103 SET TIME_ZONE=@OLD_TIME_ZONE */;

/*!40101 SET SQL_MODE=@OLD_SQL_MODE */;
/*!40014 SET FOREIGN_KEY_CHECKS=@OLD_FOREIGN_KEY_CHECKS */;
/*!40014 SET UNIQUE_CHECKS=@OLD_UNIQUE_CHECKS */;
/*!40101 SET CHARACTER_SET_CLIENT=@OLD_CHARACTER_SET_CLIENT */;
/*!40101 SET CHARACTER_SET_RESULTS=@OLD_CHARACTER_SET_RESULTS */;
/*!40101 SET COLLATION_CONNECTION=@OLD_COLLATION_CONNECTION */;
/*!40111 SET SQL_NOTES=@OLD_SQL_NOTES */;

-- Dump completed on 2017-07-28 11:30:58
